/*
Navicat MySQL Data Transfer

Source Server         : localhost
Source Server Version : 50534
Source Host           : localhost:3306
Source Database       : erp_laravel

Target Server Type    : MYSQL
Target Server Version : 50534
File Encoding         : 65001

Date: 2015-06-14 09:15:13
*/

SET FOREIGN_KEY_CHECKS=0;

-- ----------------------------
-- Table structure for detalle_pedido
-- ----------------------------
DROP TABLE IF EXISTS `detalle_pedido`;
CREATE TABLE `detalle_pedido` (
  `id` int(11) NOT NULL,
  `pedido_id` int(11) DEFAULT NULL,
  `producto_id` int(11) DEFAULT NULL,
  `cantidad` int(11) DEFAULT NULL,
  `faltante` int(11) DEFAULT NULL,
  `updated_at` varchar(50) DEFAULT NULL,
  `created_at` varchar(50) DEFAULT NULL,
  PRIMARY KEY (`id`),
  KEY `idPedido` (`pedido_id`),
  KEY `idProducto` (`producto_id`),
  CONSTRAINT `detalle_pedido_ibfk_1` FOREIGN KEY (`producto_id`) REFERENCES `productos` (`id`),
  CONSTRAINT `detalle_pedido_ibfk_2` FOREIGN KEY (`pedido_id`) REFERENCES `pedidos` (`id`)
) ENGINE=InnoDB DEFAULT CHARSET=latin1;

-- ----------------------------
-- Records of detalle_pedido
-- ----------------------------
INSERT INTO `detalle_pedido` VALUES ('1', '3', '75', '2', null, '2014-11-29 02:02:10.000', '2014-11-29 02:02:10.000');
INSERT INTO `detalle_pedido` VALUES ('2', '3', '115', '5', null, '2014-11-29 02:02:10.000', '2014-11-29 02:02:10.000');
INSERT INTO `detalle_pedido` VALUES ('3', '4', '80', '2', null, '2014-11-29 02:18:57.000', '2014-11-29 02:18:57.000');
INSERT INTO `detalle_pedido` VALUES ('4', '4', '108', '5', null, '2014-11-29 02:18:57.000', '2014-11-29 02:18:57.000');
INSERT INTO `detalle_pedido` VALUES ('5', '5', '76', '10', null, '2014-12-13 20:06:43.000', '2014-12-13 20:06:43.000');
INSERT INTO `detalle_pedido` VALUES ('6', '6', '45', '20', null, '2014-12-13 20:09:00.000', '2014-12-13 20:09:00.000');

-- ----------------------------
-- Table structure for pedidos
-- ----------------------------
DROP TABLE IF EXISTS `pedidos`;
CREATE TABLE `pedidos` (
  `id` int(11) NOT NULL,
  `user` varchar(50) DEFAULT NULL,
  `created_at` varchar(50) DEFAULT NULL,
  `updated_at` varchar(50) DEFAULT NULL,
  PRIMARY KEY (`id`)
) ENGINE=InnoDB DEFAULT CHARSET=latin1;

-- ----------------------------
-- Records of pedidos
-- ----------------------------
INSERT INTO `pedidos` VALUES ('3', 'mario', '2014-11-29 02:02:10.000', '2014-11-29 02:02:10.000');
INSERT INTO `pedidos` VALUES ('4', 'mario', '2014-11-29 02:18:57.000', '2014-11-29 02:18:57.000');
INSERT INTO `pedidos` VALUES ('5', null, '2014-12-13 20:06:43.000', '2014-12-13 20:06:43.000');
INSERT INTO `pedidos` VALUES ('6', null, '2014-12-13 20:09:00.000', '2014-12-13 20:09:00.000');

-- ----------------------------
-- Table structure for productos
-- ----------------------------
DROP TABLE IF EXISTS `productos`;
CREATE TABLE `productos` (
  `id` int(11) NOT NULL,
  `descripcion` varchar(255) DEFAULT NULL,
  `tm` char(2) DEFAULT NULL,
  `precio` decimal(10,2) DEFAULT NULL,
  `proveedor` varchar(200) DEFAULT NULL,
  `famila` varchar(150) DEFAULT NULL,
  `subfamilia` varchar(150) DEFAULT NULL,
  `descuento` int(11) DEFAULT NULL,
  `cola` int(11) DEFAULT NULL,
  `stockVirtual` int(11) DEFAULT NULL,
  `stockReal` int(11) DEFAULT NULL,
  `proveedor_id` int(11) DEFAULT NULL,
  `almacen` varchar(50) DEFAULT NULL,
  `stock` int(11) DEFAULT NULL,
  `ubicacion` varchar(100) DEFAULT NULL,
  `stock2` int(11) DEFAULT NULL,
  `ubicacion2` varchar(100) DEFAULT NULL,
  `stoc91` int(11) DEFAULT NULL,
  `ubicacion91` varchar(100) DEFAULT NULL,
  `updated_at` varchar(50) DEFAULT NULL,
  `created_at` varchar(50) DEFAULT NULL,
  PRIMARY KEY (`id`),
  KEY `cod` (`id`),
  KEY `codproveedor` (`proveedor_id`),
  KEY `ubicacion` (`ubicacion`),
  CONSTRAINT `productos_ibfk_1` FOREIGN KEY (`proveedor_id`) REFERENCES `proveedores` (`id`)
) ENGINE=InnoDB DEFAULT CHARSET=latin1;

-- ----------------------------
-- Records of productos
-- ----------------------------
INSERT INTO `productos` VALUES ('40', 'ZENSEX RETARDANTE (3UND)', 'NS', '4.13', 'DROKASA PERU S.A.', 'HIGIENE PERSONAL', 'PRESERVATIVOS', '10', '14', null, '100', '10010', 'Almacen01', '100', '01.A.a.1', '0', null, '0', null, null, null);
INSERT INTO `productos` VALUES ('41', 'ZENSEX ULTRA FORTE (SEGURO) (3UND)', 'NS', '4.13', 'DROKASA PERU S.A.', 'HIGIENE PERSONAL', 'PRESERVATIVOS', '10', '3', null, '100', '10010', 'Almacen01', '100', '01.A.a.1', '0', null, '0', null, null, null);
INSERT INTO `productos` VALUES ('43', 'ZENSEX EXTREME DOTTED (ESPUELAS) (3UND)', 'NS', '4.13', 'DROKASA PERU S.A.', 'HIGIENE PERSONAL', 'PRESERVATIVOS', '10', '9', null, '100', '10010', 'Almacen01', '100', '01.A.a.1', '0', null, '0', null, null, null);
INSERT INTO `productos` VALUES ('44', 'ZENSEX SUPER THIN (DELGADO) (3UND)', 'NS', '4.13', 'DROKASA PERU S.A.', 'HIGIENE PERSONAL', 'PRESERVATIVOS', '10', '0', null, '100', '10010', 'Almacen01', '100', '01.A.a.1', '0', null, '0', null, null, null);
INSERT INTO `productos` VALUES ('45', 'ZENSEX CLASICC (CLASICO) (3UND)', 'NS', '4.13', 'DROKASA PERU S.A.', 'HIGIENE PERSONAL', 'PRESERVATIVOS', '10', '0', null, '100', '10010', 'Almacen01', '100', '01.A.a.1', '0', null, '0', null, null, null);
INSERT INTO `productos` VALUES ('75', 'GLORIA YOGURT Kg DURAZNO (1KG)', 'NS', '4.76', 'GLORIA S.A.', 'BEBIDAS', 'YOGURT', '10', '0', null, '100', '10430', 'Almacen01', '100', '01.A.a.1', '0', null, '0', null, null, null);
INSERT INTO `productos` VALUES ('76', 'GLORIA YOGURT Kg FRESA (1KG)', 'NS', '4.76', 'GLORIA S.A.', 'BEBIDAS', 'YOGURT', '10', '0', null, '100', '10430', 'Almacen01', '100', '01.A.a.1', '0', null, '0', null, null, null);
INSERT INTO `productos` VALUES ('77', 'GLORIA YOGURT Kg GUANABANA (1KG)', 'NS', '4.76', 'GLORIA S.A.', 'BEBIDAS', 'YOGURT', '10', '100', null, '100', '10430', 'Almacen01', '100', '01.A.a.1', '0', null, '0', null, null, null);
INSERT INTO `productos` VALUES ('79', 'GLORIA YOGURT Kg LUCUMA (1KG)', 'NS', '4.76', 'GLORIA S.A.', 'BEBIDAS', 'YOGURT', '10', '100', null, '100', '10430', 'Almacen01', '100', '01.A.a.1', '0', null, '0', null, null, null);
INSERT INTO `productos` VALUES ('80', 'GLORIA YOGURT Kg NATURAL (1KG)', 'NS', '4.76', 'GLORIA S.A.', 'BEBIDAS', 'YOGURT', '10', '0', null, '100', '10430', 'Almacen01', '100', '01.A.a.1', '0', null, '0', null, null, null);
INSERT INTO `productos` VALUES ('81', 'GLORIA YOGURT Kg VAINILLA FRANCESA (1KG)', 'NS', '4.76', 'GLORIA S.A.', 'BEBIDAS', 'YOGURT', '10', '0', null, '100', '10430', 'Almacen01', '100', '01.A.a.1', '0', null, '0', null, null, null);
INSERT INTO `productos` VALUES ('82', 'GLORIA YOGURT Kg LIGHT FRESA (1KG)', 'NS', '4.76', 'GLORIA S.A.', 'BEBIDAS', 'YOGURT', '10', '0', null, '100', '10430', 'Almacen01', '100', '01.A.a.1', '0', null, '0', null, null, null);
INSERT INTO `productos` VALUES ('83', 'GLORIA YOGURT Kg LIGHT VAINILLA (1KG)', 'NS', '4.76', 'GLORIA S.A.', 'BEBIDAS', 'YOGURT', '10', '0', null, '100', '10430', 'Almacen01', '100', '01.A.a.1', '0', null, '0', null, null, null);
INSERT INTO `productos` VALUES ('89', 'ADAMS TRIDENT SPLASH MENTA VAINILLA (10x14.4GR)', 'NS', '16.83', 'KRAFT FOODS PERU S.A.', 'GOLOSINAS', 'GOMA DE MASCAR', '10', '0', null, '100', '10134', 'Almacen01', '100', '01.A.a.1', '0', null, '0', null, null, null);
INSERT INTO `productos` VALUES ('108', 'GLORIA QUESO BONLE FUNDIDO CHEDDAR X 8 (136GR)', 'NS', '3.83', 'GLORIA S.A.', 'ALIMENTOS ENVASADOS', 'LACTEOS', '10', '0', null, '100', '10430', 'Almacen01', '100', '01.A.a.1', '0', null, '0', null, null, null);
INSERT INTO `productos` VALUES ('115', 'CALIFORNIA SCENTS COOL GEL AROMATIZANTE (70GR)', 'NS', '11.47', 'BERGELUND S.A.C.', 'HIGIENE AMBIENTAL', 'AMBIENTADORES', '10', '0', null, '100', '11092', 'Almacen01', '100', '01.A.a.1', '0', null, '0', null, null, null);
INSERT INTO `productos` VALUES ('116', 'CALIFORNIA SCENTS CAR AROMATIZANTE (42GR)', 'NS', '11.47', 'BERGELUND S.A.C.', 'HIGIENE AMBIENTAL', 'AMBIENTADORES', '10', '0', null, '100', '11092', 'Almacen01', '100', '01.A.a.1', '0', null, '0', null, null, null);
INSERT INTO `productos` VALUES ('119', 'CALIFORNIA PALMS AIR FRESHENER VAINILLA (1UND)', 'NS', '3.22', 'BERGELUND S.A.C.', 'HIGIENE AMBIENTAL', 'AMBIENTADORES', '10', '0', null, '100', '11092', 'Almacen01', '100', '01.A.a.1', '0', null, '0', null, null, null);
INSERT INTO `productos` VALUES ('133', 'NESTLE HUEVO DE PASCUA LENTEJAS (40x20.7GR)', 'NS', '48.14', 'NESTLE PERU S.A.', 'GOLOSINAS', 'CHOCOLATES', '10', '0', null, '100', '10902', 'Almacen01', '100', '01.A.a.1', '0', null, '0', null, null, null);
INSERT INTO `productos` VALUES ('134', 'NESTLE HUEVO DE PASCUA SUBLIME (40x21GR)', 'NS', '48.14', 'NESTLE PERU S.A.', 'GOLOSINAS', 'CHOCOLATES', '10', '0', null, '100', '10902', 'Almacen01', '100', '01.A.a.1', '0', null, '0', null, null, null);
INSERT INTO `productos` VALUES ('143', 'HUEVO PAÑUELO DISNEY AMBROSOLI (124GR)', 'NS', '10.81', 'MOLITALIA S.A.', 'GOLOSINAS', 'CHOCOLATES', '10', '0', null, '100', '10139', 'Almacen01', '100', '01.A.a.1', '0', null, '0', null, null, null);
INSERT INTO `productos` VALUES ('144', 'HUEVO PAÑUELO PRINCESA AMBROSOLI (124GR)', 'NS', '10.81', 'MOLITALIA S.A.', 'GOLOSINAS', 'CHOCOLATES', '10', '0', null, '100', '10139', 'Almacen01', '100', '01.A.a.1', '0', null, '0', null, null, null);
INSERT INTO `productos` VALUES ('148', 'COSTA BITTER (80GR)', 'NS', '5.46', 'MOLITALIA S.A.', 'GOLOSINAS', 'CHOCOLATES', '10', '0', null, '100', '10139', 'Almacen01', '100', '01.A.a.1', '0', null, '0', null, null, null);
INSERT INTO `productos` VALUES ('150', 'MR. CHIPS CAMOTES NATIVOS (38GR)', 'NS', '0.86', 'DEPRODECA SAC', 'SNACKS', 'SNACKS', '10', '0', null, '100', '10520', 'Almacen01', '100', '01.A.a.1', '0', null, '0', null, null, null);
INSERT INTO `productos` VALUES ('151', 'MR. CHIPS CAMOTES NATIVOS (210GR)', 'NS', '4.56', 'DEPRODECA SAC', 'SNACKS', 'SNACKS', '10', '0', null, '100', '10520', 'Almacen01', '100', '01.A.a.1', '0', null, '0', null, null, null);
INSERT INTO `productos` VALUES ('283', 'LA IBERICA CAJA DE REGALO (210GR)', 'NS', '18.37', 'DISTRIBUIDORA VINUM S.A. - DIVINUM', 'GOLOSINAS', 'BOMBONES', '10', '0', null, '100', '11508', 'Almacen01', '100', '01.A.a.1', '0', null, '0', null, null, null);
INSERT INTO `productos` VALUES ('291', 'BACCI BAG (143GR)', 'NS', '14.86', 'HELENA VENTAS S.A.C', 'GOLOSINAS', 'CHOCOLATES', '10', '0', null, '100', '11154', 'Almacen01', '100', '01.A.a.1', '0', null, '0', null, null, null);
INSERT INTO `productos` VALUES ('292', 'MARVEL HEROES EGG BAG (16UND)', 'NS', '22.89', 'MIKA INVERSIONES S.A.C', 'GOLOSINAS', 'CARAMELOS', '10', '0', null, '100', null, 'Almacen01', '100', '01.A.a.1', '0', null, '0', null, null, null);
INSERT INTO `productos` VALUES ('302', 'LA IBERICA PASTILLAS DE LECHE CJA PREMIUN (250GR)', 'NS', '18.60', 'DISTRIBUIDORA VINUM S.A. - DIVINUM', 'GOLOSINAS', 'CHOCOLATES', '10', '0', null, '100', '11508', 'Almacen01', '100', '01.A.a.1', '0', null, '0', null, null, null);
INSERT INTO `productos` VALUES ('312', 'VIZZIO ESTUCHE COSTA MAMA (156GR)', 'NS', '6.01', 'MOLITALIA S.A.', 'GOLOSINAS', 'CHOCOLATES', '10', '0', null, '100', '10139', 'Almacen01', '100', '01.A.a.1', '0', null, '0', null, null, null);
INSERT INTO `productos` VALUES ('313', 'COSTA MILK (80GR)', 'NS', '5.46', 'MOLITALIA S.A.', 'GOLOSINAS', 'CHOCOLATES', '10', '0', null, '100', '10139', 'Almacen01', '100', '01.A.a.1', '0', null, '0', null, null, null);
INSERT INTO `productos` VALUES ('358', 'FRUNA MASTICRUNH (20x16.2GR)', 'NS', '6.23', 'MOLITALIA S.A.', 'GOLOSINAS', 'FRUNA', '10', '0', null, '100', '10139', 'Almacen01', '100', '01.A.a.1', '0', null, '0', null, null, null);
INSERT INTO `productos` VALUES ('360', 'NESTLE MANJAR (1KG)', 'NS', '12.84', 'NESTLE PERU S.A.', 'ALIMENTOS ENVASADOS', 'LACTEOS', '10', '0', null, '100', '10902', 'Almacen01', '100', '01.A.a.1', '0', null, '0', null, null, null);
INSERT INTO `productos` VALUES ('366', 'INSTANT CLEAN GEL ANTIBACTERIAL ALOE VERA (100ML)', 'NS', '6.78', 'BERGELUND S.A.C.', 'HIGIENE PERSONAL', 'GEL ANTIBATERIAL', '10', '0', null, '100', '11092', 'Almacen01', '100', '01.A.a.1', '0', null, '0', null, null, null);
INSERT INTO `productos` VALUES ('367', 'INSTANT CLEAN GEL ANTIBACTERIAL BEBE (100ML)', 'NS', '6.78', 'BERGELUND S.A.C.', 'HIGIENE PERSONAL', 'GEL ANTIBATERIAL', '10', '0', null, '100', '11092', 'Almacen01', '100', '01.A.a.1', '0', null, '0', null, null, null);
INSERT INTO `productos` VALUES ('379', 'CALIFORNIA PALMS AIR FRESHENER CHERRY (1UND)', 'NS', '3.22', 'BERGELUND S.A.C.', 'HIGIENE AMBIENTAL', 'AMBIENTADORES', '10', '0', null, '100', '11092', 'Almacen01', '100', '01.A.a.1', '0', null, '0', null, null, null);
INSERT INTO `productos` VALUES ('380', 'CALIFORNIA PALMS AIR FRESHENER BREEZE (1UND)', 'NS', '3.22', 'BERGELUND S.A.C.', 'HIGIENE AMBIENTAL', 'AMBIENTADORES', '10', '0', null, '100', '11092', 'Almacen01', '100', '01.A.a.1', '0', null, '0', null, null, null);
INSERT INTO `productos` VALUES ('381', 'CALIFORNIA PALMS AIR FRESHENER COCONUT (1UND)', 'NS', '3.22', 'BERGELUND S.A.C.', 'HIGIENE AMBIENTAL', 'AMBIENTADORES', '10', '0', null, '100', '11092', 'Almacen01', '100', '01.A.a.1', '0', null, '0', null, null, null);
INSERT INTO `productos` VALUES ('401', 'HELENA TEJAS X UNIDAD PECANA (1UND)', 'NS', '2.54', 'HELENA VENTAS S.A.C', 'GOLOSINAS', 'CHOCOLATES', '10', '0', null, '100', '11154', 'Almacen01', '100', '01.A.a.1', '0', null, '0', null, null, null);
INSERT INTO `productos` VALUES ('402', 'HELENA TEJAS X UNIDAD LIMON (1UND)', 'NS', '2.54', 'HELENA VENTAS S.A.C', 'GOLOSINAS', 'CHOCOLATES', '10', '0', null, '100', '11154', 'Almacen01', '100', '01.A.a.1', '0', null, '0', null, null, null);
INSERT INTO `productos` VALUES ('403', 'HELENA CHOCOTEJAS GINDON (1UND)', 'NS', '2.54', 'HELENA VENTAS S.A.C', 'GOLOSINAS', 'CHOCOLATES', '10', '0', null, '100', '11154', 'Almacen01', '100', '01.A.a.1', '0', null, '0', null, null, null);
INSERT INTO `productos` VALUES ('404', 'HELENA CHOCOTEJAS PASAS BORRACHAS (1UND)', 'NS', '2.54', 'HELENA VENTAS S.A.C', 'GOLOSINAS', 'CHOCOLATES', '10', '0', null, '100', '11154', 'Almacen01', '100', '01.A.a.1', '0', null, '0', null, null, null);
INSERT INTO `productos` VALUES ('405', 'HELENA CHOCOTEJAS CASTAÑAS (1UND)', 'NS', '2.54', 'HELENA VENTAS S.A.C', 'GOLOSINAS', 'CHOCOLATES', '10', '0', null, '100', '11154', 'Almacen01', '100', '01.A.a.1', '0', null, '0', null, null, null);
INSERT INTO `productos` VALUES ('406', 'HELENA CHOCOTEJAS NARANJA (1UND)', 'NS', '2.54', 'HELENA VENTAS S.A.C', 'GOLOSINAS', 'CHOCOLATES', '10', '0', null, '100', '11154', 'Almacen01', '100', '01.A.a.1', '0', null, '0', null, null, null);
INSERT INTO `productos` VALUES ('415', 'CRICKETS CHIPS MIX (80GR)', 'NS', '1.69', 'INDUSTRIAS AGRICOLAS SRL', 'SNACKS', 'SNACKS', '10', '0', null, '100', '10569', 'Almacen01', '100', '01.A.a.1', '0', null, '0', null, null, null);
INSERT INTO `productos` VALUES ('599', 'NESTLE MANJAR (500GR)', 'NS', '6.67', 'NESTLE PERU S.A.', 'ALIMENTOS ENVASADOS', 'LACTEOS', '10', '0', null, '100', '10902', 'Almacen01', '100', '01.A.a.1', '0', null, '0', null, null, null);
INSERT INTO `productos` VALUES ('601', 'NESCAFE FINA SELECCION FRASCO (100GR)', 'NS', '11.54', 'NESTLE PERU S.A.', 'ALIMENTOS ENVASADOS', 'CAFÉ', '10', '0', null, '100', '10902', 'Almacen01', '100', '01.A.a.1', '0', null, '0', null, null, null);
INSERT INTO `productos` VALUES ('609', 'DON VICTORIO TORNILLO (250GR)', 'NS', '1.15', 'ALICORP S.A', 'FIDEOS Y PASTAS', 'FIDEOS Y PASTAS', '10', '0', null, '100', '10015', 'Almacen01', '100', '01.A.a.1', '0', null, '0', null, null, null);
INSERT INTO `productos` VALUES ('611', 'PLANTERS MIXED NUTS SALTED (292GR)', 'NS', '18.96', 'KRAFT FOODS PERU S.A.', 'SNACKS', 'SNACKS', '10', '0', null, '100', '10134', 'Almacen01', '100', '01.A.a.1', '0', null, '0', null, null, null);
INSERT INTO `productos` VALUES ('612', 'PACK NAVIDEÑO (270GR)', 'NS', '4.54', 'MOLITALIA S.A.', 'GOLOSINAS', 'CHOCOLATES', '10', '0', null, '100', '10139', 'Almacen01', '100', '01.A.a.1', '0', null, '0', null, null, null);
INSERT INTO `productos` VALUES ('647', 'ADAMS TRIDENT SENSATIONS FRESA (12x16.8GR)', 'NS', '20.17', 'KRAFT FOODS PERU S.A.', 'GOLOSINAS', 'GOMA DE MASCAR', '10', '0', null, '100', '10134', 'Almacen01', '100', '01.A.a.1', '0', null, '0', null, null, null);
INSERT INTO `productos` VALUES ('648', 'ADAMS TRIDENT SENSATIONS MANZANA (12x16.8GR)', 'NS', '20.17', 'KRAFT FOODS PERU S.A.', 'GOLOSINAS', 'GOMA DE MASCAR', '10', '0', null, '100', '10134', 'Almacen01', '100', '01.A.a.1', '0', null, '0', null, null, null);
INSERT INTO `productos` VALUES ('661', 'ANGEL BREAK MANI Y PASAS (22GR)', 'NS', '0.42', 'AXUR S.A.', 'ALIMENTOS ENVASADOS', 'CEREALES', '10', '0', null, '100', '10137', 'Almacen01', '100', '01.A.a.1', '0', null, '0', null, null, null);
INSERT INTO `productos` VALUES ('662', 'ANGEL BREAK CRANBERRY (22GR)', 'NS', '0.42', 'AXUR S.A.', 'ALIMENTOS ENVASADOS', 'CEREALES', '10', '0', null, '100', '10137', 'Almacen01', '100', '01.A.a.1', '0', null, '0', null, null, null);
INSERT INTO `productos` VALUES ('663', 'ANGEL BREAK CHOCLATE CHIPS (22GR)', 'NS', '0.42', 'AXUR S.A.', 'ALIMENTOS ENVASADOS', 'CEREALES', '10', '0', null, '100', '10137', 'Almacen01', '100', '01.A.a.1', '0', null, '0', null, null, null);
INSERT INTO `productos` VALUES ('664', 'ANGEL BREAK VAINILLA (22GR)', 'NS', '0.42', 'AXUR S.A.', 'ALIMENTOS ENVASADOS', 'CEREALES', '10', '0', null, '100', '10137', 'Almacen01', '100', '01.A.a.1', '0', null, '0', null, null, null);
INSERT INTO `productos` VALUES ('668', 'CASINO CHOCOLATE-LUCUMA  VICTORIA (6x51GR)', 'NS', '3.24', 'ALICORP S.A', 'GOLOSINAS', 'GALLETAS', '10', '0', null, '100', '10015', 'Almacen01', '100', '01.A.a.1', '0', null, '0', null, null, null);
INSERT INTO `productos` VALUES ('669', 'DOBLE TENTACION VAINILLA VICTORIA (6x40GR)', 'NS', '3.32', 'ALICORP S.A', 'GOLOSINAS', 'GALLETAS', '10', '0', null, '100', '10015', 'Almacen01', '100', '01.A.a.1', '0', null, '0', null, null, null);
INSERT INTO `productos` VALUES ('670', 'DOBLE TENTACION CHOCOLATE VICTORIA (6x40GR)', 'NS', '3.32', 'ALICORP S.A', 'GOLOSINAS', 'GALLETAS', '10', '0', null, '100', '10015', 'Almacen01', '100', '01.A.a.1', '0', null, '0', null, null, null);
INSERT INTO `productos` VALUES ('673', 'NEGRITA MAZAMORA MORADA (200GR)', 'NS', '2.16', 'ALICORP S.A', 'ALIMENTOS ENVASADOS', 'GELATINA', '10', '0', null, '100', '10015', 'Almacen01', '100', '01.A.a.1', '0', null, '0', null, null, null);
INSERT INTO `productos` VALUES ('676', 'NEGRITA FLAN (100GR)', 'NS', '1.56', 'ALICORP S.A', 'ALIMENTOS ENVASADOS', 'GELATINA', '10', '0', null, '100', '10015', 'Almacen01', '100', '01.A.a.1', '0', null, '0', null, null, null);
INSERT INTO `productos` VALUES ('687', 'NESTLE LECHE IDEAL AMANECER (400GR)', 'NS', '2.08', 'NESTLE PERU S.A.', 'ALIMENTOS ENVASADOS', 'LACTEOS', '10', '0', null, '100', '10902', 'Almacen01', '100', '01.A.a.1', '0', null, '0', null, null, null);
INSERT INTO `productos` VALUES ('694', 'WAFER DIA CHOCOLATE (4x78GR)', 'NS', '3.33', 'ALICORP S.A', 'GOLOSINAS', 'WAFFERS', '10', '0', null, '100', '10015', 'Almacen01', '100', '01.A.a.1', '0', null, '0', null, null, null);
INSERT INTO `productos` VALUES ('695', 'WAFER DIA FRESA (4x78GR)', 'NS', '3.33', 'ALICORP S.A', 'GOLOSINAS', 'WAFFERS', '10', '0', null, '100', '10015', 'Almacen01', '100', '01.A.a.1', '0', null, '0', null, null, null);
INSERT INTO `productos` VALUES ('696', 'WAFER DIA VAINILLA (4x78GR)', 'NS', '3.33', 'ALICORP S.A', 'GOLOSINAS', 'WAFFERS', '10', '0', null, '100', '10015', 'Almacen01', '100', '01.A.a.1', '0', null, '0', null, null, null);
INSERT INTO `productos` VALUES ('707', 'TIC TAC CHERRY PASSION (12x16GR)', 'NS', '10.46', 'KING DAVID DELICATESSES DEL PERU S.A.C', 'GOLOSINAS', 'CARAMELOS', '10', '0', null, '100', '11212', 'Almacen01', '100', '01.A.a.1', '0', null, '0', null, null, null);
INSERT INTO `productos` VALUES ('715', 'OLEGO BOLSA GRANDE BABY07-11 (8UND)', 'US', '4.24', 'ALESA BUSINESS S.A.C.', 'LIBRERIA', 'MISCELANEA', '10', '0', null, '100', '12103', 'Almacen01', '100', '01.A.a.1', '0', null, '0', null, null, null);
INSERT INTO `productos` VALUES ('716', 'OLEGO BOLSA GRANDE PART04-11 (8UND)', 'US', '4.24', 'ALESA BUSINESS S.A.C.', 'LIBRERIA', 'MISCELANEA', '10', '0', null, '100', '12103', 'Almacen01', '100', '01.A.a.1', '0', null, '0', null, null, null);
INSERT INTO `productos` VALUES ('717', 'OLEGO BOLSA GRANDE TOCA01-11 (8UND)', 'US', '4.24', 'ALESA BUSINESS S.A.C.', 'LIBRERIA', 'MISCELANEA', '10', '0', null, '100', '12103', 'Almacen01', '100', '01.A.a.1', '0', null, '0', null, null, null);
INSERT INTO `productos` VALUES ('721', 'OLEGO BOLSA MEDIANA BABY06-11 (8UND)', 'US', '2.42', 'ALESA BUSINESS S.A.C.', 'LIBRERIA', 'MISCELANEA', '10', '0', null, '100', '12103', 'Almacen01', '100', '01.A.a.1', '0', null, '0', null, null, null);
INSERT INTO `productos` VALUES ('723', 'OLEGO BOLSA MEDIANA PART08-11 (8UND)', 'US', '2.42', 'ALESA BUSINESS S.A.C.', 'LIBRERIA', 'MISCELANEA', '10', '0', null, '100', '12103', 'Almacen01', '100', '01.A.a.1', '0', null, '0', null, null, null);
INSERT INTO `productos` VALUES ('724', 'OLEGO BOLSA MEDIANA CHRI01-11 (16UND)', 'US', '4.84', 'ALESA BUSINESS S.A.C.', 'LIBRERIA', 'MISCELANEA', '10', '0', null, '100', '12103', 'Almacen01', '100', '01.A.a.1', '0', null, '0', null, null, null);
INSERT INTO `productos` VALUES ('726', 'OLEGO BOLSA GRANDE CHRI01-11 (16UND)', 'US', '8.47', 'ALESA BUSINESS S.A.C.', 'LIBRERIA', 'MISCELANEA', '10', '0', null, '100', '12103', 'Almacen01', '100', '01.A.a.1', '0', null, '0', null, null, null);
INSERT INTO `productos` VALUES ('727', 'OLEGO BOLSA MEDIANA CHRI02-11 (16UND)', 'US', '4.84', 'ALESA BUSINESS S.A.C.', 'LIBRERIA', 'MISCELANEA', '10', '0', null, '100', '12103', 'Almacen01', '100', '01.A.a.1', '0', null, '0', null, null, null);
INSERT INTO `productos` VALUES ('728', 'OLEGO BOLSA GRANDE CHRI02-11 (16UND)', 'US', '8.47', 'ALESA BUSINESS S.A.C.', 'LIBRERIA', 'MISCELANEA', '10', '0', null, '100', '12103', 'Almacen01', '100', '01.A.a.1', '0', null, '0', null, null, null);
INSERT INTO `productos` VALUES ('735', 'OLEGO VASO 7\" DE PLASTICO AZUL (10UND)', 'US', '0.54', 'ALESA BUSINESS S.A.C.', 'LIBRERIA', 'MISCELANEA', '10', '0', null, '100', '12103', 'Almacen01', '100', '01.A.a.1', '0', null, '0', null, null, null);
INSERT INTO `productos` VALUES ('750', 'OLEGO VELA ? AZUL (1UND)', 'US', '0.26', 'ALESA BUSINESS S.A.C.', 'LIBRERIA', 'MISCELANEA', '10', '0', null, '100', '12103', 'Almacen01', '100', '01.A.a.1', '0', null, '0', null, null, null);
INSERT INTO `productos` VALUES ('751', 'OLEGO VELA ? ROSADA (1UND)', 'US', '0.26', 'ALESA BUSINESS S.A.C.', 'LIBRERIA', 'MISCELANEA', '10', '0', null, '100', '12103', 'Almacen01', '100', '01.A.a.1', '0', null, '0', null, null, null);
INSERT INTO `productos` VALUES ('757', 'FERRERO NOGGY T36 VASO (150GR)', 'NS', '8.92', 'KING DAVID DELICATESSES DEL PERU S.A.C', 'GOLOSINAS', 'CHOCOLATES', '10', '0', null, '100', '11212', 'Almacen01', '100', '01.A.a.1', '0', null, '0', null, null, null);
INSERT INTO `productos` VALUES ('765', 'DKASA PAÑO MULTIUSO 6+1 (1UND)', 'NS', '8.51', 'DROKASA PERU S.A.', 'ARTICULOS DE LIMPIEZA', 'HOGAR', '10', '0', null, '100', '10010', 'Almacen01', '100', '01.A.a.1', '0', null, '0', null, null, null);
INSERT INTO `productos` VALUES ('766', 'DKASA PAÑO ESPONJA 3+1 (1UND)', 'NS', '4.74', 'DROKASA PERU S.A.', 'ARTICULOS DE LIMPIEZA', 'HOGAR', '10', '0', null, '100', '10010', 'Almacen01', '100', '01.A.a.1', '0', null, '0', null, null, null);
INSERT INTO `productos` VALUES ('773', 'DKASA MOPA ALGODÓN BLANCO C/P (1UND)', 'NS', '7.46', 'DROKASA PERU S.A.', 'ARTICULOS DE LIMPIEZA', 'HOGAR', '10', '0', null, '100', '10010', 'Almacen01', '100', '01.A.a.1', '0', null, '0', null, null, null);
INSERT INTO `productos` VALUES ('801', 'OLEGO PLATO OVALADO COLOR AMARILLO (10UND)', 'US', '2.81', 'ALESA BUSINESS S.A.C.', 'LIBRERIA', 'MISCELANEA', '10', '0', null, '100', '12103', 'Almacen01', '100', '01.A.a.1', '0', null, '0', null, null, null);
INSERT INTO `productos` VALUES ('802', 'OLEGO PLATO OVALADO COLOR ZAUL (10UND)', 'US', '2.81', 'ALESA BUSINESS S.A.C.', 'LIBRERIA', 'MISCELANEA', '10', '0', null, '100', '12103', 'Almacen01', '100', '01.A.a.1', '0', null, '0', null, null, null);
INSERT INTO `productos` VALUES ('803', 'OLEGO PLATO OVALADO COLOR BLANCO (10UND)', 'US', '2.81', 'ALESA BUSINESS S.A.C.', 'LIBRERIA', 'MISCELANEA', '10', '0', null, '100', '12103', 'Almacen01', '100', '01.A.a.1', '0', null, '0', null, null, null);
INSERT INTO `productos` VALUES ('804', 'OLEGO PLATO OVALADO COLOR FUCSIA (10UND)', 'US', '2.81', 'ALESA BUSINESS S.A.C.', 'LIBRERIA', 'MISCELANEA', '10', '0', null, '100', '12103', 'Almacen01', '100', '01.A.a.1', '0', null, '0', null, null, null);
INSERT INTO `productos` VALUES ('811', 'LA IBERICA TOFFEES SURTIDO PREMIUM (250GR)', 'NS', '14.45', 'DISTRIBUIDORA VINUM S.A. - DIVINUM', 'GOLOSINAS', 'CHOCOLATES', '10', '0', null, '100', '11508', 'Almacen01', '100', '01.A.a.1', '0', null, '0', null, null, null);
INSERT INTO `productos` VALUES ('813', 'CHOCMAN BLACK COSTA (6x33.5GR)', 'NS', '2.84', 'MOLITALIA S.A.', 'GOLOSINAS', 'CHOCOLATES', '10', '0', null, '100', '10139', 'Almacen01', '100', '01.A.a.1', '0', null, '0', null, null, null);
INSERT INTO `productos` VALUES ('824', 'COSTA GALLETA MANJAR PRINCESA DISNEY (6x32GR)', 'NS', '2.68', 'MOLITALIA S.A.', 'GOLOSINAS', 'GALLETAS', '10', '0', null, '100', '10139', 'Almacen01', '100', '01.A.a.1', '0', null, '0', null, null, null);
INSERT INTO `productos` VALUES ('828', 'FANNY MERMELADA CHISGUETE FRESA (230GR)', 'NS', '3.46', 'MOLITALIA S.A.', 'ALIMENTOS ENVASADOS', 'MERMELADA', '10', '0', null, '100', '10139', 'Almacen01', '100', '01.A.a.1', '0', null, '0', null, null, null);
INSERT INTO `productos` VALUES ('835', 'WAFER FIELD FAMILIAR CHOCOLATE (57.6GR)', 'NS', '0.93', 'KRAFT FOODS PERU S.A.', 'GOLOSINAS', 'WAFFERS', '10', '0', null, '100', '10134', 'Almacen01', '100', '01.A.a.1', '0', null, '0', null, null, null);
INSERT INTO `productos` VALUES ('836', 'WAFER FIELD FAMILIAR VAINILLA (57.6GR)', 'NS', '0.93', 'KRAFT FOODS PERU S.A.', 'GOLOSINAS', 'WAFFERS', '10', '0', null, '100', '10134', 'Almacen01', '100', '01.A.a.1', '0', null, '0', null, null, null);
INSERT INTO `productos` VALUES ('837', 'WAFER FIELD FAMILIAR FRESA (57.6GR)', 'NS', '0.93', 'KRAFT FOODS PERU S.A.', 'GOLOSINAS', 'WAFFERS', '10', '0', null, '100', '10134', 'Almacen01', '100', '01.A.a.1', '0', null, '0', null, null, null);
INSERT INTO `productos` VALUES ('838', 'WAFER FIELD FAMILIAR PIÑA (57.6GR)', 'NS', '0.93', 'KRAFT FOODS PERU S.A.', 'GOLOSINAS', 'WAFFERS', '10', '0', null, '100', '10134', 'Almacen01', '100', '01.A.a.1', '0', null, '0', null, null, null);
INSERT INTO `productos` VALUES ('851', 'NESTLE HUEVO DE PASCUA SUBLIME (98GR)', 'NS', '7.92', 'NESTLE PERU S.A.', 'GOLOSINAS', 'CHOCOLATES', '10', '0', null, '100', '10902', 'Almacen01', '100', '01.A.a.1', '0', null, '0', null, null, null);
INSERT INTO `productos` VALUES ('853', 'NESTLE HUEVO DE PASCUA LENTEJAS (101.5GR)', 'NS', '7.92', 'NESTLE PERU S.A.', 'GOLOSINAS', 'CHOCOLATES', '10', '0', null, '100', '10902', 'Almacen01', '100', '01.A.a.1', '0', null, '0', null, null, null);
INSERT INTO `productos` VALUES ('854', 'NESTLE HUEVO DE PASCUA TRIANGULO (98GR)', 'NS', '7.92', 'NESTLE PERU S.A.', 'GOLOSINAS', 'CHOCOLATES', '10', '0', null, '100', '10902', 'Almacen01', '100', '01.A.a.1', '0', null, '0', null, null, null);
INSERT INTO `productos` VALUES ('856', 'HUEVO SORPRESA AMBROSOLI (40x24GR)', 'NS', '28.25', 'MOLITALIA S.A.', 'GOLOSINAS', 'CHOCOLATES', '10', '0', null, '100', '10139', 'Almacen01', '100', '01.A.a.1', '0', null, '0', null, null, null);
INSERT INTO `productos` VALUES ('861', 'TINKAY CAJA ILU (150GR)', 'NS', '5.53', 'INDUSTRIAL PERUANA HOLANDESA S.A.C.', 'GOLOSINAS', 'CHOCOLATES', '10', '0', null, '100', '10697', 'Almacen01', '100', '01.A.a.1', '0', null, '0', null, null, null);
INSERT INTO `productos` VALUES ('872', 'CRISP VICTORIA (50GR)', 'NS', '0.71', 'ALICORP S.A', 'GOLOSINAS', 'GALLETAS', '10', '0', null, '100', '10015', 'Almacen01', '100', '01.A.a.1', '0', null, '0', null, null, null);
INSERT INTO `productos` VALUES ('874', 'LEAF TEA TE VERDE LIMON (400ML)', 'NS', '1.27', 'GLORIA S.A.', 'BEBIDAS', 'REHIDRATANTES', '10', '0', null, '100', '10430', 'Almacen01', '100', '01.A.a.1', '0', null, '0', null, null, null);
INSERT INTO `productos` VALUES ('875', 'MAGGIE CALDO DE CARNE (24x19.2GR)', 'NS', '9.50', 'NESTLE PERU S.A.', 'ALIMENTOS ENVASADOS', 'SALSAS Y CONDIMENTOS', '10', '0', null, '100', '10902', 'Almacen01', '100', '01.A.a.1', '0', null, '0', null, null, null);
INSERT INTO `productos` VALUES ('876', 'MAGGIE CALDO DE GALLINA (24x19.2GR)', 'NS', '9.50', 'NESTLE PERU S.A.', 'ALIMENTOS ENVASADOS', 'SALSAS Y CONDIMENTOS', '10', '0', null, '100', '10902', 'Almacen01', '100', '01.A.a.1', '0', null, '0', null, null, null);
INSERT INTO `productos` VALUES ('877', 'GLORIA YOGURT GO DURAZNO (1KG)', 'NS', '4.67', 'GLORIA S.A.', 'BEBIDAS', 'YOGURT', '10', '0', null, '100', '10430', 'Almacen01', '100', '01.A.a.1', '0', null, '0', null, null, null);
INSERT INTO `productos` VALUES ('878', 'GLORIA YOGURT GO FRESA (1KG)', 'NS', '4.67', 'GLORIA S.A.', 'BEBIDAS', 'YOGURT', '10', '0', null, '100', '10430', 'Almacen01', '100', '01.A.a.1', '0', null, '0', null, null, null);
INSERT INTO `productos` VALUES ('879', 'GLORIA YOGURT GO MARACUYA (1KG)', 'NS', '4.67', 'GLORIA S.A.', 'BEBIDAS', 'YOGURT', '10', '0', null, '100', '10430', 'Almacen01', '100', '01.A.a.1', '0', null, '0', null, null, null);
INSERT INTO `productos` VALUES ('880', 'GLORIA YOGURT PASION C/DURAZNO (160GR)', 'NS', '2.21', 'GLORIA S.A.', 'BEBIDAS', 'YOGURT', '10', '0', null, '100', '10430', 'Almacen01', '100', '01.A.a.1', '0', null, '0', null, null, null);
INSERT INTO `productos` VALUES ('881', 'GLORIA YOGURT PASION C/FRESA (160GR)', 'NS', '2.21', 'GLORIA S.A.', 'BEBIDAS', 'YOGURT', '10', '0', null, '100', '10430', 'Almacen01', '100', '01.A.a.1', '0', null, '0', null, null, null);
INSERT INTO `productos` VALUES ('898', 'L.ONDA CRANBERRY LT (1LT)', 'NS', '6.36', 'L\'ONDA BEVERAGE CO SAC', 'BEBIDAS', 'JUGOS Y NECTARES', '10', '0', null, '100', '10728', 'Almacen01', '100', '01.A.a.1', '0', null, '0', null, null, null);
INSERT INTO `productos` VALUES ('902', 'L.ONDA CRANBERRY VID. JUGO (473ML)', 'NS', '3.35', 'L\'ONDA BEVERAGE CO SAC', 'BEBIDAS', 'JUGOS Y NECTARES', '10', '0', null, '100', '10728', 'Almacen01', '100', '01.A.a.1', '0', null, '0', null, null, null);
INSERT INTO `productos` VALUES ('906', 'L.ONDA CRANBERRY KIDS UVA (200ML)', 'NS', '1.38', 'L\'ONDA BEVERAGE CO SAC', 'BEBIDAS', 'JUGOS Y NECTARES', '10', '0', null, '100', '10728', 'Almacen01', '100', '01.A.a.1', '0', null, '0', null, null, null);
INSERT INTO `productos` VALUES ('909', 'L.ONDA CRANBERRY PET (64ONZA)', 'NS', '12.72', 'L\'ONDA BEVERAGE CO SAC', 'BEBIDAS', 'JUGOS Y NECTARES', '10', '0', null, '100', '10728', 'Almacen01', '100', '01.A.a.1', '0', null, '0', null, null, null);
INSERT INTO `productos` VALUES ('910', 'L.ONDA CRANBERRY PET LIGHT (64ONZA)', 'NS', '12.72', 'L\'ONDA BEVERAGE CO SAC', 'BEBIDAS', 'JUGOS Y NECTARES', '10', '0', null, '100', '10728', 'Almacen01', '100', '01.A.a.1', '0', null, '0', null, null, null);
INSERT INTO `productos` VALUES ('913', 'L.ONDA JUGO DE UVA LT LIGHT (1LT)', 'NS', '6.36', 'L\'ONDA BEVERAGE CO SAC', 'BEBIDAS', 'JUGOS Y NECTARES', '10', '0', null, '100', '10728', 'Almacen01', '100', '01.A.a.1', '0', null, '0', null, null, null);
INSERT INTO `productos` VALUES ('914', 'L.ONDA JUGO DE UVA VID. (473ML)', 'NS', '3.35', 'L\'ONDA BEVERAGE CO SAC', 'BEBIDAS', 'JUGOS Y NECTARES', '10', '0', null, '100', '10728', 'Almacen01', '100', '01.A.a.1', '0', null, '0', null, null, null);
INSERT INTO `productos` VALUES ('918', 'L.ONDA JUGO DE UVA PET (64ONZA)', 'NS', '12.72', 'L\'ONDA BEVERAGE CO SAC', 'BEBIDAS', 'JUGOS Y NECTARES', '10', '0', null, '100', '10728', 'Almacen01', '100', '01.A.a.1', '0', null, '0', null, null, null);
INSERT INTO `productos` VALUES ('921', 'L.ONDA REFRESCO VID. GRANADILLA (473ML)', 'NS', '1.84', 'L\'ONDA BEVERAGE CO SAC', 'BEBIDAS', 'JUGOS Y NECTARES', '10', '0', null, '100', '10728', 'Almacen01', '100', '01.A.a.1', '0', null, '0', null, null, null);
INSERT INTO `productos` VALUES ('922', 'L.ONDA REFRESCO VID. LIMONADA (473ML)', 'NS', '1.84', 'L\'ONDA BEVERAGE CO SAC', 'BEBIDAS', 'JUGOS Y NECTARES', '10', '0', null, '100', '10728', 'Almacen01', '100', '01.A.a.1', '0', null, '0', null, null, null);
INSERT INTO `productos` VALUES ('924', 'WONDERFUL PISTACHOS SAL/PIMIENTA (40GR)', 'NS', '4.13', 'DANILZA S.A.', 'SNACKS', 'PISTACHOS', '10', '0', null, '100', '12334', 'Almacen01', '100', '01.A.a.1', '0', null, '0', null, null, null);
INSERT INTO `productos` VALUES ('925', 'WONDERFUL PISTACHOS SAL/PIMIENTA (100GR)', 'NS', '10.44', 'DANILZA S.A.', 'SNACKS', 'PISTACHOS', '10', '0', null, '100', '12334', 'Almacen01', '100', '01.A.a.1', '0', null, '0', null, null, null);
INSERT INTO `productos` VALUES ('926', 'WONDERFUL PISTACHOS TOSTADO/SALADO (100GR)', 'NS', '10.44', 'DANILZA S.A.', 'SNACKS', 'PISTACHOS', '10', '0', null, '100', '12334', 'Almacen01', '100', '01.A.a.1', '0', null, '0', null, null, null);
INSERT INTO `productos` VALUES ('958', 'WONDERFUL PISTACHOS TOSTADO/SALADO (40GR)', 'NS', '4.13', 'DANILZA S.A.', 'SNACKS', 'PISTACHOS', '10', '0', null, '100', '12334', 'Almacen01', '100', '01.A.a.1', '0', null, '0', null, null, null);
INSERT INTO `productos` VALUES ('960', 'PEDIGREE BALANCE NATURAL SACO (17KG)', 'NS', '111.82', 'MASTER FOODS PERU SCRL', 'ALIMENTOS ENVASADOS', 'ALIMENTOS PARA MASCOTAS', '10', '0', null, '100', '10360', 'Almacen01', '100', '01.A.a.1', '0', null, '0', null, null, null);
INSERT INTO `productos` VALUES ('970', 'ON PACK CUADERNO (1UND)', 'NS', '14.19', 'MASTER FOODS PERU SCRL', 'GOLOSINAS', 'CHOCOLATES', '10', '0', null, '100', '10360', 'Almacen01', '100', '01.A.a.1', '0', null, '0', null, null, null);
INSERT INTO `productos` VALUES ('974', 'ON PACK CUADERNO (1UND)', 'NS', '14.19', 'MASTER FOODS PERU SCRL', 'GOLOSINAS', 'CHOCOLATES', '10', '0', null, '100', '10360', 'Almacen01', '100', '01.A.a.1', '0', null, '0', null, null, null);
INSERT INTO `productos` VALUES ('975', 'ON PACK CUADERNO (1UND)', 'NS', '14.19', 'MASTER FOODS PERU SCRL', 'GOLOSINAS', 'CHOCOLATES', '10', '0', null, '100', '10360', 'Almacen01', '100', '01.A.a.1', '0', null, '0', null, null, null);
INSERT INTO `productos` VALUES ('976', 'ON PACK CUADERNO (1UND)', 'NS', '14.19', 'MASTER FOODS PERU SCRL', 'GOLOSINAS', 'CHOCOLATES', '10', '0', null, '100', '10360', 'Almacen01', '100', '01.A.a.1', '0', null, '0', null, null, null);
INSERT INTO `productos` VALUES ('977', 'ON PACK CUADERNO (1UND)', 'NS', '14.19', 'MASTER FOODS PERU SCRL', 'GOLOSINAS', 'CHOCOLATES', '10', '0', null, '100', '10360', 'Almacen01', '100', '01.A.a.1', '0', null, '0', null, null, null);
INSERT INTO `productos` VALUES ('978', 'ON PACK CUADERNO (1UND)', 'NS', '14.19', 'MASTER FOODS PERU SCRL', 'GOLOSINAS', 'CHOCOLATES', '10', '0', null, '100', '10360', 'Almacen01', '100', '01.A.a.1', '0', null, '0', null, null, null);
INSERT INTO `productos` VALUES ('979', 'CAFETERA DOLCE GUSTO CIRCOLOCO ROJA (3.7KG)', 'NS', '177.01', 'NESTLE PERU S.A.', 'ALIMENTOS ENVASADOS', 'CAFÉ', '10', '0', null, '100', '10902', 'Almacen01', '100', '01.A.a.1', '0', null, '0', null, null, null);
INSERT INTO `productos` VALUES ('980', 'CAFETERA DOLCE GUSTO CIRCOLOCO GRIZ (3.7KG)', 'NS', '177.01', 'NESTLE PERU S.A.', 'ALIMENTOS ENVASADOS', 'CAFÉ', '10', '0', null, '100', '10902', 'Almacen01', '100', '01.A.a.1', '0', null, '0', null, null, null);
INSERT INTO `productos` VALUES ('982', 'CAFETERA DOLCE GUSTO KIT NEGRO (4.3KG)', 'NS', '99.00', 'NESTLE PERU S.A.', 'ALIMENTOS ENVASADOS', 'CAFÉ', '10', '0', null, '100', '10902', 'Almacen01', '100', '01.A.a.1', '0', null, '0', null, null, null);
INSERT INTO `productos` VALUES ('983', 'CAFETERA DOLCE GUSTO KIT ROJO (4.3KG)', 'NS', '177.01', 'NESTLE PERU S.A.', 'ALIMENTOS ENVASADOS', 'CAFÉ', '10', '0', null, '100', '10902', 'Almacen01', '100', '01.A.a.1', '0', null, '0', null, null, null);
INSERT INTO `productos` VALUES ('984', 'CAPSULA DOLCE GUSTO CAFFE LUNGO (16UND)', 'NS', '20.02', 'NESTLE PERU S.A.', 'ALIMENTOS ENVASADOS', 'CAFÉ', '10', '0', null, '100', '10902', 'Almacen01', '100', '01.A.a.1', '0', null, '0', null, null, null);
INSERT INTO `productos` VALUES ('985', 'CAPSULA DOLCE GUSTO CHOCOCINO (16UND)', 'NS', '20.02', 'NESTLE PERU S.A.', 'ALIMENTOS ENVASADOS', 'CAFÉ', '10', '0', null, '100', '10902', 'Almacen01', '100', '01.A.a.1', '0', null, '0', null, null, null);
INSERT INTO `productos` VALUES ('986', 'CAPSULA DOLCE GUSTO LATTE MACCHIATO (16UND)', 'NS', '20.02', 'NESTLE PERU S.A.', 'ALIMENTOS ENVASADOS', 'CAFÉ', '10', '0', null, '100', '10902', 'Almacen01', '100', '01.A.a.1', '0', null, '0', null, null, null);
INSERT INTO `productos` VALUES ('987', 'CAPSULA DOLCE GUSTO ESPRESSO (16UND)', 'NS', '20.02', 'NESTLE PERU S.A.', 'ALIMENTOS ENVASADOS', 'CAFÉ', '10', '0', null, '100', '10902', 'Almacen01', '100', '01.A.a.1', '0', null, '0', null, null, null);
INSERT INTO `productos` VALUES ('988', 'CAPSULA DOLCE GUSTO CAPPUCINO (16UND)', 'NS', '20.02', 'NESTLE PERU S.A.', 'ALIMENTOS ENVASADOS', 'CAFÉ', '10', '0', null, '100', '10902', 'Almacen01', '100', '01.A.a.1', '0', null, '0', null, null, null);
INSERT INTO `productos` VALUES ('992', 'L.ONDA JUGO DE UVA VID.+ BOLSA SNACKS (473ML)', 'NS', '3.16', 'L\'ONDA BEVERAGE CO SAC', 'BEBIDAS', 'JUGOS Y NECTARES', '10', '0', null, '100', '10728', 'Almacen01', '100', '01.A.a.1', '0', null, '0', null, null, null);
INSERT INTO `productos` VALUES ('1003', 'CRICKETS CHIFLES SALADOS (150GR)', 'NS', '3.20', 'INDUSTRIAS AGRICOLAS SRL', 'SNACKS', 'SNACKS', '10', '0', null, '100', '10569', 'Almacen01', '100', '01.A.a.1', '0', null, '0', null, null, null);
INSERT INTO `productos` VALUES ('1029', 'COSECHA DEL PARAISO GRANOLA (150GR)', 'NS', '3.49', 'COSECHA DEL PARAISO S.A.C.', 'GOLOSINAS', 'GALLETAS', '10', '0', null, '100', '11208', 'Almacen01', '100', '01.A.a.1', '0', null, '0', null, null, null);
INSERT INTO `productos` VALUES ('1032', 'COSECHA DEL PARAISO GALLETA DE AVENA (10UND)', 'NS', '2.11', 'COSECHA DEL PARAISO S.A.C.', 'GOLOSINAS', 'GALLETAS', '10', '0', null, '100', '11208', 'Almacen01', '100', '01.A.a.1', '0', null, '0', null, null, null);
INSERT INTO `productos` VALUES ('1033', 'COSECHA DEL PARAISO GALLETA DE SOYA (10UND)', 'NS', '2.11', 'COSECHA DEL PARAISO S.A.C.', 'GOLOSINAS', 'GALLETAS', '10', '0', null, '100', '11208', 'Almacen01', '100', '01.A.a.1', '0', null, '0', null, null, null);
INSERT INTO `productos` VALUES ('1034', 'COSECHA DEL PARAISO GALLETA DE GERMEN DE TRIGO (10UND)', 'NS', '2.11', 'COSECHA DEL PARAISO S.A.C.', 'GOLOSINAS', 'GALLETAS', '10', '0', null, '100', '11208', 'Almacen01', '100', '01.A.a.1', '0', null, '0', null, null, null);
INSERT INTO `productos` VALUES ('1036', 'COSECHA DEL PARAISO GALLETA DE NARANJA (90GR)', 'NS', '2.11', 'COSECHA DEL PARAISO S.A.C.', 'GOLOSINAS', 'GALLETAS', '10', '0', null, '100', '11208', 'Almacen01', '100', '01.A.a.1', '0', null, '0', null, null, null);
INSERT INTO `productos` VALUES ('1037', 'COSECHA DEL PARAISO GALLETA DE YOGURT (90GR)', 'NS', '2.11', 'COSECHA DEL PARAISO S.A.C.', 'GOLOSINAS', 'GALLETAS', '10', '0', null, '100', '11208', 'Almacen01', '100', '01.A.a.1', '0', null, '0', null, null, null);
INSERT INTO `productos` VALUES ('1038', 'COSECHA DEL PARAISO GALLETA DE COCO (90UND)', 'NS', '2.11', 'COSECHA DEL PARAISO S.A.C.', 'GOLOSINAS', 'GALLETAS', '10', '0', null, '100', '11208', 'Almacen01', '100', '01.A.a.1', '0', null, '0', null, null, null);
INSERT INTO `productos` VALUES ('1039', 'COSECHA DEL PARAISO GALLETA DE MACA (90GR)', 'NS', '2.11', 'COSECHA DEL PARAISO S.A.C.', 'GOLOSINAS', 'GALLETAS', '10', '0', null, '100', '11208', 'Almacen01', '100', '01.A.a.1', '0', null, '0', null, null, null);
INSERT INTO `productos` VALUES ('1040', 'COSECHA DEL PARAISO GALLETA DE YACON (90GR)', 'NS', '2.11', 'COSECHA DEL PARAISO S.A.C.', 'GOLOSINAS', 'GALLETAS', '10', '0', null, '100', '11208', 'Almacen01', '100', '01.A.a.1', '0', null, '0', null, null, null);
INSERT INTO `productos` VALUES ('1041', 'COSECHA DEL PARAISO GALLETA DE CASTAÑA (90GR)', 'NS', '2.11', 'COSECHA DEL PARAISO S.A.C.', 'GOLOSINAS', 'GALLETAS', '10', '0', null, '100', '11208', 'Almacen01', '100', '01.A.a.1', '0', null, '0', null, null, null);
INSERT INTO `productos` VALUES ('1042', 'COSECHA DEL PARAISO GALLETA DE KIWICHA (90GR)', 'NS', '2.11', 'COSECHA DEL PARAISO S.A.C.', 'GOLOSINAS', 'GALLETAS', '10', '0', null, '100', '11208', 'Almacen01', '100', '01.A.a.1', '0', null, '0', null, null, null);
INSERT INTO `productos` VALUES ('1043', 'COSECHA DEL PARAISO CRISINOS INTEGRALES (60GR)', 'NS', '2.11', 'COSECHA DEL PARAISO S.A.C.', 'GOLOSINAS', 'GALLETAS', '10', '0', null, '100', '11208', 'Almacen01', '100', '01.A.a.1', '0', null, '0', null, null, null);
INSERT INTO `productos` VALUES ('1044', 'COSECHA DEL PARAISO ROSQUITAS (7UND)', 'NS', '2.11', 'COSECHA DEL PARAISO S.A.C.', 'GOLOSINAS', 'GALLETAS', '10', '0', null, '100', '11208', 'Almacen01', '100', '01.A.a.1', '0', null, '0', null, null, null);
INSERT INTO `productos` VALUES ('1047', 'COSECHA DEL PARAISO GALLETA DE SALVADO DE TRIGO (10UND)', 'NS', '2.11', 'COSECHA DEL PARAISO S.A.C.', 'GOLOSINAS', 'GALLETAS', '10', '0', null, '100', '11208', 'Almacen01', '100', '01.A.a.1', '0', null, '0', null, null, null);
INSERT INTO `productos` VALUES ('1078', 'KRAPS DIA (8x22GR)', 'NS', '2.06', 'ALICORP S.A', 'GOLOSINAS', 'GALLETAS', '10', '0', null, '100', '10015', 'Almacen01', '100', '01.A.a.1', '0', null, '0', null, null, null);
INSERT INTO `productos` VALUES ('1108', 'NESTLE MANJAR (200GR)', 'NS', '2.70', 'NESTLE PERU S.A.', 'ALIMENTOS ENVASADOS', 'LACTEOS', '10', '0', null, '100', '10902', 'Almacen01', '100', '01.A.a.1', '0', null, '0', null, null, null);
INSERT INTO `productos` VALUES ('1111', 'SODA FIELD FAMILIAR NABISCO ORIGINAL (140GR)', 'NS', '1.46', 'KRAFT FOODS PERU S.A.', 'GOLOSINAS', 'GALLETAS', '10', '0', null, '100', '10134', 'Almacen01', '100', '01.A.a.1', '0', null, '0', null, null, null);
INSERT INTO `productos` VALUES ('1112', 'SODA FIELD NABISCO ORIGINAL (6x34GR)', 'NS', '2.17', 'KRAFT FOODS PERU S.A.', 'GOLOSINAS', 'GALLETAS', '10', '0', null, '100', '10134', 'Almacen01', '100', '01.A.a.1', '0', null, '0', null, null, null);
INSERT INTO `productos` VALUES ('1120', 'FRAC MANI COSTA (6x44GR)', 'NS', '2.91', 'MOLITALIA S.A.', 'GOLOSINAS', 'GALLETAS', '10', '0', null, '100', '10139', 'Almacen01', '100', '01.A.a.1', '0', null, '0', null, null, null);
INSERT INTO `productos` VALUES ('1121', 'ZENSEX MULTIMIXED (3 EN 1) (3UND)', 'NS', '4.13', 'DROKASA PERU S.A.', 'HIGIENE PERSONAL', 'PRESERVATIVOS', '10', '0', null, '100', '10010', 'Almacen01', '100', '01.A.a.1', '0', null, '0', null, null, null);
INSERT INTO `productos` VALUES ('1122', 'ADAMS TRIDENT TROPICAL MIX (18x8.5GR)', 'NS', '16.59', 'KRAFT FOODS PERU S.A.', 'GOLOSINAS', 'GOMA DE MASCAR', '10', '0', null, '100', '10134', 'Almacen01', '100', '01.A.a.1', '0', null, '0', null, null, null);
INSERT INTO `productos` VALUES ('1136', 'NESTLE SORRENTO (20x32GR)', 'NS', '16.00', 'NESTLE PERU S.A.', 'GOLOSINAS', 'CHOCOLATES', '10', '0', null, '100', '10902', 'Almacen01', '100', '01.A.a.1', '0', null, '0', null, null, null);
INSERT INTO `productos` VALUES ('1138', 'LA IBERICA MILKY X 10 (10x50GR)', 'NS', '27.05', 'DISTRIBUIDORA VINUM S.A. - DIVINUM', 'GOLOSINAS', 'CHOCOLATES', '10', '0', null, '100', '11508', 'Almacen01', '100', '01.A.a.1', '0', null, '0', null, null, null);
INSERT INTO `productos` VALUES ('1211', 'PANETON DONOFRIO BUON NATALE BOLSA (900GR)', 'NS', '13.71', 'NESTLE PERU S.A.', 'PANETONES', 'PANETONES', '10', '0', null, '100', '10902', 'Almacen01', '100', '01.A.a.1', '0', null, '0', null, null, null);
INSERT INTO `productos` VALUES ('1213', 'FERRERO ROCHER PINO T12 (150GR)', 'NS', '27.28', 'KING DAVID DELICATESSES DEL PERU S.A.C', 'GOLOSINAS', 'CHOCOLATES', '10', '0', null, '100', '11212', 'Almacen01', '100', '01.A.a.1', '0', null, '0', null, null, null);
INSERT INTO `productos` VALUES ('1216', 'GOMAS FRUGELE FRUTOS AMBROSOLI (12x25GR)', 'NS', '6.05', 'MOLITALIA S.A.', 'GOLOSINAS', 'GOMAS', '10', '0', null, '100', '10139', 'Almacen01', '100', '01.A.a.1', '0', null, '0', null, null, null);
INSERT INTO `productos` VALUES ('1252', 'VIZZIO COSTA MIX (144GR)', 'NS', '6.07', 'MOLITALIA S.A.', 'GOLOSINAS', 'CHOCOLATES', '10', '0', null, '100', '10139', 'Almacen01', '100', '01.A.a.1', '0', null, '0', null, null, null);
INSERT INTO `productos` VALUES ('1253', 'MUÑECO WHINNIE THE POO COOL FAN POP (1UND)', 'NS', '15.95', 'MIKA INVERSIONES S.A.C', 'GOLOSINAS', 'CARAMELOS', '10', '0', null, '100', null, 'Almacen01', '100', '01.A.a.1', '0', null, '0', null, null, null);
INSERT INTO `productos` VALUES ('1287', 'MIX LOLIPOP UP BOYS TOY STORY (1UND)', 'NS', '5.66', 'MIKA INVERSIONES S.A.C', 'GOLOSINAS', 'CARAMELOS', '10', '0', null, '100', null, 'Almacen01', '100', '01.A.a.1', '0', null, '0', null, null, null);
INSERT INTO `productos` VALUES ('1288', 'MIX LOLIPOP UPS GIRLS PRINCECSA STORY (1UND)', 'NS', '6.49', 'MIKA INVERSIONES S.A.C', 'GOLOSINAS', 'CARAMELOS', '10', '0', null, '100', null, 'Almacen01', '100', '01.A.a.1', '0', null, '0', null, null, null);
INSERT INTO `productos` VALUES ('1307', 'DOS CABALLOS DURAZNOS EN MITADES (820GR)', 'NS', '7.26', 'AXUR S.A.', 'ALIMENTOS ENVASADOS', 'CONSERVAS', '10', '0', null, '100', '10137', 'Almacen01', '100', '01.A.a.1', '0', null, '0', null, null, null);
INSERT INTO `productos` VALUES ('1316', 'BOMBOM CORAZON DISPLAY COSTA (162GR)', 'NS', '8.64', 'MOLITALIA S.A.', 'GOLOSINAS', 'BOMBONES', '10', '0', null, '100', '10139', 'Almacen01', '100', '01.A.a.1', '0', null, '0', null, null, null);
INSERT INTO `productos` VALUES ('1317', 'ALFAJORES TINKAY CAJA LAZO COMBINADA (6x45GR)', 'NS', '14.00', 'INDUSTRIAL PERUANA HOLANDESA S.A.C.', 'GOLOSINAS', 'CHOCOLATES', '10', '0', null, '100', '10697', 'Almacen01', '100', '01.A.a.1', '0', null, '0', null, null, null);
INSERT INTO `productos` VALUES ('1318', 'ALFAJORES TINKAY CAJA COMBINADA MINI (24x25GR)', 'NS', '33.60', 'INDUSTRIAL PERUANA HOLANDESA S.A.C.', 'GOLOSINAS', 'CHOCOLATES', '10', '0', null, '100', '10697', 'Almacen01', '100', '01.A.a.1', '0', null, '0', null, null, null);
INSERT INTO `productos` VALUES ('1340', 'HORNIMANS HIERBA LUISA (25UND)', 'NS', '1.50', 'AXUR S.A.', 'ALIMENTOS ENVASADOS', 'CAFE, TE', '10', '0', null, '100', '10137', 'Almacen01', '100', '01.A.a.1', '0', null, '0', null, null, null);
INSERT INTO `productos` VALUES ('1342', 'DOS CABALLOS COCKTAIL DE FRUTAS (820GR)', 'NS', '6.16', 'AXUR S.A.', 'ALIMENTOS ENVASADOS', 'CONSERVAS', '10', '0', null, '100', '10137', 'Almacen01', '100', '01.A.a.1', '0', null, '0', null, null, null);
INSERT INTO `productos` VALUES ('1398', 'LONCHERA MARMADUKE (1UND)', 'NS', '1.14', 'KMC INTERNATIONAL SAC', 'LIBRERIA', 'MISCELANEA', '10', '0', null, '100', '10531', 'Almacen01', '100', '01.A.a.1', '0', null, '0', null, null, null);
INSERT INTO `productos` VALUES ('1400', 'NESTLE HUEVOS SURTIDOS (125.1GR)', 'NS', '8.50', 'NESTLE PERU S.A.', 'GOLOSINAS', 'CHOCOLATES', '10', '0', null, '100', '10902', 'Almacen01', '100', '01.A.a.1', '0', null, '0', null, null, null);
INSERT INTO `productos` VALUES ('1408', 'SOUR PACIFIER POP CHUPON (1UND)', 'NS', '4.13', 'MIKA INVERSIONES S.A.C', 'GOLOSINAS', 'CARAMELOS', '10', '0', null, '100', null, 'Almacen01', '100', '01.A.a.1', '0', null, '0', null, null, null);
INSERT INTO `productos` VALUES ('1409', 'LIP POP SURTIDO (1UND)', 'NS', '4.13', 'MIKA INVERSIONES S.A.C', 'GOLOSINAS', 'CARAMELOS', '10', '0', null, '100', null, 'Almacen01', '100', '01.A.a.1', '0', null, '0', null, null, null);
INSERT INTO `productos` VALUES ('1420', 'MILKY WAY BAR (1.84ONZA)', 'NS', '2.42', 'MASTER FOODS PERU SCRL', 'GOLOSINAS', 'CHOCOLATES', '10', '0', null, '100', '10360', 'Almacen01', '100', '01.A.a.1', '0', null, '0', null, null, null);
INSERT INTO `productos` VALUES ('1426', 'NESTLE CREMA DE LECHE (300GR)', 'NS', '6.30', 'NESTLE PERU S.A.', 'GOLOSINAS', 'CHOCOLATES', '10', '0', null, '100', '10902', 'Almacen01', '100', '01.A.a.1', '0', null, '0', null, null, null);
INSERT INTO `productos` VALUES ('1429', 'TOO TARTS SOUR SPRAY CANDY (1UND)', 'NS', '3.45', 'MIKA INVERSIONES S.A.C', 'GOLOSINAS', 'CARAMELOS', '10', '0', null, '100', null, 'Almacen01', '100', '01.A.a.1', '0', null, '0', null, null, null);
INSERT INTO `productos` VALUES ('1434', 'BIC ENCENDEDOR BX7 F1 (20x1UND)', 'NS', '13.33', 'BIC ANDINA PERU S.A.', 'TABACALERIA', 'ENCENDEDORES', '10', '0', null, '100', '11527', 'Almacen01', '100', '01.A.a.1', '0', null, '0', null, null, null);
INSERT INTO `productos` VALUES ('1436', 'BIC ENCENDEDOR MAXI EXH-10 (10x1UND)', 'NS', '19.99', 'BIC ANDINA PERU S.A.', 'TABACALERIA', 'ENCENDEDORES', '10', '0', null, '100', '11527', 'Almacen01', '100', '01.A.a.1', '0', null, '0', null, null, null);
INSERT INTO `productos` VALUES ('1438', 'NESTLE SUBLIME CLASICO (24x32GR)', 'NS', '20.68', 'NESTLE PERU S.A.', 'GOLOSINAS', 'CHOCOLATES', '10', '0', null, '100', '10902', 'Almacen01', '100', '01.A.a.1', '0', null, '0', null, null, null);
INSERT INTO `productos` VALUES ('1442', 'PALMOLIVE AVENA Y AZUCAR (BLANCO) (75GR)', 'NS', '1.25', 'COLGATE PALMOLIVE PERU S.A.', 'HIGIENE PERSONAL', 'JABONES', '10', '0', null, '100', '10050', 'Almacen01', '100', '01.A.a.1', '0', null, '0', null, null, null);
INSERT INTO `productos` VALUES ('1443', 'PALMOLIVE ALOE OLIVA (VERDE) (75GR)', 'NS', '1.25', 'COLGATE PALMOLIVE PERU S.A.', 'HIGIENE PERSONAL', 'JABONES', '10', '0', null, '100', '10050', 'Almacen01', '100', '01.A.a.1', '0', null, '0', null, null, null);
INSERT INTO `productos` VALUES ('1446', 'HUEVO PAÑUELO CANCUN (160GR)', 'NS', '8.27', 'MOLITALIA S.A.', 'GOLOSINAS', 'CHOCOLATES', '10', '0', null, '100', '10139', 'Almacen01', '100', '01.A.a.1', '0', null, '0', null, null, null);
INSERT INTO `productos` VALUES ('1455', 'BAHLSEN CHOCO LEIBNIZ (125GR)', 'US', '3.64', 'EUROGOURMET S.A.C.', 'GOLOSINAS', 'CHOCOLATES', '10', '0', null, '100', '10124', 'Almacen01', '100', '01.A.a.1', '0', null, '0', null, null, null);
INSERT INTO `productos` VALUES ('1456', 'BAHLSEN DELOBA (100GR)', 'US', '3.02', 'EUROGOURMET S.A.C.', 'GOLOSINAS', 'CHOCOLATES', '10', '0', null, '100', '10124', 'Almacen01', '100', '01.A.a.1', '0', null, '0', null, null, null);
INSERT INTO `productos` VALUES ('1461', 'MILKY WAY DARK BAR MIDNIGHT (1.76ONZA)', 'NS', '2.42', 'MASTER FOODS PERU SCRL', 'GOLOSINAS', 'CHOCOLATES', '10', '0', null, '100', '10360', 'Almacen01', '100', '01.A.a.1', '0', null, '0', null, null, null);
INSERT INTO `productos` VALUES ('1477', 'ADAMS HALLS XS CHERRY LYPTUS (12x17GR)', 'NS', '13.27', 'KRAFT FOODS PERU S.A.', 'GOLOSINAS', 'CARAMELOS', '10', '0', null, '100', '10134', 'Almacen01', '100', '01.A.a.1', '0', null, '0', null, null, null);
INSERT INTO `productos` VALUES ('1478', 'ADAMS HALLS XS MENTHOL LYPTUS (12x17GR)', 'NS', '13.27', 'KRAFT FOODS PERU S.A.', 'GOLOSINAS', 'CARAMELOS', '10', '0', null, '100', '10134', 'Almacen01', '100', '01.A.a.1', '0', null, '0', null, null, null);
INSERT INTO `productos` VALUES ('1479', 'ALA CENA HUANCAINA (90GR)', 'NS', '1.64', 'ALICORP S.A', 'ALIMENTOS ENVASADOS', 'SALSAS Y CONDIMENTOS', '10', '0', null, '100', '10015', 'Almacen01', '100', '01.A.a.1', '0', null, '0', null, null, null);
INSERT INTO `productos` VALUES ('1491', 'HUEVO HELLO KITTY SINGLE PASTIC (12x42GR)', 'NS', '66.27', 'MIKA INVERSIONES S.A.C', 'GOLOSINAS', 'CHOCOLATES', '10', '0', null, '100', null, 'Almacen01', '100', '01.A.a.1', '0', null, '0', null, null, null);
INSERT INTO `productos` VALUES ('1501', 'LA IBERICA TOFFEES SURTIDOS (300GR)', 'NS', '12.03', 'DISTRIBUIDORA VINUM S.A. - DIVINUM', 'GOLOSINAS', 'CHOCOLATES', '10', '0', null, '100', '11508', 'Almacen01', '100', '01.A.a.1', '0', null, '0', null, null, null);
INSERT INTO `productos` VALUES ('1518', 'NESTLE CAJA ROJA CHICA (200GR)', 'NS', '23.00', 'NESTLE PERU S.A.', 'GOLOSINAS', 'CHOCOLATES', '10', '0', null, '100', '10902', 'Almacen01', '100', '01.A.a.1', '0', null, '0', null, null, null);
INSERT INTO `productos` VALUES ('1520', 'GOMAS FRESAS A LA CREMA POTE (390GR)', 'NS', '7.01', 'MOLITALIA S.A.', 'GOLOSINAS', 'GOMAS', '10', '0', null, '100', '10139', 'Almacen01', '100', '01.A.a.1', '0', null, '0', null, null, null);
INSERT INTO `productos` VALUES ('1533', 'BIC LAPICERO CRISTAL AZUL (12x1UND)', 'NS', '3.65', 'BIC ANDINA PERU S.A.', 'LIBRERIA', 'MISCELANEA', '10', '0', null, '100', '11527', 'Almacen01', '100', '01.A.a.1', '0', null, '0', null, null, null);
INSERT INTO `productos` VALUES ('1534', 'BIC LAPICERO CRISTAL NEGRO (12x1UND)', 'NS', '3.65', 'BIC ANDINA PERU S.A.', 'LIBRERIA', 'MISCELANEA', '10', '0', null, '100', '11527', 'Almacen01', '100', '01.A.a.1', '0', null, '0', null, null, null);
INSERT INTO `productos` VALUES ('1537', 'BIC LAPICERO CRISTAL ROJO (12x1UND)', 'NS', '3.65', 'BIC ANDINA PERU S.A.', 'LIBRERIA', 'MISCELANEA', '10', '0', null, '100', '11527', 'Almacen01', '100', '01.A.a.1', '0', null, '0', null, null, null);
INSERT INTO `productos` VALUES ('1538', 'BIC LAPIZ EVOLUTION C/BORRADOR (12x1UND)', 'NS', '5.94', 'BIC ANDINA PERU S.A.', 'LIBRERIA', 'MISCELANEA', '10', '0', null, '100', '11527', 'Almacen01', '100', '01.A.a.1', '0', null, '0', null, null, null);
INSERT INTO `productos` VALUES ('1541', 'BIC ENCENDEDOR MAXI EXTREME SPORT (1UND)', 'NS', '2.00', 'BIC ANDINA PERU S.A.', 'TABACALERIA', 'ENCENDEDORES', '10', '0', null, '100', '11527', 'Almacen01', '100', '01.A.a.1', '0', null, '0', null, null, null);
INSERT INTO `productos` VALUES ('1561', 'NESTLE LENTEJAS BOLSA (24x16GR)', 'NS', '10.20', 'NESTLE PERU S.A.', 'GOLOSINAS', 'CHOCOLATES', '10', '0', null, '100', '10902', 'Almacen01', '100', '01.A.a.1', '0', null, '0', null, null, null);
INSERT INTO `productos` VALUES ('1562', 'NESTLE TRIANGULO CLASICO (22x32GR)', 'NS', '19.21', 'NESTLE PERU S.A.', 'GOLOSINAS', 'CHOCOLATES', '10', '0', null, '100', '10902', 'Almacen01', '100', '01.A.a.1', '0', null, '0', null, null, null);
INSERT INTO `productos` VALUES ('1585', 'CARAMELOS FULL CHERRY (24x22.5GR)', 'NS', '10.35', 'MOLITALIA S.A.', 'GOLOSINAS', 'CARAMELOS', '10', '0', null, '100', '10139', 'Almacen01', '100', '01.A.a.1', '0', null, '0', null, null, null);
INSERT INTO `productos` VALUES ('1586', 'CEREZAS AL COÑAG AMBROSOLI (120GR)', 'NS', '3.98', 'MOLITALIA S.A.', 'GOLOSINAS', 'BOMBONES', '10', '0', null, '100', '10139', 'Almacen01', '100', '01.A.a.1', '0', null, '0', null, null, null);
INSERT INTO `productos` VALUES ('1588', 'INSTAN CLEAN GEL ANTIBACTERIAL ALMENDRA (59ML)', 'NS', '4.78', 'BERGELUND S.A.C.', 'HIGIENE PERSONAL', 'GEL ANTIBATERIAL', '10', '0', null, '100', '11092', 'Almacen01', '100', '01.A.a.1', '0', null, '0', null, null, null);
INSERT INTO `productos` VALUES ('1589', 'CALIFORNIA SCENTS COOL SCENTS AROMATIZANTE (42GR)', 'NS', '11.47', 'BERGELUND S.A.C.', 'HIGIENE AMBIENTAL', 'AMBIENTADORES', '10', '0', null, '100', '11092', 'Almacen01', '100', '01.A.a.1', '0', null, '0', null, null, null);
INSERT INTO `productos` VALUES ('1590', 'INSTAN CLEAN GEL ANTIBACTERIAL ALOE (59ML)', 'NS', '4.78', 'BERGELUND S.A.C.', 'HIGIENE PERSONAL', 'GEL ANTIBATERIAL', '10', '0', null, '100', '11092', 'Almacen01', '100', '01.A.a.1', '0', null, '0', null, null, null);
INSERT INTO `productos` VALUES ('1593', 'CLUB SOCIAL SANDWICH QUESO BLANCO (4x28GR)', 'NS', '2.11', 'KRAFT FOODS PERU S.A.', 'GOLOSINAS', 'GALLETAS', '10', '0', null, '100', '10134', 'Almacen01', '100', '01.A.a.1', '0', null, '0', null, null, null);
INSERT INTO `productos` VALUES ('1594', 'ADAMS TRIDENT SENSATIONS MANGO (12x16.8GR)', 'NS', '20.17', 'KRAFT FOODS PERU S.A.', 'GOLOSINAS', 'GOMA DE MASCAR', '10', '0', null, '100', '10134', 'Almacen01', '100', '01.A.a.1', '0', null, '0', null, null, null);
INSERT INTO `productos` VALUES ('1595', 'BELVITA MIEL Y CHOCOLATE (6x30GR)', 'NS', '4.87', 'KRAFT FOODS PERU S.A.', 'GOLOSINAS', 'GALLETAS', '10', '0', null, '100', '10134', 'Almacen01', '100', '01.A.a.1', '0', null, '0', null, null, null);
INSERT INTO `productos` VALUES ('1598', 'CLUB SOCIAL SANDWICH PROVOLONE (4x28GR)', 'NS', '2.11', 'KRAFT FOODS PERU S.A.', 'GOLOSINAS', 'GALLETAS', '10', '0', null, '100', '10134', 'Almacen01', '100', '01.A.a.1', '0', null, '0', null, null, null);
INSERT INTO `productos` VALUES ('1599', 'BELVITA LECHE Y AVENA (6x30GR)', 'NS', '4.87', 'KRAFT FOODS PERU S.A.', 'GOLOSINAS', 'GALLETAS', '10', '0', null, '100', '10134', 'Almacen01', '100', '01.A.a.1', '0', null, '0', null, null, null);
INSERT INTO `productos` VALUES ('1605', 'GOMAS AMBROSITO AMBROSOLI (100GR)', 'NS', '2.41', 'MOLITALIA S.A.', 'GOLOSINAS', 'GOMAS', '10', '0', null, '100', '10139', 'Almacen01', '100', '01.A.a.1', '0', null, '0', null, null, null);
INSERT INTO `productos` VALUES ('1606', 'GOMAS FRUGELE FRUTOS AMBROSOLI (103GR)', 'NS', '2.41', 'MOLITALIA S.A.', 'GOLOSINAS', 'GOMAS', '10', '0', null, '100', '10139', 'Almacen01', '100', '01.A.a.1', '0', null, '0', null, null, null);
INSERT INTO `productos` VALUES ('1607', 'GOMAS FRESAS A LA CREMA (100GR)', 'NS', '2.41', 'MOLITALIA S.A.', 'GOLOSINAS', 'GOMAS', '10', '0', null, '100', '10139', 'Almacen01', '100', '01.A.a.1', '0', null, '0', null, null, null);
INSERT INTO `productos` VALUES ('1618', 'NESTLE MINI BOMBONES SURTIDOS (30x8GR)', 'NS', '7.38', 'NESTLE PERU S.A.', 'GOLOSINAS', 'BOMBONES', '10', '0', null, '100', '10902', 'Almacen01', '100', '01.A.a.1', '0', null, '0', null, null, null);
INSERT INTO `productos` VALUES ('1627', 'JUANITA CHIFLES SALADOS (200GR)', 'NS', '5.12', 'CASAS QUEVEDO ROSANA GISELA', 'SNACKS', 'CHIFLES', '10', '0', null, '100', '12313', 'Almacen01', '100', '01.A.a.1', '0', null, '0', null, null, null);
INSERT INTO `productos` VALUES ('1628', 'NESTLE MOROCHAS WAFER (6x24GR)', 'NS', '2.41', 'NESTLE PERU S.A.', 'GOLOSINAS', 'GALLETAS', '10', '0', null, '100', '10902', 'Almacen01', '100', '01.A.a.1', '0', null, '0', null, null, null);
INSERT INTO `productos` VALUES ('1668', 'GALLETA SALADA FORTUNA COSTA (6x30GR)', 'NS', '2.78', 'MOLITALIA S.A.', 'GOLOSINAS', 'GALLETAS', '10', '0', null, '100', '10139', 'Almacen01', '100', '01.A.a.1', '0', null, '0', null, null, null);
INSERT INTO `productos` VALUES ('1677', 'ADAMS TRIDENT BLACK WATERMELON (12x26.6GR)', 'NS', '31.14', 'KRAFT FOODS PERU S.A.', 'GOLOSINAS', 'GOMA DE MASCAR', '10', '0', null, '100', '10134', 'Almacen01', '100', '01.A.a.1', '0', null, '0', null, null, null);
INSERT INTO `productos` VALUES ('1679', 'MILKITO YOGURT COCO (1KG)', 'NS', '4.87', 'GLORIA S.A.', 'BEBIDAS', 'YOGURT', '10', '0', null, '100', '10430', 'Almacen01', '100', '01.A.a.1', '0', null, '0', null, null, null);
INSERT INTO `productos` VALUES ('1680', 'GOMAS LOOP AMBROSOLI (12x25GR)', 'NS', '6.05', 'MOLITALIA S.A.', 'GOLOSINAS', 'GOMAS', '10', '0', null, '100', '10139', 'Almacen01', '100', '01.A.a.1', '0', null, '0', null, null, null);
INSERT INTO `productos` VALUES ('1681', 'MUÑECO HELLO KITTY VENTILADOR COOL FAN POP (1UND)', 'NS', '15.93', 'MIKA INVERSIONES S.A.C', 'GOLOSINAS', 'CARAMELOS', '10', '0', null, '100', null, 'Almacen01', '100', '01.A.a.1', '0', null, '0', null, null, null);
INSERT INTO `productos` VALUES ('1707', 'CHOCOGOLDEN CAFE NARANJA (35GR)', 'NS', '3.93', 'CHOCOLATES GURE S.A.C.', 'GOLOSINAS', 'CHOCOLATES', '10', '0', null, '100', '11704', 'Almacen01', '100', '01.A.a.1', '0', null, '0', null, null, null);
INSERT INTO `productos` VALUES ('1708', 'CHOCOGOLDEN CAFE (35GR)', 'NS', '3.93', 'CHOCOLATES GURE S.A.C.', 'GOLOSINAS', 'CHOCOLATES', '10', '0', null, '100', '11704', 'Almacen01', '100', '01.A.a.1', '0', null, '0', null, null, null);
INSERT INTO `productos` VALUES ('1709', 'CHOCOGOLDEN CAFE NARANJA (100GR)', 'NS', '9.64', 'CHOCOLATES GURE S.A.C.', 'GOLOSINAS', 'CHOCOLATES', '10', '0', null, '100', '11704', 'Almacen01', '100', '01.A.a.1', '0', null, '0', null, null, null);
INSERT INTO `productos` VALUES ('1710', 'CHOCOGOLDEN CAFE (100GR)', 'NS', '9.64', 'CHOCOLATES GURE S.A.C.', 'GOLOSINAS', 'CHOCOLATES', '10', '0', null, '100', '11704', 'Almacen01', '100', '01.A.a.1', '0', null, '0', null, null, null);
INSERT INTO `productos` VALUES ('1713', 'BIC ENCENDEDOR MINI J5 BLISTER (12x1UND)', 'NS', '15.99', 'BIC ANDINA PERU S.A.', 'TABACALERIA', 'ENCENDEDORES', '10', '0', null, '100', '11527', 'Almacen01', '100', '01.A.a.1', '0', null, '0', null, null, null);
INSERT INTO `productos` VALUES ('1714', 'FRU+ JUGO MANGO DURAZNO (475ML)', 'NS', '2.66', 'AGROMAR INDUSTRIAL S.A.', 'BEBIDAS', 'JUGOS Y NECTARES', '10', '0', null, '100', '11733', 'Almacen01', '100', '01.A.a.1', '0', null, '0', null, null, null);
INSERT INTO `productos` VALUES ('1715', 'FRU+ JUGO MANGO MARACUYA (475ML)', 'NS', '2.66', 'AGROMAR INDUSTRIAL S.A.', 'BEBIDAS', 'JUGOS Y NECTARES', '10', '0', null, '100', '11733', 'Almacen01', '100', '01.A.a.1', '0', null, '0', null, null, null);
INSERT INTO `productos` VALUES ('1716', 'FRU+ JUGO MANGO SANDIA (475ML)', 'NS', '2.66', 'AGROMAR INDUSTRIAL S.A.', 'BEBIDAS', 'JUGOS Y NECTARES', '10', '0', null, '100', '11733', 'Almacen01', '100', '01.A.a.1', '0', null, '0', null, null, null);
INSERT INTO `productos` VALUES ('1717', 'NESTLE SUBLIME WAFER (6x34GR)', 'NS', '5.00', 'NESTLE PERU S.A.', 'GOLOSINAS', 'WAFFERS', '10', '0', null, '100', '10902', 'Almacen01', '100', '01.A.a.1', '0', null, '0', null, null, null);
INSERT INTO `productos` VALUES ('1725', 'GOMAS FLIPY AMBROSOLI (12x25GR)', 'NS', '6.05', 'MOLITALIA S.A.', 'GOLOSINAS', 'GOMAS', '10', '0', null, '100', '10139', 'Almacen01', '100', '01.A.a.1', '0', null, '0', null, null, null);
INSERT INTO `productos` VALUES ('1727', 'GOMAS LOOP AMBROSOLI (100GR)', 'NS', '2.25', 'MOLITALIA S.A.', 'GOLOSINAS', 'GOMAS', '10', '0', null, '100', '10139', 'Almacen01', '100', '01.A.a.1', '0', null, '0', null, null, null);
INSERT INTO `productos` VALUES ('1730', 'NESTLE CONO SORPRESA (106GR)', 'NS', '4.72', 'NESTLE PERU S.A.', 'GOLOSINAS', 'CHOCOLATES', '10', '0', null, '100', '10902', 'Almacen01', '100', '01.A.a.1', '0', null, '0', null, null, null);
INSERT INTO `productos` VALUES ('1736', 'ZENSEX EXOTIC FRESA (3UND)', 'NS', '4.13', 'DROKASA PERU S.A.', 'HIGIENE PERSONAL', 'PRESERVATIVOS', '10', '0', null, '100', '10010', 'Almacen01', '100', '01.A.a.1', '0', null, '0', null, null, null);
INSERT INTO `productos` VALUES ('1737', 'ZENSEX RIBBED (AROS) (3UND)', 'NS', '4.13', 'DROKASA PERU S.A.', 'HIGIENE PERSONAL', 'PRESERVATIVOS', '10', '0', null, '100', '10010', 'Almacen01', '100', '01.A.a.1', '0', null, '0', null, null, null);
INSERT INTO `productos` VALUES ('1758', 'CASINO MANIX VAINILLA (6x51GR)', 'NS', '3.24', 'ALICORP S.A', 'GOLOSINAS', 'GALLETAS', '10', '0', null, '100', '10015', 'Almacen01', '100', '01.A.a.1', '0', null, '0', null, null, null);
INSERT INTO `productos` VALUES ('1770', 'AMBRUJOS CARAMELOS HECHIZOS (270GR)', 'NS', '2.90', 'MOLITALIA S.A.', 'GOLOSINAS', 'CARAMELOS', '10', '0', null, '100', '10139', 'Almacen01', '100', '01.A.a.1', '0', null, '0', null, null, null);
INSERT INTO `productos` VALUES ('1771', 'AMBRUJOS CARAMELOS VAMPIROS (320GR)', 'NS', '2.85', 'MOLITALIA S.A.', 'GOLOSINAS', 'CARAMELOS', '10', '0', null, '100', '10139', 'Almacen01', '100', '01.A.a.1', '0', null, '0', null, null, null);
INSERT INTO `productos` VALUES ('1777', 'ALA CENA HUANCAINA (450GR)', 'NS', '6.57', 'ALICORP S.A', 'ALIMENTOS ENVASADOS', 'SALSAS Y CONDIMENTOS', '10', '0', null, '100', '10015', 'Almacen01', '100', '01.A.a.1', '0', null, '0', null, null, null);
INSERT INTO `productos` VALUES ('1812', 'PANETON COSTA LATA (900GR)', 'NS', '25.56', 'MOLITALIA S.A.', 'PANETONES', 'PANETONES', '10', '0', null, '100', '10139', 'Almacen01', '100', '01.A.a.1', '0', null, '0', null, null, null);
INSERT INTO `productos` VALUES ('1815', 'NESTLE CAJA ROJA MINIBOMBONES (100GR)', 'NS', '11.46', 'NESTLE PERU S.A.', 'GOLOSINAS', 'BOMBONES', '10', '0', null, '100', '10902', 'Almacen01', '100', '01.A.a.1', '0', null, '0', null, null, null);
INSERT INTO `productos` VALUES ('1819', 'CASINO MANIX CHOCOLATE (6x51GR)', 'NS', '3.24', 'ALICORP S.A', 'GOLOSINAS', 'GALLETAS', '10', '0', null, '100', '10015', 'Almacen01', '100', '01.A.a.1', '0', null, '0', null, null, null);
INSERT INTO `productos` VALUES ('1821', 'CUA CUA MENTA (30x18GR)', 'NS', '7.80', 'KRAFT FOODS PERU S.A.', 'GOLOSINAS', 'CHOCOLATES', '10', '0', null, '100', '10134', 'Almacen01', '100', '01.A.a.1', '0', null, '0', null, null, null);
INSERT INTO `productos` VALUES ('1822', 'CUA CUA MAJAR (30x18GR)', 'NS', '7.80', 'KRAFT FOODS PERU S.A.', 'GOLOSINAS', 'CHOCOLATES', '10', '0', null, '100', '10134', 'Almacen01', '100', '01.A.a.1', '0', null, '0', null, null, null);
INSERT INTO `productos` VALUES ('1832', 'FRU+ JUGO PIÑA MARACUYA (475ML)', 'NS', '2.66', 'AGROMAR INDUSTRIAL S.A.', 'BEBIDAS', 'JUGOS Y NECTARES', '10', '0', null, '100', '11733', 'Almacen01', '100', '01.A.a.1', '0', null, '0', null, null, null);
INSERT INTO `productos` VALUES ('1833', 'FRU+ JUGO DURAZNO MARACUYA (475ML)', 'NS', '2.66', 'AGROMAR INDUSTRIAL S.A.', 'BEBIDAS', 'JUGOS Y NECTARES', '10', '0', null, '100', '11733', 'Almacen01', '100', '01.A.a.1', '0', null, '0', null, null, null);
INSERT INTO `productos` VALUES ('1870', 'NESTLE PRINCESA ESFERA NAVIDEÑA (32GR)', 'NS', '4.31', 'NESTLE PERU S.A.', 'GOLOSINAS', 'CHOCOLATES', '10', '0', null, '100', '10902', 'Almacen01', '100', '01.A.a.1', '0', null, '0', null, null, null);
INSERT INTO `productos` VALUES ('1907', 'HUNTS SNACKPACK PUDIN CHOCOLATE CARAMEL (4x3.25ONZA)', 'NS', '7.53', 'KMC INTERNATIONAL SAC', 'GOLOSINAS', 'PUDINES', '10', '0', null, '100', '10531', 'Almacen01', '100', '01.A.a.1', '0', null, '0', null, null, null);
INSERT INTO `productos` VALUES ('2038', 'PLANTERS COCKTAIL PEANUTS SALTED (340GR)', 'NS', '11.91', 'KRAFT FOODS PERU S.A.', 'SNACKS', 'SNACKS', '10', '0', null, '100', '10134', 'Almacen01', '100', '01.A.a.1', '0', null, '0', null, null, null);
INSERT INTO `productos` VALUES ('2041', 'PLANTERS MIXED NUTS SALTED (184GR)', 'NS', '10.59', 'KRAFT FOODS PERU S.A.', 'SNACKS', 'SNACKS', '10', '0', null, '100', '10134', 'Almacen01', '100', '01.A.a.1', '0', null, '0', null, null, null);
INSERT INTO `productos` VALUES ('2070', 'LISTERINE FRESHBURST (180ML)', 'NS', '6.56', 'JOHNSON & JOHNSON DEL PERU S.A.', 'HIGIENE PERSONAL', 'ENJUAGUES BUCALES', '10', '0', null, '100', '10412', 'Almacen01', '100', '01.A.a.1', '0', null, '0', null, null, null);
INSERT INTO `productos` VALUES ('2091', 'NESTLE BESO DE MOZA CHOCOLATE DISPLAY (9x24GR)', 'NS', '5.42', 'NESTLE PERU S.A.', 'GOLOSINAS', 'CHOCOLATES', '10', '0', null, '100', '10902', 'Almacen01', '100', '01.A.a.1', '0', null, '0', null, null, null);
INSERT INTO `productos` VALUES ('2103', 'CUA CUA BLANCO (20x18GR)', 'NS', '9.22', 'KRAFT FOODS PERU S.A.', 'GOLOSINAS', 'CHOCOLATES', '10', '0', null, '100', '10134', 'Almacen01', '100', '01.A.a.1', '0', null, '0', null, null, null);
INSERT INTO `productos` VALUES ('2124', 'CAJA DE REGALO MAMA (13UND)', 'NS', '7.92', 'COMPAÑIA NACIONAL DE SERVICIOS Y EMPAQUES S.A.C.', 'GOLOSINAS', 'BOMBONES', '10', '0', null, '100', '11112', 'Almacen01', '100', '01.A.a.1', '0', null, '0', null, null, null);
INSERT INTO `productos` VALUES ('2129', 'CLUB SOCIAL INTEGRAL (6x26GR)', 'NS', '2.63', 'KRAFT FOODS PERU S.A.', 'GOLOSINAS', 'GALLETAS', '10', '0', null, '100', '10134', 'Almacen01', '100', '01.A.a.1', '0', null, '0', null, null, null);
INSERT INTO `productos` VALUES ('2130', 'SUN MAID PASAS NATURALES (6x42.5GR)', 'NS', '7.80', 'KING DAVID DELICATESSES DEL PERU S.A.C', 'SNACKS', 'SNACKS', '10', '0', null, '100', '11212', 'Almacen01', '100', '01.A.a.1', '0', null, '0', null, null, null);
INSERT INTO `productos` VALUES ('2141', 'NESTLE PRINCESA BARRA (20x32GR)', 'NS', '16.77', 'NESTLE PERU S.A.', 'GOLOSINAS', 'CHOCOLATES', '10', '0', null, '100', '10902', 'Almacen01', '100', '01.A.a.1', '0', null, '0', null, null, null);
INSERT INTO `productos` VALUES ('2146', 'NESCAFE TRADICION FRASCO (50GR)', 'NS', '5.92', 'NESTLE PERU S.A.', 'ALIMENTOS ENVASADOS', 'CAFÉ', '10', '0', null, '100', '10902', 'Almacen01', '100', '01.A.a.1', '0', null, '0', null, null, null);
INSERT INTO `productos` VALUES ('2174', 'GLORIA JUGO MARACUYA (1LT)', 'NS', '2.42', 'GLORIA S.A.', 'BEBIDAS', 'JUGOS Y NECTARES', '10', '0', null, '100', '10430', 'Almacen01', '100', '01.A.a.1', '0', null, '0', null, null, null);
INSERT INTO `productos` VALUES ('2239', 'FANNY PIÑA EN RODAJAS (567GR)', 'NS', '4.38', 'MOLITALIA S.A.', 'ALIMENTOS ENVASADOS', 'CONSERVAS', '10', '0', null, '100', '10139', 'Almacen01', '100', '01.A.a.1', '0', null, '0', null, null, null);
INSERT INTO `productos` VALUES ('2241', 'FANNY DURAZNOS EN MITADES (820GR)', 'NS', '6.15', 'MOLITALIA S.A.', 'ALIMENTOS ENVASADOS', 'CONSERVAS', '10', '0', null, '100', '10139', 'Almacen01', '100', '01.A.a.1', '0', null, '0', null, null, null);
INSERT INTO `productos` VALUES ('2246', 'CAFETERA DOLCE GUSTO GENIO MATE NEGRO (2.4KG)', 'NS', '359.21', 'NESTLE PERU S.A.', 'ALIMENTOS ENVASADOS', 'CAFÉ', '10', '0', null, '100', '10902', 'Almacen01', '100', '01.A.a.1', '0', null, '0', null, null, null);
INSERT INTO `productos` VALUES ('2268', 'CADBURY ADAMS HALLS CHERRY BARRA (12x34GR)', 'NS', '9.46', 'BARZOLA ALTAMIRANO YENNY ROCIO', 'GOLOSINAS', 'CARAMELOS', '10', '0', null, '100', '12732', 'Almacen01', '100', '01.A.a.1', '0', null, '0', null, null, null);
INSERT INTO `productos` VALUES ('2277', 'LA IBERICA PASTILLAS DE LECHE CAJA (100GR)', 'NS', '7.73', 'DISTRIBUIDORA VINUM S.A. - DIVINUM', 'GOLOSINAS', 'CHOCOLATES', '10', '0', null, '100', '11508', 'Almacen01', '100', '01.A.a.1', '0', null, '0', null, null, null);
INSERT INTO `productos` VALUES ('2278', 'SNYDERS PRETZELS STICKS CHICO (1.5ONZA)', 'NS', '1.40', 'KMC INTERNATIONAL SAC', 'SNACKS', 'SNACKS', '10', '0', null, '100', '10531', 'Almacen01', '100', '01.A.a.1', '0', null, '0', null, null, null);
INSERT INTO `productos` VALUES ('2331', 'ACEITUNA JAMON LATA (300GR)', 'NS', '7.16', 'KING DAVID DELICATESSES DEL PERU S.A.C', 'ALIMENTOS ENVASADOS', 'CONSERVAS', '10', '0', null, '100', '11212', 'Almacen01', '100', '01.A.a.1', '0', null, '0', null, null, null);
INSERT INTO `productos` VALUES ('2333', 'BONNE MAMAN MERMELADA FRESA (370GR)', 'NS', '11.48', 'KING DAVID DELICATESSES DEL PERU S.A.C', 'ALIMENTOS ENVASADOS', 'MERMELADA', '10', '0', null, '100', '11212', 'Almacen01', '100', '01.A.a.1', '0', null, '0', null, null, null);
INSERT INTO `productos` VALUES ('2336', 'ADAMS TRIDENT FRESH INTENSE (18x8.5GR)', 'NS', '16.59', 'KRAFT FOODS PERU S.A.', 'GOLOSINAS', 'GOMA DE MASCAR', '10', '0', null, '100', '10134', 'Almacen01', '100', '01.A.a.1', '0', null, '0', null, null, null);
INSERT INTO `productos` VALUES ('2337', 'ADAMS CHICLETS MENTA (100x3GR)', 'NS', '9.74', 'KRAFT FOODS PERU S.A.', 'GOLOSINAS', 'GOMA DE MASCAR', '10', '0', null, '100', '10134', 'Almacen01', '100', '01.A.a.1', '0', null, '0', null, null, null);
INSERT INTO `productos` VALUES ('2341', 'HUNTS SNACKPACK  STRAWERRY (4x3.25ONZA)', 'NS', '7.53', 'KMC INTERNATIONAL SAC', 'GOLOSINAS', 'PUDINES', '10', '0', null, '100', '10531', 'Almacen01', '100', '01.A.a.1', '0', null, '0', null, null, null);
INSERT INTO `productos` VALUES ('2342', 'ADAMS CHICLETS MENTA 20S (20x17.4GR)', 'NS', '17.09', 'KRAFT FOODS PERU S.A.', 'GOLOSINAS', 'GOMA DE MASCAR', '10', '0', null, '100', '10134', 'Almacen01', '100', '01.A.a.1', '0', null, '0', null, null, null);
INSERT INTO `productos` VALUES ('2343', 'ADAMS CLORETS GOMA (GRANDE) (20x16.8GR)', 'NS', '17.09', 'KRAFT FOODS PERU S.A.', 'GOLOSINAS', 'GOMA DE MASCAR', '10', '0', null, '100', '10134', 'Almacen01', '100', '01.A.a.1', '0', null, '0', null, null, null);
INSERT INTO `productos` VALUES ('2344', 'GLORIA YOGURT NIÑOS GRANADILLA (200GR)', 'NS', '1.18', 'GLORIA S.A.', 'BEBIDAS', 'YOGURT', '10', '0', null, '100', '10430', 'Almacen01', '100', '01.A.a.1', '0', null, '0', null, null, null);
INSERT INTO `productos` VALUES ('2346', 'ADAMS HALLS BARRA MENTHOL LYPTUS (12x34GR)', 'NS', '9.89', 'KRAFT FOODS PERU S.A.', 'GOLOSINAS', 'CARAMELOS', '10', '0', null, '100', '10134', 'Almacen01', '100', '01.A.a.1', '0', null, '0', null, null, null);
INSERT INTO `productos` VALUES ('2347', 'ADAMS HALLS BARRA CHERRY LYPTUS (12x34GR)', 'NS', '9.89', 'KRAFT FOODS PERU S.A.', 'GOLOSINAS', 'CARAMELOS', '10', '0', null, '100', '10134', 'Almacen01', '100', '01.A.a.1', '0', null, '0', null, null, null);
INSERT INTO `productos` VALUES ('2348', 'ADAMS SPARKIES (20x25GR)', 'NS', '18.19', 'KRAFT FOODS PERU S.A.', 'GOLOSINAS', 'CARAMELOS', '10', '0', null, '100', '10134', 'Almacen01', '100', '01.A.a.1', '0', null, '0', null, null, null);
INSERT INTO `productos` VALUES ('2350', 'ZENSEX EXTREME CONDOM (3UND)', 'NS', '4.13', 'DROKASA PERU S.A.', 'HIGIENE PERSONAL', 'PRESERVATIVOS', '10', '0', null, '100', '10010', 'Almacen01', '100', '01.A.a.1', '0', null, '0', null, null, null);
INSERT INTO `productos` VALUES ('2352', 'CRICKETS CHIFLES PICANTE (150GR)', 'NS', '3.20', 'INDUSTRIAS AGRICOLAS SRL', 'SNACKS', 'SNACKS', '10', '0', null, '100', '10569', 'Almacen01', '100', '01.A.a.1', '0', null, '0', null, null, null);
INSERT INTO `productos` VALUES ('2353', 'ADAMS HALLS BOLSA MENTHOL LYPTUS (100x4.5GR)', 'NS', '7.97', 'KRAFT FOODS PERU S.A.', 'GOLOSINAS', 'CARAMELOS', '10', '0', null, '100', '10134', 'Almacen01', '100', '01.A.a.1', '0', null, '0', null, null, null);
INSERT INTO `productos` VALUES ('2359', 'ADAMS TRIDENT MENTA (18x8.5GR)', 'NS', '16.59', 'KRAFT FOODS PERU S.A.', 'GOLOSINAS', 'GOMA DE MASCAR', '10', '0', null, '100', '10134', 'Almacen01', '100', '01.A.a.1', '0', null, '0', null, null, null);
INSERT INTO `productos` VALUES ('2369', 'ARUBA CITRUS PUNCH (400ML)', 'NS', '0.86', 'GLORIA S.A.', 'BEBIDAS', 'JUGOS Y NECTARES', '10', '0', null, '100', '10430', 'Almacen01', '100', '01.A.a.1', '0', null, '0', null, null, null);
INSERT INTO `productos` VALUES ('2386', 'ADAMS HALLS BOLSA CHERRY LYPTUS (100x4.5GR)', 'NS', '7.97', 'KRAFT FOODS PERU S.A.', 'GOLOSINAS', 'CARAMELOS', '10', '0', null, '100', '10134', 'Almacen01', '100', '01.A.a.1', '0', null, '0', null, null, null);
INSERT INTO `productos` VALUES ('2395', 'WAFER CASINO PACK CHOCOLATE (6x33.6GR)', 'NS', '2.32', 'ALICORP S.A', 'GOLOSINAS', 'WAFFERS', '10', '0', null, '100', '10015', 'Almacen01', '100', '01.A.a.1', '0', null, '0', null, null, null);
INSERT INTO `productos` VALUES ('2396', 'WAFER CASINO PACK FRESA (6x33.6GR)', 'NS', '2.32', 'ALICORP S.A', 'GOLOSINAS', 'WAFFERS', '10', '0', null, '100', '10015', 'Almacen01', '100', '01.A.a.1', '0', null, '0', null, null, null);
INSERT INTO `productos` VALUES ('2397', 'WAFER CASINO IND. VAINILLA (84GR)', 'NS', '0.95', 'ALICORP S.A', 'GOLOSINAS', 'WAFFERS', '10', '0', null, '100', '10015', 'Almacen01', '100', '01.A.a.1', '0', null, '0', null, null, null);
INSERT INTO `productos` VALUES ('2399', 'MYLANTA DOS TABLETA (145UND)', 'NS', '92.49', 'JOHNSON & JOHNSON DEL PERU S.A.', 'FARMACOS', 'ANALGESICO', '10', '0', null, '100', '10412', 'Almacen01', '100', '01.A.a.1', '0', null, '0', null, null, null);
INSERT INTO `productos` VALUES ('2410', 'WAFER CASINO IND. CHOCOLATE (84GR)', 'NS', '0.95', 'ALICORP S.A', 'GOLOSINAS', 'WAFFERS', '10', '0', null, '100', '10015', 'Almacen01', '100', '01.A.a.1', '0', null, '0', null, null, null);
INSERT INTO `productos` VALUES ('2438', 'GLORIA TROZOS DE ATUN A/V (170GR)', 'NS', '5.27', 'GLORIA S.A.', 'ALIMENTOS ENVASADOS', 'CONSERVAS', '10', '0', null, '100', '10430', 'Almacen01', '100', '01.A.a.1', '0', null, '0', null, null, null);
INSERT INTO `productos` VALUES ('2443', 'SNYDERS PRETZELS MINI (9ONZA)', 'NS', '7.74', 'KMC INTERNATIONAL SAC', 'SNACKS', 'SNACKS', '10', '0', null, '100', '10531', 'Almacen01', '100', '01.A.a.1', '0', null, '0', null, null, null);
INSERT INTO `productos` VALUES ('2463', 'SNYDERS PRETZELS STICKS (9ONZA)', 'NS', '7.74', 'KMC INTERNATIONAL SAC', 'SNACKS', 'SNACKS', '10', '0', null, '100', '10531', 'Almacen01', '100', '01.A.a.1', '0', null, '0', null, null, null);
INSERT INTO `productos` VALUES ('2510', 'FERRERO CAMPANA T16 (200GR)', 'NS', '33.44', 'KING DAVID DELICATESSES DEL PERU S.A.C', 'GOLOSINAS', 'CHOCOLATES', '10', '0', null, '100', '11212', 'Almacen01', '100', '01.A.a.1', '0', null, '0', null, null, null);
INSERT INTO `productos` VALUES ('2538', 'TAMPICO CITRUS PUNCH (1.87GAL)', 'NS', '3.87', 'GLORIA S.A.', 'BEBIDAS', 'JUGOS Y NECTARES', '10', '0', null, '100', '10430', 'Almacen01', '100', '01.A.a.1', '0', null, '0', null, null, null);
INSERT INTO `productos` VALUES ('2569', 'GELCE BANANA CHIPS (40GR)', 'NS', '1.17', 'FRUTOS & SNACKS GELCE S.A.C.', 'SNACKS', 'SNACKS', '10', '0', null, '100', '11821', 'Almacen01', '100', '01.A.a.1', '0', null, '0', null, null, null);
INSERT INTO `productos` VALUES ('2580', 'CEREAL BAR CHOCOCEREAL X 12 (12x21GR)', 'NS', '5.38', 'MOLITALIA S.A.', 'ALIMENTOS ENVASADOS', 'CEREALES', '10', '0', null, '100', '10139', 'Almacen01', '100', '01.A.a.1', '0', null, '0', null, null, null);
INSERT INTO `productos` VALUES ('2581', 'CEREAL BAR GOLDEN CEREAL X 12 (12x21GR)', 'NS', '5.38', 'MOLITALIA S.A.', 'ALIMENTOS ENVASADOS', 'CEREALES', '10', '0', null, '100', '10139', 'Almacen01', '100', '01.A.a.1', '0', null, '0', null, null, null);
INSERT INTO `productos` VALUES ('2586', 'CEREAL BAR CHIPS X 12 (12x21GR)', 'NS', '5.38', 'MOLITALIA S.A.', 'ALIMENTOS ENVASADOS', 'CEREALES', '10', '0', null, '100', '10139', 'Almacen01', '100', '01.A.a.1', '0', null, '0', null, null, null);
INSERT INTO `productos` VALUES ('2590', 'GELCE VEGGIE CHIPS (43GR)', 'NS', '1.17', 'FRUTOS & SNACKS GELCE S.A.C.', 'SNACKS', 'SNACKS', '10', '0', null, '100', '11821', 'Almacen01', '100', '01.A.a.1', '0', null, '0', null, null, null);
INSERT INTO `productos` VALUES ('2647', 'TAMPICO ISLAN PUNCH (400ML)', 'NS', '0.96', 'GLORIA S.A.', 'BEBIDAS', 'JUGOS Y NECTARES', '10', '0', null, '100', '10430', 'Almacen01', '100', '01.A.a.1', '0', null, '0', null, null, null);
INSERT INTO `productos` VALUES ('2667', 'MR. CHIPS PAPAS NATURALES CHICAS (22GR)', 'NS', '0.40', 'DEPRODECA SAC', 'SNACKS', 'SNACKS', '10', '0', null, '100', '10520', 'Almacen01', '100', '01.A.a.1', '0', null, '0', null, null, null);
INSERT INTO `productos` VALUES ('2670', 'GELCE YUQUITAS CHIPS (36GR)', 'NS', '1.17', 'FRUTOS & SNACKS GELCE S.A.C.', 'SNACKS', 'SNACKS', '10', '0', null, '100', '11821', 'Almacen01', '100', '01.A.a.1', '0', null, '0', null, null, null);
INSERT INTO `productos` VALUES ('2672', 'GELCE VEGGIE CHIPS (125GR)', 'NS', '3.32', 'FRUTOS & SNACKS GELCE S.A.C.', 'SNACKS', 'SNACKS', '10', '0', null, '100', '11821', 'Almacen01', '100', '01.A.a.1', '0', null, '0', null, null, null);
INSERT INTO `productos` VALUES ('2730', 'HUNTS SNACKPACK PUDIN VAINILLA (4x3.25ONZA)', 'NS', '7.53', 'KMC INTERNATIONAL SAC', 'GOLOSINAS', 'PUDINES', '10', '0', null, '100', '10531', 'Almacen01', '100', '01.A.a.1', '0', null, '0', null, null, null);
INSERT INTO `productos` VALUES ('2749', 'ADAMS TRIDENT HERBAL (18x8.5GR)', 'NS', '16.59', 'KRAFT FOODS PERU S.A.', 'GOLOSINAS', 'GOMA DE MASCAR', '10', '0', null, '100', '10134', 'Almacen01', '100', '01.A.a.1', '0', null, '0', null, null, null);
INSERT INTO `productos` VALUES ('2776', 'MELLOWS SURTIDOS AMBROSOLI (230GR)', 'NS', '2.97', 'MOLITALIA S.A.', 'GOLOSINAS', 'MARHSMALLOWS', '10', '0', null, '100', '10139', 'Almacen01', '100', '01.A.a.1', '0', null, '0', null, null, null);
INSERT INTO `productos` VALUES ('2777', 'AFRICAMELLOWS AMBROSOLI (60GR)', 'NS', '0.95', 'MOLITALIA S.A.', 'GOLOSINAS', 'MARHSMALLOWS', '10', '0', null, '100', '10139', 'Almacen01', '100', '01.A.a.1', '0', null, '0', null, null, null);
INSERT INTO `productos` VALUES ('2779', 'DOÑA PEPA (30x23GR)', 'NS', '16.67', 'KRAFT FOODS PERU S.A.', 'GOLOSINAS', 'CHOCOLATES', '10', '0', null, '100', '10134', 'Almacen01', '100', '01.A.a.1', '0', null, '0', null, null, null);
INSERT INTO `productos` VALUES ('2783', 'CUA CUA (30x18GR)', 'NS', '13.82', 'KRAFT FOODS PERU S.A.', 'GOLOSINAS', 'CHOCOLATES', '10', '0', null, '100', '10134', 'Almacen01', '100', '01.A.a.1', '0', null, '0', null, null, null);
INSERT INTO `productos` VALUES ('2797', 'ECO BEBE BASE CEBADA (195GR)', 'NS', '5.50', 'NESTLE PERU S.A.', 'ALIMENTOS ENVASADOS', 'CAFÉ', '10', '0', null, '100', '10902', 'Almacen01', '100', '01.A.a.1', '0', null, '0', null, null, null);
INSERT INTO `productos` VALUES ('2824', 'GLORIA LECHE EVAP. DHA NIÑOS (410GR)', 'NS', '3.29', 'GLORIA S.A.', 'ALIMENTOS ENVASADOS', 'LACTEOS', '10', '0', null, '100', '10430', 'Almacen01', '100', '01.A.a.1', '0', null, '0', null, null, null);
INSERT INTO `productos` VALUES ('2842', 'LA IBERICA BOMBONES DULCE ILUSION (200GR)', 'NS', '23.67', 'DISTRIBUIDORA VINUM S.A. - DIVINUM', 'GOLOSINAS', 'BOMBONES', '10', '0', null, '100', '11508', 'Almacen01', '100', '01.A.a.1', '0', null, '0', null, null, null);
INSERT INTO `productos` VALUES ('2871', 'WERTHER\'S ORIGINAL CREAM CANDIES (150GR)', 'US', '2.78', 'EUROGOURMET S.A.C.', 'GOLOSINAS', 'CARAMELOS', '10', '0', null, '100', '10124', 'Almacen01', '100', '01.A.a.1', '0', null, '0', null, null, null);
INSERT INTO `productos` VALUES ('2897', 'RENUZIT AROMA LAVANDA FRESH (7.5ONZA)', 'NS', '5.11', 'KMC INTERNATIONAL SAC', 'HIGIENE AMBIENTAL', 'AMBIENTADORES', '10', '0', null, '100', '10531', 'Almacen01', '100', '01.A.a.1', '0', null, '0', null, null, null);
INSERT INTO `productos` VALUES ('2912', 'NEGRITA GELATINA  FRESA (180GR)', 'NS', '2.54', 'ALICORP S.A', 'ALIMENTOS ENVASADOS', 'GELATINA', '10', '0', null, '100', '10015', 'Almacen01', '100', '01.A.a.1', '0', null, '0', null, null, null);
INSERT INTO `productos` VALUES ('2972', 'MINI CHIPS AHOY (50GR)', 'NS', '0.87', 'KRAFT FOODS PERU S.A.', 'GOLOSINAS', 'GALLETAS', '10', '0', null, '100', '10134', 'Almacen01', '100', '01.A.a.1', '0', null, '0', null, null, null);
INSERT INTO `productos` VALUES ('3108', 'NESTLE NESCAFE VASO 16oz Npro (50UND)', 'NS', '12.98', 'NESTLE PERU S.A.', 'ALIMENTOS ENVASADOS', 'CAFE, TE', '10', '0', null, '100', '10902', 'Almacen01', '100', '01.A.a.1', '0', null, '0', null, null, null);
INSERT INTO `productos` VALUES ('3116', 'SPLENDA SOBRES (100UND)', 'NS', '23.62', 'JOHNSON & JOHNSON DEL PERU S.A.', 'ALIMENTOS ENVASADOS', 'AZUCAR', '10', '0', null, '100', '10412', 'Almacen01', '100', '01.A.a.1', '0', null, '0', null, null, null);
INSERT INTO `productos` VALUES ('3120', 'SPLENDA GRANULAR (110GR)', 'NS', '23.27', 'JOHNSON & JOHNSON DEL PERU S.A.', 'ALIMENTOS ENVASADOS', 'AZUCAR', '10', '0', null, '100', '10412', 'Almacen01', '100', '01.A.a.1', '0', null, '0', null, null, null);
INSERT INTO `productos` VALUES ('3123', 'LISTERINE CUIDADO TOTAL GALON (3785ML)', 'NS', '84.76', 'JOHNSON & JOHNSON DEL PERU S.A.', 'HIGIENE PERSONAL', 'ENJUAGUES BUCALES', '10', '0', null, '100', '10412', 'Almacen01', '100', '01.A.a.1', '0', null, '0', null, null, null);
INSERT INTO `productos` VALUES ('3138', 'PAISANA LENTEJA (500GR)', 'NS', '3.58', 'ALICORP S.A', 'ALIMENTOS ENVASADOS', 'MENESTRAS', '10', '0', null, '100', '10015', 'Almacen01', '100', '01.A.a.1', '0', null, '0', null, null, null);
INSERT INTO `productos` VALUES ('3183', 'MILKY WAY XMAS MINIATURES (11.5ONZA)', 'NS', '12.05', 'MASTER FOODS PERU SCRL', 'GOLOSINAS', 'CHOCOLATES', '10', '0', null, '100', '10360', 'Almacen01', '100', '01.A.a.1', '0', null, '0', null, null, null);
INSERT INTO `productos` VALUES ('3212', 'GLORIA SOLIDO DE ATUN (170GR)', 'NS', '4.84', 'GLORIA S.A.', 'ALIMENTOS ENVASADOS', 'CONSERVAS', '10', '0', null, '100', '10430', 'Almacen01', '100', '01.A.a.1', '0', null, '0', null, null, null);
INSERT INTO `productos` VALUES ('3222', 'WAFER CASINO IND. FRESA (84GR)', 'NS', '0.95', 'ALICORP S.A', 'GOLOSINAS', 'WAFFERS', '10', '0', null, '100', '10015', 'Almacen01', '100', '01.A.a.1', '0', null, '0', null, null, null);
INSERT INTO `productos` VALUES ('3231', 'GOMAS PRINCESAS AMBROSOLI (12x25GR)', 'NS', '6.05', 'MOLITALIA S.A.', 'GOLOSINAS', 'GOMAS', '10', '0', null, '100', '10139', 'Almacen01', '100', '01.A.a.1', '0', null, '0', null, null, null);
INSERT INTO `productos` VALUES ('3244', 'NEGRITA CHICHA MORADA (12UND)', 'NS', '7.84', 'ALICORP S.A', 'BEBIDAS', 'REFRESCOS', '10', '0', null, '100', '10015', 'Almacen01', '100', '01.A.a.1', '0', null, '0', null, null, null);
INSERT INTO `productos` VALUES ('3245', 'GHIRARDELLI DARK WITH ORANGE BAR (100GR)', 'NS', '10.10', 'KING DAVID DELICATESSES DEL PERU S.A.C', 'GOLOSINAS', 'CHOCOLATES', '10', '0', null, '100', '11212', 'Almacen01', '100', '01.A.a.1', '0', null, '0', null, null, null);
INSERT INTO `productos` VALUES ('3246', 'GHIRARDELLI EVENING DREAM WITH 60% DARK (100GR)', 'NS', '11.57', 'KING DAVID DELICATESSES DEL PERU S.A.C', 'GOLOSINAS', 'CHOCOLATES', '10', '0', null, '100', '11212', 'Almacen01', '100', '01.A.a.1', '0', null, '0', null, null, null);
INSERT INTO `productos` VALUES ('3268', 'CRICKETS MANI CONFITADO (100GR)', 'NS', '2.32', 'INDUSTRIAS AGRICOLAS SRL', 'SNACKS', 'SNACKS', '10', '0', null, '100', '10569', 'Almacen01', '100', '01.A.a.1', '0', null, '0', null, null, null);
INSERT INTO `productos` VALUES ('3316', 'M&M PLAIN CHOCOLTE CANDIES MILK (MARRON) (1.69ONZA)', 'NS', '2.42', 'MASTER FOODS PERU SCRL', 'GOLOSINAS', 'CHOCOLATES', '10', '0', null, '100', '10360', 'Almacen01', '100', '01.A.a.1', '0', null, '0', null, null, null);
INSERT INTO `productos` VALUES ('4141', 'MILKITO YOGURT FRESA (1KG)', 'NS', '4.87', 'GLORIA S.A.', 'BEBIDAS', 'YOGURT', '10', '0', null, '100', '10430', 'Almacen01', '100', '01.A.a.1', '0', null, '0', null, null, null);
INSERT INTO `productos` VALUES ('4144', 'ACEITE PRIMOR PREMIUM Nuevo (1LT)', 'NS', '7.80', 'ALICORP S.A', 'ALIMENTOS ENVASADOS', 'ACEITE VEGETAL', '10', '0', null, '100', '10015', 'Almacen01', '100', '01.A.a.1', '0', null, '0', null, null, null);
INSERT INTO `productos` VALUES ('4171', 'SUN MAID PASAS NATURALES (250GR)', 'NS', '7.34', 'KING DAVID DELICATESSES DEL PERU S.A.C', 'SNACKS', 'SNACKS', '10', '0', null, '100', '11212', 'Almacen01', '100', '01.A.a.1', '0', null, '0', null, null, null);
INSERT INTO `productos` VALUES ('4224', 'ALFAJORES TINKAY CHOCOLATE (45GR)', 'NS', '2.52', 'INDUSTRIAL PERUANA HOLANDESA S.A.C.', 'GOLOSINAS', 'CHOCOLATES', '10', '0', null, '100', '10697', 'Almacen01', '100', '01.A.a.1', '0', null, '0', null, null, null);
INSERT INTO `productos` VALUES ('4228', 'GLORIA MERMELADA FRESA SACHET (100GR)', 'NS', '1.08', 'GLORIA S.A.', 'ALIMENTOS ENVASADOS', 'MERMELADA', '10', '0', null, '100', '10430', 'Almacen01', '100', '01.A.a.1', '0', null, '0', null, null, null);
INSERT INTO `productos` VALUES ('4244', 'COLGATE CEPILLO PREM. ULTRA ADULTO (1UND)', 'NS', '1.44', 'COLGATE PALMOLIVE PERU S.A.', 'HIGIENE PERSONAL', 'CEPILLOS DENTALES', '10', '0', null, '100', '10050', 'Almacen01', '100', '01.A.a.1', '0', null, '0', null, null, null);
INSERT INTO `productos` VALUES ('4307', 'FRAC CHOCOLATE COSTA (6x44GR)', 'NS', '2.91', 'MOLITALIA S.A.', 'GOLOSINAS', 'GALLETAS', '10', '0', null, '100', '10139', 'Almacen01', '100', '01.A.a.1', '0', null, '0', null, null, null);
INSERT INTO `productos` VALUES ('4308', 'FRAC VAINILLA COSTA (6x44GR)', 'NS', '2.91', 'MOLITALIA S.A.', 'GOLOSINAS', 'GALLETAS', '10', '0', null, '100', '10139', 'Almacen01', '100', '01.A.a.1', '0', null, '0', null, null, null);
INSERT INTO `productos` VALUES ('4309', 'FRAC CLASICA COSTA (6x44GR)', 'NS', '2.91', 'MOLITALIA S.A.', 'GOLOSINAS', 'GALLETAS', '10', '0', null, '100', '10139', 'Almacen01', '100', '01.A.a.1', '0', null, '0', null, null, null);
INSERT INTO `productos` VALUES ('4312', 'MINI CUA CUA (42GR)', 'NS', '0.88', 'KRAFT FOODS PERU S.A.', 'GOLOSINAS', 'CHOCOLATES', '10', '0', null, '100', '10134', 'Almacen01', '100', '01.A.a.1', '0', null, '0', null, null, null);
INSERT INTO `productos` VALUES ('4319', 'JOHNSON B. ESTUCHE REGALO BASICO (1UND)', 'NS', '13.46', 'JOHNSON & JOHNSON DEL PERU S.A.', 'HIGIENE PERSONAL', 'TALCOS', '10', '0', null, '100', '10412', 'Almacen01', '100', '01.A.a.1', '0', null, '0', null, null, null);
INSERT INTO `productos` VALUES ('4321', 'JOHNSON B. SHAMPOO ORIGINAL (240ML)', 'NS', '12.59', 'JOHNSON & JOHNSON DEL PERU S.A.', 'HIGIENE PERSONAL', 'SHAMPOOES', '10', '0', null, '100', '10412', 'Almacen01', '100', '01.A.a.1', '0', null, '0', null, null, null);
INSERT INTO `productos` VALUES ('4331', 'TAMPICO CITRUS PUNCH GALON (3.78GAL)', 'NS', '7.38', 'GLORIA S.A.', 'BEBIDAS', 'JUGOS Y NECTARES', '10', '0', null, '100', '10430', 'Almacen01', '100', '01.A.a.1', '0', null, '0', null, null, null);
INSERT INTO `productos` VALUES ('4333', 'AMBRUJOS OJO CICLOPE (102GR)', 'NS', '4.39', 'MOLITALIA S.A.', 'GOLOSINAS', 'CARAMELOS', '10', '0', null, '100', '10139', 'Almacen01', '100', '01.A.a.1', '0', null, '0', null, null, null);
INSERT INTO `productos` VALUES ('4392', 'GRAN CEREAL CHOCOLATE (CACAO) (6x40GR)', 'NS', '2.69', 'MOLITALIA S.A.', 'GOLOSINAS', 'GALLETAS', '10', '0', null, '100', '10139', 'Almacen01', '100', '01.A.a.1', '0', null, '0', null, null, null);
INSERT INTO `productos` VALUES ('4395', 'ADAMS HALLS BARRA CREAMY DURAZNO (12x33.3GR)', 'NS', '9.89', 'KRAFT FOODS PERU S.A.', 'GOLOSINAS', 'CARAMELOS', '10', '0', null, '100', '10134', 'Almacen01', '100', '01.A.a.1', '0', null, '0', null, null, null);
INSERT INTO `productos` VALUES ('4406', 'MAGGIE LA ROJITA DOY PACK (245GR)', 'NS', '2.81', 'NESTLE PERU S.A.', 'ALIMENTOS ENVASADOS', 'SALSAS Y CONDIMENTOS', '10', '0', null, '100', '10902', 'Almacen01', '100', '01.A.a.1', '0', null, '0', null, null, null);
INSERT INTO `productos` VALUES ('4438', 'NESCAFE TRADICION ZIPPER (50GR)', 'NS', '5.35', 'NESTLE PERU S.A.', 'ALIMENTOS ENVASADOS', 'CAFÉ', '10', '0', null, '100', '10902', 'Almacen01', '100', '01.A.a.1', '0', null, '0', null, null, null);
INSERT INTO `productos` VALUES ('4442', 'NESTLE SUBLIME ALMENDRAS GRAGEAS (20x24GR)', 'NS', '14.29', 'NESTLE PERU S.A.', 'GOLOSINAS', 'CHOCOLATES', '10', '0', null, '100', '10902', 'Almacen01', '100', '01.A.a.1', '0', null, '0', null, null, null);
INSERT INTO `productos` VALUES ('4493', 'KOLYNOS CREMA DENTAL CHICO (22ML)', 'NS', '1.22', 'COLGATE PALMOLIVE PERU S.A.', 'HIGIENE PERSONAL', 'PASTAS DENTALES', '10', '0', null, '100', '10050', 'Almacen01', '100', '01.A.a.1', '0', null, '0', null, null, null);
INSERT INTO `productos` VALUES ('4561', 'ADAMS HALLS XS SANDIA (12x17GR)', 'NS', '13.27', 'KRAFT FOODS PERU S.A.', 'GOLOSINAS', 'CARAMELOS', '10', '0', null, '100', '10134', 'Almacen01', '100', '01.A.a.1', '0', null, '0', null, null, null);
INSERT INTO `productos` VALUES ('4567', 'NESTLE NESTEA TAPA 16oz (100UND)', 'NS', '11.21', 'NESTLE PERU S.A.', 'DESCARTABLES', 'TAPA', '10', '0', null, '100', '10902', 'Almacen01', '100', '01.A.a.1', '0', null, '0', null, null, null);
INSERT INTO `productos` VALUES ('4570', 'AVENGERS DIG N’ DIP (6x1UND)', 'NS', '24.15', 'MIKA INVERSIONES S.A.C', 'GOLOSINAS', 'CARAMELOS', '10', '0', null, '100', null, 'Almacen01', '100', '01.A.a.1', '0', null, '0', null, null, null);
INSERT INTO `productos` VALUES ('4596', 'NESTLE LENTEJAS CAJITA (20x32GR)', 'NS', '16.76', 'NESTLE PERU S.A.', 'GOLOSINAS', 'CHOCOLATES', '10', '0', null, '100', '10902', 'Almacen01', '100', '01.A.a.1', '0', null, '0', null, null, null);
INSERT INTO `productos` VALUES ('4597', 'NESTLE LENTEJAS CRISPY (20x18GR)', 'NS', '8.50', 'NESTLE PERU S.A.', 'GOLOSINAS', 'CHOCOLATES', '10', '0', null, '100', '10902', 'Almacen01', '100', '01.A.a.1', '0', null, '0', null, null, null);
INSERT INTO `productos` VALUES ('4607', 'KRAKER BRAN BELVITA (9x30GR)', 'NS', '5.16', 'KRAFT FOODS PERU S.A.', 'GOLOSINAS', 'GALLETAS', '10', '0', null, '100', '10134', 'Almacen01', '100', '01.A.a.1', '0', null, '0', null, null, null);
INSERT INTO `productos` VALUES ('4663', 'FANNY COCKTAIL DE FRUTAS (820GR)', 'NS', '6.99', 'MOLITALIA S.A.', 'ALIMENTOS ENVASADOS', 'CONSERVAS', '10', '0', null, '100', '10139', 'Almacen01', '100', '01.A.a.1', '0', null, '0', null, null, null);
INSERT INTO `productos` VALUES ('4677', 'BACCI BULK BOLSA (15x1UND)', 'NS', '23.17', 'HELENA VENTAS S.A.C', 'GOLOSINAS', 'CHOCOLATES', '10', '0', null, '100', '11154', 'Almacen01', '100', '01.A.a.1', '0', null, '0', null, null, null);
INSERT INTO `productos` VALUES ('4678', 'SEÑOR MAIZ PICANTE (30GR)', 'NS', '1.15', 'HELENA VENTAS S.A.C', 'SNACKS', 'SNACKS', '10', '0', null, '100', '11154', 'Almacen01', '100', '01.A.a.1', '0', null, '0', null, null, null);
INSERT INTO `productos` VALUES ('4679', 'SEÑOR MAIZ QUESO (100GR)', 'NS', '4.12', 'HELENA VENTAS S.A.C', 'SNACKS', 'SNACKS', '10', '0', null, '100', '11154', 'Almacen01', '100', '01.A.a.1', '0', null, '0', null, null, null);
INSERT INTO `productos` VALUES ('4683', 'GLORIA YOGURT ACTIBIO FRESA (200GR)', 'NS', '1.28', 'GLORIA S.A.', 'BEBIDAS', 'YOGURT', '10', '0', null, '100', '10430', 'Almacen01', '100', '01.A.a.1', '0', null, '0', null, null, null);
INSERT INTO `productos` VALUES ('4728', 'NIK BAÑADO COSTA (6x24GR)', 'NS', '2.70', 'MOLITALIA S.A.', 'GOLOSINAS', 'WAFFERS', '10', '0', null, '100', '10139', 'Almacen01', '100', '01.A.a.1', '0', null, '0', null, null, null);
INSERT INTO `productos` VALUES ('4730', 'HELLO KITTY MARSHMELLOW POP (1UND)', 'NS', '5.66', 'MIKA INVERSIONES S.A.C', 'GOLOSINAS', 'CARAMELOS', '10', '0', null, '100', null, 'Almacen01', '100', '01.A.a.1', '0', null, '0', null, null, null);
INSERT INTO `productos` VALUES ('4731', 'KIT KAT (24x45GR)', 'NS', '57.95', 'NESTLE PERU S.A.', 'GOLOSINAS', 'CHOCOLATES', '10', '0', null, '100', '10902', 'Almacen01', '100', '01.A.a.1', '0', null, '0', null, null, null);
INSERT INTO `productos` VALUES ('4733', 'JOHNSON B. JABON GLICERINA (80GR)', 'NS', '2.51', 'JOHNSON & JOHNSON DEL PERU S.A.', 'HIGIENE PERSONAL', 'JABONES', '10', '0', null, '100', '10412', 'Almacen01', '100', '01.A.a.1', '0', null, '0', null, null, null);
INSERT INTO `productos` VALUES ('4734', 'CAREZZA BOMBONES C/ALMENDRA COSTA (210GR)', 'NS', '16.95', 'MOLITALIA S.A.', 'GOLOSINAS', 'BOMBONES', '10', '0', null, '100', '10139', 'Almacen01', '100', '01.A.a.1', '0', null, '0', null, null, null);
INSERT INTO `productos` VALUES ('4738', 'VIZZIO COSTA (80GR)', 'NS', '3.05', 'MOLITALIA S.A.', 'GOLOSINAS', 'CHOCOLATES', '10', '0', null, '100', '10139', 'Almacen01', '100', '01.A.a.1', '0', null, '0', null, null, null);
INSERT INTO `productos` VALUES ('4741', 'ALFAJORES TINKAY CHOCOLATE (12x25GR)', 'NS', '16.80', 'INDUSTRIAL PERUANA HOLANDESA S.A.C.', 'GOLOSINAS', 'CHOCOLATES', '10', '0', null, '100', '10697', 'Almacen01', '100', '01.A.a.1', '0', null, '0', null, null, null);
INSERT INTO `productos` VALUES ('4746', 'FRU+ JUGO MANGO SANDIA (1.89LT)', 'NS', '10.23', 'AGROMAR INDUSTRIAL S.A.', 'BEBIDAS', 'JUGOS Y NECTARES', '10', '0', null, '100', '11733', 'Almacen01', '100', '01.A.a.1', '0', null, '0', null, null, null);
INSERT INTO `productos` VALUES ('4747', 'FRU+ JUGO MANGO MARACUYA (1.89LT)', 'NS', '10.23', 'AGROMAR INDUSTRIAL S.A.', 'BEBIDAS', 'JUGOS Y NECTARES', '10', '0', null, '100', '11733', 'Almacen01', '100', '01.A.a.1', '0', null, '0', null, null, null);
INSERT INTO `productos` VALUES ('4750', 'POKEKE MI VILLANO FAVORITO-2 (12x28GR)', 'NS', '5.24', 'MOLITALIA S.A.', 'GOLOSINAS', 'CHOCOLATES', '10', '0', null, '100', '10139', 'Almacen01', '100', '01.A.a.1', '0', null, '0', null, null, null);
INSERT INTO `productos` VALUES ('4758', 'FRUTTI FRESH UVA PRINCESA DISNEY (240ML)', 'NS', '2.07', 'MIKA INVERSIONES S.A.C', 'BEBIDAS', 'JUGOS Y NECTARES', '10', '0', null, '100', null, 'Almacen01', '100', '01.A.a.1', '0', null, '0', null, null, null);
INSERT INTO `productos` VALUES ('4759', 'FRUTTI FRESH DURAZNO/MARACUYA/GRANADILLA PRINCESA (240ML)', 'NS', '2.07', 'MIKA INVERSIONES S.A.C', 'BEBIDAS', 'JUGOS Y NECTARES', '10', '0', null, '100', null, 'Almacen01', '100', '01.A.a.1', '0', null, '0', null, null, null);
INSERT INTO `productos` VALUES ('4763', 'AMBRUJOS FANTASMA RECOLECTOR (102GR)', 'NS', '8.06', 'MOLITALIA S.A.', 'GOLOSINAS', 'CARAMELOS', '10', '0', null, '100', '10139', 'Almacen01', '100', '01.A.a.1', '0', null, '0', null, null, null);
INSERT INTO `productos` VALUES ('4767', 'HUNTS SNACKPACK  STRAWERRY/ORANGE (4x3.25ONZA)', 'NS', '7.53', 'KMC INTERNATIONAL SAC', 'GOLOSINAS', 'PUDINES', '10', '0', null, '100', '10531', 'Almacen01', '100', '01.A.a.1', '0', null, '0', null, null, null);
INSERT INTO `productos` VALUES ('4773', 'PAISANA FREJOL CANARIO (500GR)', 'NS', '5.14', 'ALICORP S.A', 'ALIMENTOS ENVASADOS', 'MENESTRAS', '10', '0', null, '100', '10015', 'Almacen01', '100', '01.A.a.1', '0', null, '0', null, null, null);
INSERT INTO `productos` VALUES ('4774', 'PAISANA ARVEJA VERDE (500GR)', 'NS', '2.59', 'ALICORP S.A', 'ALIMENTOS ENVASADOS', 'MENESTRAS', '10', '0', null, '100', '10015', 'Almacen01', '100', '01.A.a.1', '0', null, '0', null, null, null);
INSERT INTO `productos` VALUES ('4780', 'NISSIN CHOW MEIN CHICKEN VEGETABLE CHINESE (113GR)', 'NS', '4.90', 'KMC INTERNATIONAL SAC', 'ALIMENTOS ENVASADOS', 'CREMAS Y SOPAS', '10', '0', null, '100', '10531', 'Almacen01', '100', '01.A.a.1', '0', null, '0', null, null, null);
INSERT INTO `productos` VALUES ('4850', 'JOHNSON B. SHAMPOO ORIGINAL (100ML)', 'NS', '6.14', 'JOHNSON & JOHNSON DEL PERU S.A.', 'HIGIENE PERSONAL', 'SHAMPOOES', '10', '0', null, '100', '10412', 'Almacen01', '100', '01.A.a.1', '0', null, '0', null, null, null);
INSERT INTO `productos` VALUES ('4852', 'NESTLE TRIANGULO CAPPUCCINO (15x33GR)', 'NS', '15.05', 'NESTLE PERU S.A.', 'GOLOSINAS', 'CHOCOLATES', '10', '0', null, '100', '10902', 'Almacen01', '100', '01.A.a.1', '0', null, '0', null, null, null);
INSERT INTO `productos` VALUES ('4872', 'FRUTTI FRESH DURAZNO PRINCESA DISNEY (240ML)', 'NS', '2.07', 'MIKA INVERSIONES S.A.C', 'BEBIDAS', 'JUGOS Y NECTARES', '10', '0', null, '100', null, 'Almacen01', '100', '01.A.a.1', '0', null, '0', null, null, null);
INSERT INTO `productos` VALUES ('4879', 'MINI RITZ ORIGINAL (50GR)', 'NS', '0.94', 'KRAFT FOODS PERU S.A.', 'GOLOSINAS', 'GALLETAS', '10', '0', null, '100', '10134', 'Almacen01', '100', '01.A.a.1', '0', null, '0', null, null, null);
INSERT INTO `productos` VALUES ('4880', 'CRICKETS CAMOTE (170GR)', 'NS', '3.83', 'INDUSTRIAS AGRICOLAS SRL', 'SNACKS', 'SNACKS', '10', '0', null, '100', '10569', 'Almacen01', '100', '01.A.a.1', '0', null, '0', null, null, null);
INSERT INTO `productos` VALUES ('4885', 'PANETON COSTA CAJA (900GR)', 'NS', '16.96', 'MOLITALIA S.A.', 'PANETONES', 'PANETONES', '10', '0', null, '100', '10139', 'Almacen01', '100', '01.A.a.1', '0', null, '0', null, null, null);
INSERT INTO `productos` VALUES ('4910', 'CADBURY ADAMS HALLS SANDIA BARRA (12x34GR)', 'NS', '9.46', 'BARZOLA ALTAMIRANO YENNY ROCIO', 'GOLOSINAS', 'CARAMELOS', '10', '0', null, '100', '12732', 'Almacen01', '100', '01.A.a.1', '0', null, '0', null, null, null);
INSERT INTO `productos` VALUES ('4977', 'GRETEL MANJAR (6x42GR)', 'NS', '2.90', 'MOLITALIA S.A.', 'GOLOSINAS', 'GALLETAS', '10', '0', null, '100', '10139', 'Almacen01', '100', '01.A.a.1', '0', null, '0', null, null, null);
INSERT INTO `productos` VALUES ('4996', 'CADBURY ADAMS HALLS MENTOL BARRA (12x34GR)', 'NS', '9.46', 'BARZOLA ALTAMIRANO YENNY ROCIO', 'GOLOSINAS', 'CARAMELOS', '10', '0', null, '100', '12732', 'Almacen01', '100', '01.A.a.1', '0', null, '0', null, null, null);
INSERT INTO `productos` VALUES ('5011', 'GLORIA LECHE UHT DHA NIÑOS (1LT)', 'NS', '3.49', 'GLORIA S.A.', 'ALIMENTOS ENVASADOS', 'LACTEOS', '10', '0', null, '100', '10430', 'Almacen01', '100', '01.A.a.1', '0', null, '0', null, null, null);
INSERT INTO `productos` VALUES ('5030', 'JOHNSON B. JABON AVENA (75GR)', 'NS', '2.03', 'JOHNSON & JOHNSON DEL PERU S.A.', 'HIGIENE PERSONAL', 'JABONES', '10', '0', null, '100', '10412', 'Almacen01', '100', '01.A.a.1', '0', null, '0', null, null, null);
INSERT INTO `productos` VALUES ('5054', 'MUÑECO DYSNEY PRINCESA COOL FAN POP (1UND)', 'NS', '15.95', 'MIKA INVERSIONES S.A.C', 'GOLOSINAS', 'CARAMELOS', '10', '0', null, '100', null, 'Almacen01', '100', '01.A.a.1', '0', null, '0', null, null, null);
INSERT INTO `productos` VALUES ('5057', 'ALA CENA MAYONESA LIGTH SACHET (115CC)', 'NS', '1.96', 'ALICORP S.A', 'ALIMENTOS ENVASADOS', 'SALSAS Y CONDIMENTOS', '10', '0', null, '100', '10015', 'Almacen01', '100', '01.A.a.1', '0', null, '0', null, null, null);
INSERT INTO `productos` VALUES ('5076', 'ADAMS TRIDENT SPLASH FRESA C/LIMON (10x14.4GR)', 'NS', '16.83', 'KRAFT FOODS PERU S.A.', 'GOLOSINAS', 'GOMA DE MASCAR', '10', '0', null, '100', '10134', 'Almacen01', '100', '01.A.a.1', '0', null, '0', null, null, null);
INSERT INTO `productos` VALUES ('5091', 'NESTLE NESCAFE CAPPUCCINO COOKIES & CREAM (1KG)', 'NS', '82.48', 'NESTLE PERU S.A.', 'ALIMENTOS ENVASADOS', 'CAFÉ', '10', '0', null, '100', '10902', 'Almacen01', '100', '01.A.a.1', '0', null, '0', null, null, null);
INSERT INTO `productos` VALUES ('5097', 'TAMPICO CITRUS PUNCH (400ML)', 'NS', '0.96', 'GLORIA S.A.', 'BEBIDAS', 'JUGOS Y NECTARES', '10', '0', null, '100', '10430', 'Almacen01', '100', '01.A.a.1', '0', null, '0', null, null, null);
INSERT INTO `productos` VALUES ('5126', 'CRICKETS PAPITAS AL HILO (20GR)', 'NS', '0.63', 'INDUSTRIAS AGRICOLAS SRL', 'SNACKS', 'SNACKS', '10', '0', null, '100', '10569', 'Almacen01', '100', '01.A.a.1', '0', null, '0', null, null, null);
INSERT INTO `productos` VALUES ('5132', 'ADAMS HALLS BARRA SANDIA (12x34GR)', 'NS', '9.89', 'KRAFT FOODS PERU S.A.', 'GOLOSINAS', 'CARAMELOS', '10', '0', null, '100', '10134', 'Almacen01', '100', '01.A.a.1', '0', null, '0', null, null, null);
INSERT INTO `productos` VALUES ('5133', 'NESTLE NESTEA VASO 16oz (50UND)', 'NS', '15.58', 'NESTLE PERU S.A.', 'DESCARTABLES', 'VASO', '10', '0', null, '100', '10902', 'Almacen01', '100', '01.A.a.1', '0', null, '0', null, null, null);
INSERT INTO `productos` VALUES ('5135', 'JOHNSON TOALLITAS HUMEDAS SKINCARE (50UND)', 'NS', '8.67', 'JOHNSON & JOHNSON DEL PERU S.A.', 'HIGIENE PERSONAL', 'TOALLAS FACIALES', '10', '0', null, '100', '10412', 'Almacen01', '100', '01.A.a.1', '0', null, '0', null, null, null);
INSERT INTO `productos` VALUES ('5136', 'SPLENDA SOBRES VENTA (2000UND)', 'NS', '211.71', 'JOHNSON & JOHNSON DEL PERU S.A.', 'ALIMENTOS ENVASADOS', 'AZUCAR', '10', '0', null, '100', '10412', 'Almacen01', '100', '01.A.a.1', '0', null, '0', null, null, null);
INSERT INTO `productos` VALUES ('5157', 'TAMPICO CITRUS PUNCH (2LT)', 'NS', '3.35', 'GLORIA S.A.', 'BEBIDAS', 'JUGOS Y NECTARES', '10', '0', null, '100', '10430', 'Almacen01', '100', '01.A.a.1', '0', null, '0', null, null, null);
INSERT INTO `productos` VALUES ('5162', 'COSTA NUSS LIBRE DE AZUCAR (110GR)', 'NS', '5.46', 'MOLITALIA S.A.', 'GOLOSINAS', 'CHOCOLATES', '10', '0', null, '100', '10139', 'Almacen01', '100', '01.A.a.1', '0', null, '0', null, null, null);
INSERT INTO `productos` VALUES ('5181', 'NESTLE NESCAFE CAPPUCCINO VAINILLA (1KG)', 'NS', '82.48', 'NESTLE PERU S.A.', 'ALIMENTOS ENVASADOS', 'CAFÉ', '10', '0', null, '100', '10902', 'Almacen01', '100', '01.A.a.1', '0', null, '0', null, null, null);
INSERT INTO `productos` VALUES ('5182', 'NESTLE NESCAFE MOKACCINO TOP CUP (1KG)', 'NS', '82.48', 'NESTLE PERU S.A.', 'ALIMENTOS ENVASADOS', 'CAFÉ', '10', '0', null, '100', '10902', 'Almacen01', '100', '01.A.a.1', '0', null, '0', null, null, null);
INSERT INTO `productos` VALUES ('5183', 'NESTLE NESTEA LIMON BOLSA (180GR)', 'NS', '15.12', 'NESTLE PERU S.A.', 'ALIMENTOS ENVASADOS', 'CAFÉ', '10', '0', null, '100', '10902', 'Almacen01', '100', '01.A.a.1', '0', null, '0', null, null, null);
INSERT INTO `productos` VALUES ('5184', 'NESTLE NESCAFE CAPPUCCINO LATAM (1KG)', 'NS', '82.48', 'NESTLE PERU S.A.', 'ALIMENTOS ENVASADOS', 'CAFÉ', '10', '0', null, '100', '10902', 'Almacen01', '100', '01.A.a.1', '0', null, '0', null, null, null);
INSERT INTO `productos` VALUES ('5185', 'NESTLE NESCAFE TRADICION BOLSA Vending (500GR)', 'NS', '110.66', 'NESTLE PERU S.A.', 'ALIMENTOS ENVASADOS', 'CAFÉ', '10', '0', null, '100', '10902', 'Almacen01', '100', '01.A.a.1', '0', null, '0', null, null, null);
INSERT INTO `productos` VALUES ('5187', 'NESTLE MILO LISTO PARA BEBER REAL (400GR)', 'NS', '28.39', 'NESTLE PERU S.A.', 'ALIMENTOS ENVASADOS', 'MILO', '10', '0', null, '100', '10902', 'Almacen01', '100', '01.A.a.1', '0', null, '0', null, null, null);
INSERT INTO `productos` VALUES ('5194', 'NESTLE NESCAFE VASO 8oz NPro (50UND)', 'NS', '9.09', 'NESTLE PERU S.A.', 'DESCARTABLES', 'VASO', '10', '0', null, '100', '10902', 'Almacen01', '100', '01.A.a.1', '0', null, '0', null, null, null);
INSERT INTO `productos` VALUES ('5196', 'NESTLE NESCAFE TAPA 16oz NPro (100UND)', 'NS', '10.62', 'NESTLE PERU S.A.', 'ALIMENTOS ENVASADOS', 'CAFÉ', '10', '0', null, '100', '10902', 'Almacen01', '100', '01.A.a.1', '0', null, '0', null, null, null);
INSERT INTO `productos` VALUES ('5197', 'NESTLE NESCAFE TAPA 8oz (100UND)', 'NS', '10.62', 'NESTLE PERU S.A.', 'ALIMENTOS ENVASADOS', 'CAFÉ', '10', '0', null, '100', '10902', 'Almacen01', '100', '01.A.a.1', '0', null, '0', null, null, null);
INSERT INTO `productos` VALUES ('5238', 'JOHNSON B. LENCOS HUMEDOS MILK (50UND)', 'NS', '7.53', 'JOHNSON & JOHNSON DEL PERU S.A.', 'HIGIENE PERSONAL', 'TOALLAS FACIALES', '10', '0', null, '100', '10412', 'Almacen01', '100', '01.A.a.1', '0', null, '0', null, null, null);
INSERT INTO `productos` VALUES ('5240', 'NESTLE NESCAFE CUBRE VASO (50UND)', 'NS', '10.62', 'NESTLE PERU S.A.', 'ALIMENTOS ENVASADOS', 'CAFÉ', '10', '0', null, '100', '10902', 'Almacen01', '100', '01.A.a.1', '0', null, '0', null, null, null);
INSERT INTO `productos` VALUES ('5241', 'NESTLE PALETITAS FOODSERVICES (1000UND)', 'NS', '37.76', 'NESTLE PERU S.A.', 'DESCARTABLES', 'PALETILLAS', '10', '0', null, '100', '10902', 'Almacen01', '100', '01.A.a.1', '0', null, '0', null, null, null);
INSERT INTO `productos` VALUES ('5242', 'MECANO MANJAR COSTA (32x19GR)', 'NS', '11.79', 'MOLITALIA S.A.', 'GOLOSINAS', 'CHOCOLATES', '10', '0', null, '100', '10139', 'Almacen01', '100', '01.A.a.1', '0', null, '0', null, null, null);
INSERT INTO `productos` VALUES ('5243', 'NESTLE SUBLIME ANIVERSARIO LATA (12x32GR)', 'NS', '15.01', 'NESTLE PERU S.A.', 'GOLOSINAS', 'CHOCOLATES', '10', '0', null, '100', '10902', 'Almacen01', '100', '01.A.a.1', '0', null, '0', null, null, null);
INSERT INTO `productos` VALUES ('5253', 'ADAMS HALLS CRUNCHY (20x18GR)', 'NS', '8.06', 'KRAFT FOODS PERU S.A.', 'GOLOSINAS', 'CARAMELOS', '10', '0', null, '100', '10134', 'Almacen01', '100', '01.A.a.1', '0', null, '0', null, null, null);
INSERT INTO `productos` VALUES ('5259', 'GLORIA JUGO LIGHT NARANJA (1LT)', 'NS', '2.42', 'GLORIA S.A.', 'BEBIDAS', 'JUGOS Y NECTARES', '10', '0', null, '100', '10430', 'Almacen01', '100', '01.A.a.1', '0', null, '0', null, null, null);
INSERT INTO `productos` VALUES ('5274', 'GENTS RIBBED (CON AROS) (3UND)', 'NS', '2.16', 'DROKASA PERU S.A.', 'HIGIENE PERSONAL', 'PRESERVATIVOS', '10', '0', null, '100', '10010', 'Almacen01', '100', '01.A.a.1', '0', null, '0', null, null, null);
INSERT INTO `productos` VALUES ('5277', 'CRICKETS MANI SALADO (100GR)', 'NS', '2.32', 'INDUSTRIAS AGRICOLAS SRL', 'SNACKS', 'SNACKS', '10', '0', null, '100', '10569', 'Almacen01', '100', '01.A.a.1', '0', null, '0', null, null, null);
INSERT INTO `productos` VALUES ('5279', 'CRICKETS PAPITAS AL HILO (40GR)', 'NS', '1.03', 'INDUSTRIAS AGRICOLAS SRL', 'SNACKS', 'SNACKS', '10', '0', null, '100', '10569', 'Almacen01', '100', '01.A.a.1', '0', null, '0', null, null, null);
INSERT INTO `productos` VALUES ('5298', 'TIC TAC MENTA T12 (12x16GR)', 'NS', '10.46', 'KING DAVID DELICATESSES DEL PERU S.A.C', 'GOLOSINAS', 'CARAMELOS', '10', '0', null, '100', '11212', 'Almacen01', '100', '01.A.a.1', '0', null, '0', null, null, null);
INSERT INTO `productos` VALUES ('5299', 'NESTLE PRINCESA BOMBONES (40x8GR)', 'NS', '12.80', 'NESTLE PERU S.A.', 'GOLOSINAS', 'CHOCOLATES', '10', '0', null, '100', '10902', 'Almacen01', '100', '01.A.a.1', '0', null, '0', null, null, null);
INSERT INTO `productos` VALUES ('5300', 'TIC TAC NARANJA T12 (12x16GR)', 'NS', '10.46', 'KING DAVID DELICATESSES DEL PERU S.A.C', 'GOLOSINAS', 'CARAMELOS', '10', '0', null, '100', '11212', 'Almacen01', '100', '01.A.a.1', '0', null, '0', null, null, null);
INSERT INTO `productos` VALUES ('5303', 'NESTLE PRINCESA CHOC. ESTUCHE (192GR)', 'NS', '15.75', 'NESTLE PERU S.A.', 'GOLOSINAS', 'CHOCOLATES', '10', '0', null, '100', '10902', 'Almacen01', '100', '01.A.a.1', '0', null, '0', null, null, null);
INSERT INTO `productos` VALUES ('5322', 'COCOROKOS LIMON TIRA (5x17.5GR)', 'NS', '1.36', 'MOLITALIA S.A.', 'GOLOSINAS', 'CARAMELOS', '10', '0', null, '100', '10139', 'Almacen01', '100', '01.A.a.1', '0', null, '0', null, null, null);
INSERT INTO `productos` VALUES ('5353', 'NESTLE LECHE CONDENZADA SCHOLLE (4500GR)', 'NS', '51.68', 'NESTLE PERU S.A.', 'ALIMENTOS ENVASADOS', 'LACTEOS', '10', '0', null, '100', '10902', 'Almacen01', '100', '01.A.a.1', '0', null, '0', null, null, null);
INSERT INTO `productos` VALUES ('5354', 'MAGGIE SALSATI DEL CAMPO (320GR)', 'NS', '2.11', 'NESTLE PERU S.A.', 'ALIMENTOS ENVASADOS', 'SALSAS Y CONDIMENTOS', '10', '0', null, '100', '10902', 'Almacen01', '100', '01.A.a.1', '0', null, '0', null, null, null);
INSERT INTO `productos` VALUES ('5358', 'MAGGIE CREMA DE CHAMPIÑONES (67GR)', 'NS', '2.32', 'NESTLE PERU S.A.', 'ALIMENTOS ENVASADOS', 'SALSAS Y CONDIMENTOS', '10', '0', null, '100', '10902', 'Almacen01', '100', '01.A.a.1', '0', null, '0', null, null, null);
INSERT INTO `productos` VALUES ('5368', 'MAGGIE LA ROJITA (750GR)', 'NS', '7.05', 'NESTLE PERU S.A.', 'ALIMENTOS ENVASADOS', 'SALSAS Y CONDIMENTOS', '10', '0', null, '100', '10902', 'Almacen01', '100', '01.A.a.1', '0', null, '0', null, null, null);
INSERT INTO `productos` VALUES ('5371', 'MAGGIE CALDO DE GALLINA (1000GR)', 'NS', '17.40', 'NESTLE PERU S.A.', 'ALIMENTOS ENVASADOS', 'SALSAS Y CONDIMENTOS', '10', '0', null, '100', '10902', 'Almacen01', '100', '01.A.a.1', '0', null, '0', null, null, null);
INSERT INTO `productos` VALUES ('5372', 'MAGGIE SALSA ESPAÑOLA (1000GR)', 'NS', '26.72', 'NESTLE PERU S.A.', 'ALIMENTOS ENVASADOS', 'SALSAS Y CONDIMENTOS', '10', '0', null, '100', '10902', 'Almacen01', '100', '01.A.a.1', '0', null, '0', null, null, null);
INSERT INTO `productos` VALUES ('5387', 'ALFAJORES TINKAY VAINILLA (45GR)', 'NS', '2.52', 'INDUSTRIAL PERUANA HOLANDESA S.A.C.', 'GOLOSINAS', 'CHOCOLATES', '10', '0', null, '100', '10697', 'Almacen01', '100', '01.A.a.1', '0', null, '0', null, null, null);
INSERT INTO `productos` VALUES ('5401', 'CRICKETS HABAS SALADITAS (100GR)', 'NS', '2.32', 'INDUSTRIAS AGRICOLAS SRL', 'SNACKS', 'SNACKS', '10', '0', null, '100', '10569', 'Almacen01', '100', '01.A.a.1', '0', null, '0', null, null, null);
INSERT INTO `productos` VALUES ('5423', 'MYLANTA DOS MENTA (240ML)', 'NS', '16.20', 'JOHNSON & JOHNSON DEL PERU S.A.', 'FARMACOS', 'ANTIACIDOS', '10', '0', null, '100', '10412', 'Almacen01', '100', '01.A.a.1', '0', null, '0', null, null, null);
INSERT INTO `productos` VALUES ('5424', 'RITZ TACO (67GR)', 'NS', '0.89', 'KRAFT FOODS PERU S.A.', 'GOLOSINAS', 'GALLETAS', '10', '0', null, '100', '10134', 'Almacen01', '100', '01.A.a.1', '0', null, '0', null, null, null);
INSERT INTO `productos` VALUES ('5440', 'LA IBERICA TABLETA FONDANT (100GR)', 'NS', '5.89', 'DISTRIBUIDORA VINUM S.A. - DIVINUM', 'GOLOSINAS', 'CHOCOLATES', '10', '0', null, '100', '11508', 'Almacen01', '100', '01.A.a.1', '0', null, '0', null, null, null);
INSERT INTO `productos` VALUES ('5466', 'ALA CENA MAYONESA (200CC)', 'NS', '3.32', 'ALICORP S.A', 'ALIMENTOS ENVASADOS', 'SALSAS Y CONDIMENTOS', '10', '0', null, '100', '10015', 'Almacen01', '100', '01.A.a.1', '0', null, '0', null, null, null);
INSERT INTO `productos` VALUES ('5477', 'ADAMS TRIDENT MORA AZUL (18x8.5GR)', 'NS', '16.59', 'KRAFT FOODS PERU S.A.', 'GOLOSINAS', 'GOMA DE MASCAR', '10', '0', null, '100', '10134', 'Almacen01', '100', '01.A.a.1', '0', null, '0', null, null, null);
INSERT INTO `productos` VALUES ('5504', 'SNYDERS PRETZELS MINI CHICO (1.5ONZA)', 'NS', '1.40', 'KMC INTERNATIONAL SAC', 'SNACKS', 'SNACKS', '10', '0', null, '100', '10531', 'Almacen01', '100', '01.A.a.1', '0', null, '0', null, null, null);
INSERT INTO `productos` VALUES ('5537', 'NESCAFE KIRMA (200GR)', 'NS', '18.74', 'NESTLE PERU S.A.', 'ALIMENTOS ENVASADOS', 'CAFÉ', '10', '0', null, '100', '10902', 'Almacen01', '100', '01.A.a.1', '0', null, '0', null, null, null);
INSERT INTO `productos` VALUES ('5538', 'LA IBERICA PASTILLAS FONDANT (100GR)', 'NS', '7.73', 'DISTRIBUIDORA VINUM S.A. - DIVINUM', 'GOLOSINAS', 'CHOCOLATES', '10', '0', null, '100', '11508', 'Almacen01', '100', '01.A.a.1', '0', null, '0', null, null, null);
INSERT INTO `productos` VALUES ('5540', 'LA IBERICA CORAZON CHICO (25GR)', 'NS', '2.96', 'DISTRIBUIDORA VINUM S.A. - DIVINUM', 'GOLOSINAS', 'CHOCOLATES', '10', '0', null, '100', '11508', 'Almacen01', '100', '01.A.a.1', '0', null, '0', null, null, null);
INSERT INTO `productos` VALUES ('5543', 'HERO MERMELADA FRESA (340GR)', 'US', '4.98', 'EUROGOURMET S.A.C.', 'ALIMENTOS ENVASADOS', 'MERMELADA', '10', '0', null, '100', '10124', 'Almacen01', '100', '01.A.a.1', '0', null, '0', null, null, null);
INSERT INTO `productos` VALUES ('5544', 'HERO MERMELADA ZARZAMORA (340GR)', 'US', '4.98', 'EUROGOURMET S.A.C.', 'ALIMENTOS ENVASADOS', 'MERMELADA', '10', '0', null, '100', '10124', 'Almacen01', '100', '01.A.a.1', '0', null, '0', null, null, null);
INSERT INTO `productos` VALUES ('5551', 'SR. HONGUITO COLGABLE SILVESTRE (VERDE) (1UND)', 'NS', '4.88', 'MERCHANDISING FRESH E.I.R.L', 'HIGIENE AMBIENTAL', 'AMBIENTADORES', '10', '0', null, '100', '11277', 'Almacen01', '100', '01.A.a.1', '0', null, '0', null, null, null);
INSERT INTO `productos` VALUES ('5557', 'SR. HONGUITO COLGABLE CHANEL N 5 (NARANJA) (1UND)', 'NS', '4.88', 'MERCHANDISING FRESH E.I.R.L', 'HIGIENE AMBIENTAL', 'AMBIENTADORES', '10', '0', null, '100', '11277', 'Almacen01', '100', '01.A.a.1', '0', null, '0', null, null, null);
INSERT INTO `productos` VALUES ('5563', 'CRICKETS CHIFLES PIURANOS PICANT (40GR)', 'NS', '0.95', 'INDUSTRIAS AGRICOLAS SRL', 'SNACKS', 'SNACKS', '10', '0', null, '100', '10569', 'Almacen01', '100', '01.A.a.1', '0', null, '0', null, null, null);
INSERT INTO `productos` VALUES ('5571', 'ARROZ PAISANA EXTRA OCACION PERFECTA (1KG)', 'NS', '3.97', 'ALICORP S.A', 'ALIMENTOS ENVASADOS', 'ARROZ', '10', '0', null, '100', '10015', 'Almacen01', '100', '01.A.a.1', '0', null, '0', null, null, null);
INSERT INTO `productos` VALUES ('5595', 'CADBURY ADAMS TRIDENT PIÑA (18x8.5GR)', 'NS', '13.44', 'BARZOLA ALTAMIRANO YENNY ROCIO', 'GOLOSINAS', 'CARAMELOS', '10', '0', null, '100', '12732', 'Almacen01', '100', '01.A.a.1', '0', null, '0', null, null, null);
INSERT INTO `productos` VALUES ('5609', 'CORONITA CHOCOLATE CHICO (6x30GR)', 'NS', '2.60', 'KRAFT FOODS PERU S.A.', 'GOLOSINAS', 'GALLETAS', '10', '0', null, '100', '10134', 'Almacen01', '100', '01.A.a.1', '0', null, '0', null, null, null);
INSERT INTO `productos` VALUES ('5610', 'CORONITA FRESA CHICO (6x30GR)', 'NS', '2.60', 'KRAFT FOODS PERU S.A.', 'GOLOSINAS', 'GALLETAS', '10', '0', null, '100', '10134', 'Almacen01', '100', '01.A.a.1', '0', null, '0', null, null, null);
INSERT INTO `productos` VALUES ('5612', 'HUEVO ESTUCHE DISNEY AMBROSOLI (70GR)', 'NS', '5.72', 'MOLITALIA S.A.', 'GOLOSINAS', 'CHOCOLATES', '10', '0', null, '100', '10139', 'Almacen01', '100', '01.A.a.1', '0', null, '0', null, null, null);
INSERT INTO `productos` VALUES ('5647', 'NESTLE FITNESS (260GR)', 'NS', '8.68', 'NESTLE PERU S.A.', 'ALIMENTOS ENVASADOS', 'CEREALES', '10', '0', null, '100', '10902', 'Almacen01', '100', '01.A.a.1', '0', null, '0', null, null, null);
INSERT INTO `productos` VALUES ('5650', 'ACEITUNA QUESO AZUL LATA (300GR)', 'NS', '7.16', 'KING DAVID DELICATESSES DEL PERU S.A.C', 'ALIMENTOS ENVASADOS', 'CONSERVAS', '10', '0', null, '100', '11212', 'Almacen01', '100', '01.A.a.1', '0', null, '0', null, null, null);
INSERT INTO `productos` VALUES ('5653', 'TRAVESURAS (N/FORMATO) (50GR)', 'NS', '0.92', 'KRAFT FOODS PERU S.A.', 'GOLOSINAS', 'GALLETAS', '10', '0', null, '100', '10134', 'Almacen01', '100', '01.A.a.1', '0', null, '0', null, null, null);
INSERT INTO `productos` VALUES ('5660', 'SR. HONGUITO COLGABLE POISSON (1UND)', 'NS', '4.88', 'MERCHANDISING FRESH E.I.R.L', 'HIGIENE AMBIENTAL', 'AMBIENTADORES', '10', '0', null, '100', '11277', 'Almacen01', '100', '01.A.a.1', '0', null, '0', null, null, null);
INSERT INTO `productos` VALUES ('5661', 'NESTLE DORE (70GR)', 'NS', '0.77', 'NESTLE PERU S.A.', 'GOLOSINAS', 'GALLETAS', '10', '0', null, '100', '10902', 'Almacen01', '100', '01.A.a.1', '0', null, '0', null, null, null);
INSERT INTO `productos` VALUES ('5662', 'CRICKETS CHIFLES SALADO (500GR)', 'NS', '9.33', 'INDUSTRIAS AGRICOLAS SRL', 'SNACKS', 'SNACKS', '10', '0', null, '100', '10569', 'Almacen01', '100', '01.A.a.1', '0', null, '0', null, null, null);
INSERT INTO `productos` VALUES ('5663', 'CRICKETS CHIFLES PICANTE (250GR)', 'NS', '4.87', 'INDUSTRIAS AGRICOLAS SRL', 'SNACKS', 'SNACKS', '10', '0', null, '100', '10569', 'Almacen01', '100', '01.A.a.1', '0', null, '0', null, null, null);
INSERT INTO `productos` VALUES ('5678', 'CREAM CRACKER FAM. (316GR)', 'NS', '3.17', 'KRAFT FOODS PERU S.A.', 'GOLOSINAS', 'GALLETAS', '10', '0', null, '100', '10134', 'Almacen01', '100', '01.A.a.1', '0', null, '0', null, null, null);
INSERT INTO `productos` VALUES ('5680', 'WERTHER\'S ORIGINAL CLASSIC SUGAR FREE (70GR)', 'US', '2.78', 'EUROGOURMET S.A.C.', 'GOLOSINAS', 'CARAMELOS', '10', '0', null, '100', '10124', 'Almacen01', '100', '01.A.a.1', '0', null, '0', null, null, null);
INSERT INTO `productos` VALUES ('5697', 'PALICHOC (10x15GR)', 'NS', '5.00', 'CHOCOLATES GURE S.A.C.', 'GOLOSINAS', 'CHOCOLATES', '10', '0', null, '100', '11704', 'Almacen01', '100', '01.A.a.1', '0', null, '0', null, null, null);
INSERT INTO `productos` VALUES ('5710', 'GRAN CEREAL CLASICA (6x40GR)', 'NS', '2.69', 'MOLITALIA S.A.', 'GOLOSINAS', 'GALLETAS', '10', '0', null, '100', '10139', 'Almacen01', '100', '01.A.a.1', '0', null, '0', null, null, null);
INSERT INTO `productos` VALUES ('5711', 'MILO ACTIGENT-E (400GR)', 'NS', '14.30', 'NESTLE PERU S.A.', 'ALIMENTOS ENVASADOS', 'MILO', '10', '0', null, '100', '10902', 'Almacen01', '100', '01.A.a.1', '0', null, '0', null, null, null);
INSERT INTO `productos` VALUES ('5712', 'GENTS DOTTED (CON ESPUELAS) (3UND)', 'NS', '2.16', 'DROKASA PERU S.A.', 'HIGIENE PERSONAL', 'PRESERVATIVOS', '10', '0', null, '100', '10010', 'Almacen01', '100', '01.A.a.1', '0', null, '0', null, null, null);
INSERT INTO `productos` VALUES ('5716', 'HELLO KITTY LOLLIPOP RING (24x1UND)', 'NS', '60.72', 'MIKA INVERSIONES S.A.C', 'GOLOSINAS', 'CARAMELOS', '10', '0', null, '100', null, 'Almacen01', '100', '01.A.a.1', '0', null, '0', null, null, null);
INSERT INTO `productos` VALUES ('5721', 'MR. CHIPS PAPAS PICANTES (42GR)', 'NS', '0.82', 'DEPRODECA SAC', 'SNACKS', 'SNACKS', '10', '0', null, '100', '10520', 'Almacen01', '100', '01.A.a.1', '0', null, '0', null, null, null);
INSERT INTO `productos` VALUES ('5811', 'HELENA CHOCOTEJAS PECANAS (1UND)', 'NS', '2.54', 'HELENA VENTAS S.A.C', 'GOLOSINAS', 'CHOCOLATES', '10', '0', null, '100', '11154', 'Almacen01', '100', '01.A.a.1', '0', null, '0', null, null, null);
INSERT INTO `productos` VALUES ('5817', 'HELENA TRUFAS (115GR)', 'NS', '13.40', 'HELENA VENTAS S.A.C', 'GOLOSINAS', 'CHOCOLATES', '10', '0', null, '100', '11154', 'Almacen01', '100', '01.A.a.1', '0', null, '0', null, null, null);
INSERT INTO `productos` VALUES ('5823', 'GLORIA YOGURT ACTIBIO GRANADILLA (200GR)', 'NS', '1.28', 'GLORIA S.A.', 'BEBIDAS', 'YOGURT', '10', '0', null, '100', '10430', 'Almacen01', '100', '01.A.a.1', '0', null, '0', null, null, null);
INSERT INTO `productos` VALUES ('5824', 'GLORIA YOGURT ACTIBIO FRESA (1KG)', 'NS', '5.04', 'GLORIA S.A.', 'BEBIDAS', 'YOGURT', '10', '0', null, '100', '10430', 'Almacen01', '100', '01.A.a.1', '0', null, '0', null, null, null);
INSERT INTO `productos` VALUES ('5828', 'NESTLE MOROCHAS CLASICA (8x32GR)', 'NS', '4.05', 'NESTLE PERU S.A.', 'GOLOSINAS', 'GALLETAS', '10', '0', null, '100', '10902', 'Almacen01', '100', '01.A.a.1', '0', null, '0', null, null, null);
INSERT INTO `productos` VALUES ('5831', 'MR. CHIPS PAPAS AMARILLAS (175GR)', 'NS', '4.56', 'DEPRODECA SAC', 'SNACKS', 'SNACKS', '10', '0', null, '100', '10520', 'Almacen01', '100', '01.A.a.1', '0', null, '0', null, null, null);
INSERT INTO `productos` VALUES ('5835', 'GLORIA YOGURT CRUNCH M&M (115GR)', 'NS', '2.91', 'GLORIA S.A.', 'BEBIDAS', 'YOGURT', '10', '0', null, '100', '10430', 'Almacen01', '100', '01.A.a.1', '0', null, '0', null, null, null);
INSERT INTO `productos` VALUES ('5840', 'LA IBERICA TRUFAS SURTIDAS X 6 (80GR)', 'NS', '12.66', 'DISTRIBUIDORA VINUM S.A. - DIVINUM', 'GOLOSINAS', 'CHOCOLATES', '10', '0', null, '100', '11508', 'Almacen01', '100', '01.A.a.1', '0', null, '0', null, null, null);
INSERT INTO `productos` VALUES ('5841', 'O.B. APLICADOR MEDIO PRO-COMFORT (8UND)', 'NS', '13.26', 'JOHNSON & JOHNSON DEL PERU S.A.', 'HIGIENE PERSONAL', 'TAMPONES', '10', '0', null, '100', '10412', 'Almacen01', '100', '01.A.a.1', '0', null, '0', null, null, null);
INSERT INTO `productos` VALUES ('5843', 'SUPER BIG BEN TOFFES (100GR)', 'NS', '2.78', 'MOLITALIA S.A.', 'GOLOSINAS', 'CARAMELOS', '10', '0', null, '100', '10139', 'Almacen01', '100', '01.A.a.1', '0', null, '0', null, null, null);
INSERT INTO `productos` VALUES ('5844', 'SELECTAS FIELD DANESA (50GR)', 'NS', '0.82', 'KRAFT FOODS PERU S.A.', 'GOLOSINAS', 'GALLETAS', '10', '0', null, '100', '10134', 'Almacen01', '100', '01.A.a.1', '0', null, '0', null, null, null);
INSERT INTO `productos` VALUES ('5886', 'SR. HONGUITO COLGABLE OLD SPICE (1UND)', 'NS', '4.88', 'MERCHANDISING FRESH E.I.R.L', 'HIGIENE AMBIENTAL', 'AMBIENTADORES', '10', '0', null, '100', '11277', 'Almacen01', '100', '01.A.a.1', '0', null, '0', null, null, null);
INSERT INTO `productos` VALUES ('5888', 'SR. HONGUITO COLGABLE TROPICAL (1UND)', 'NS', '4.88', 'MERCHANDISING FRESH E.I.R.L', 'HIGIENE AMBIENTAL', 'AMBIENTADORES', '10', '0', null, '100', '11277', 'Almacen01', '100', '01.A.a.1', '0', null, '0', null, null, null);
INSERT INTO `productos` VALUES ('5915', 'MR. CHIPS PAPAS AMARILLAS (38GR)', 'NS', '0.86', 'DEPRODECA SAC', 'SNACKS', 'SNACKS', '10', '0', null, '100', '10520', 'Almacen01', '100', '01.A.a.1', '0', null, '0', null, null, null);
INSERT INTO `productos` VALUES ('5919', 'BIC ENCENDEDOR BX7 F1 UNIDAD (1UND)', 'NS', '0.67', 'BIC ANDINA PERU S.A.', 'TABACALERIA', 'ENCENDEDORES', '10', '0', null, '100', '11527', 'Almacen01', '100', '01.A.a.1', '0', null, '0', null, null, null);
INSERT INTO `productos` VALUES ('5925', 'LA IBERICA TABLETA DE LECHE (100GR)', 'NS', '5.89', 'DISTRIBUIDORA VINUM S.A. - DIVINUM', 'GOLOSINAS', 'CHOCOLATES', '10', '0', null, '100', '11508', 'Almacen01', '100', '01.A.a.1', '0', null, '0', null, null, null);
INSERT INTO `productos` VALUES ('5931', 'MUÑECO MICKEY MOUSE VENTILADOR COOL FAN POP (1UND)', 'NS', '15.53', 'MIKA INVERSIONES S.A.C', 'GOLOSINAS', 'CARAMELOS', '10', '0', null, '100', null, 'Almacen01', '100', '01.A.a.1', '0', null, '0', null, null, null);
INSERT INTO `productos` VALUES ('5945', 'HONY BRAN BELVITA (9x37GR)', 'NS', '5.16', 'KRAFT FOODS PERU S.A.', 'GOLOSINAS', 'GALLETAS', '10', '0', null, '100', '10134', 'Almacen01', '100', '01.A.a.1', '0', null, '0', null, null, null);
INSERT INTO `productos` VALUES ('5946', 'ADAMS TRIDENT PIÑA (18x8.5GR)', 'NS', '16.59', 'KRAFT FOODS PERU S.A.', 'GOLOSINAS', 'GOMA DE MASCAR', '10', '0', null, '100', '10134', 'Almacen01', '100', '01.A.a.1', '0', null, '0', null, null, null);
INSERT INTO `productos` VALUES ('5951', 'OREO REGULAR (6x36GR)', 'NS', '3.46', 'KRAFT FOODS PERU S.A.', 'GOLOSINAS', 'GALLETAS', '10', '0', null, '100', '10134', 'Almacen01', '100', '01.A.a.1', '0', null, '0', null, null, null);
INSERT INTO `productos` VALUES ('5952', 'CHIPS AHOY (6x45GR)', 'NS', '5.19', 'KRAFT FOODS PERU S.A.', 'GOLOSINAS', 'GALLETAS', '10', '0', null, '100', '10134', 'Almacen01', '100', '01.A.a.1', '0', null, '0', null, null, null);
INSERT INTO `productos` VALUES ('5954', 'VAINILLA FIELD NABISCO (6x37GR)', 'NS', '2.67', 'KRAFT FOODS PERU S.A.', 'GOLOSINAS', 'GALLETAS', '10', '0', null, '100', '10134', 'Almacen01', '100', '01.A.a.1', '0', null, '0', null, null, null);
INSERT INTO `productos` VALUES ('5959', 'FERRERO KINDER JOY T1 (12x1UND)', 'NS', '40.08', 'KING DAVID DELICATESSES DEL PERU S.A.C', 'GOLOSINAS', 'CHOCOLATES', '10', '0', null, '100', '11212', 'Almacen01', '100', '01.A.a.1', '0', null, '0', null, null, null);
INSERT INTO `productos` VALUES ('5964', 'GRETEL CHOCOLATE (6x42GR)', 'NS', '2.90', 'MOLITALIA S.A.', 'GOLOSINAS', 'GALLETAS', '10', '0', null, '100', '10139', 'Almacen01', '100', '01.A.a.1', '0', null, '0', null, null, null);
INSERT INTO `productos` VALUES ('5975', 'OBSESION BARQUILLOS CHICO (12x26.5GR)', 'NS', '5.73', 'MOLITALIA S.A.', 'GOLOSINAS', 'CHOCOLATES', '10', '0', null, '100', '10139', 'Almacen01', '100', '01.A.a.1', '0', null, '0', null, null, null);
INSERT INTO `productos` VALUES ('5986', 'TWIX CARAMEL COOKIE BARS (1.79ONZA)', 'NS', '2.42', 'MASTER FOODS PERU SCRL', 'GOLOSINAS', 'CHOCOLATES', '10', '0', null, '100', '10360', 'Almacen01', '100', '01.A.a.1', '0', null, '0', null, null, null);
INSERT INTO `productos` VALUES ('5993', 'CAREFREE ORIGINAL C/PERFUME (15UND)', 'NS', '2.47', 'JOHNSON & JOHNSON DEL PERU S.A.', 'HIGIENE PERSONAL', 'TOALLAS HIGIENICAS - TAMP', '10', '0', null, '100', '10412', 'Almacen01', '100', '01.A.a.1', '0', null, '0', null, null, null);
INSERT INTO `productos` VALUES ('6003', 'CHARADA CHOCOLATE CLASICA (6x36GR)', 'NS', '3.57', 'KRAFT FOODS PERU S.A.', 'GOLOSINAS', 'GALLETAS', '10', '0', null, '100', '10134', 'Almacen01', '100', '01.A.a.1', '0', null, '0', null, null, null);
INSERT INTO `productos` VALUES ('6008', 'MELLOWS MINI (12x28GR)', 'NS', '4.86', 'MOLITALIA S.A.', 'GOLOSINAS', 'MARHSMALLOWS', '10', '0', null, '100', '10139', 'Almacen01', '100', '01.A.a.1', '0', null, '0', null, null, null);
INSERT INTO `productos` VALUES ('6021', 'VIZZIO BITTER COSTA (80GR)', 'NS', '3.18', 'MOLITALIA S.A.', 'GOLOSINAS', 'CHOCOLATES', '10', '0', null, '100', '10139', 'Almacen01', '100', '01.A.a.1', '0', null, '0', null, null, null);
INSERT INTO `productos` VALUES ('6023', 'VIZZIO LATA COSTA (200GR)', 'NS', '12.39', 'MOLITALIA S.A.', 'GOLOSINAS', 'CHOCOLATES', '10', '0', null, '100', '10139', 'Almacen01', '100', '01.A.a.1', '0', null, '0', null, null, null);
INSERT INTO `productos` VALUES ('6024', 'ESTUCHE BOMBONES FLORAL COSTA (150GR)', 'NS', '12.93', 'MOLITALIA S.A.', 'GOLOSINAS', 'BOMBONES', '10', '0', null, '100', '10139', 'Almacen01', '100', '01.A.a.1', '0', null, '0', null, null, null);
INSERT INTO `productos` VALUES ('6030', 'SPAGUETTI MOLITALIA # 32 (500GR)', 'NS', '2.23', 'MOLITALIA S.A.', 'FIDEOS Y PASTAS', 'FIDEOS Y PASTAS', '10', '0', null, '100', '10139', 'Almacen01', '100', '01.A.a.1', '0', null, '0', null, null, null);
INSERT INTO `productos` VALUES ('6070', 'NESTLE DORE TACO (230GR)', 'NS', '2.67', 'NESTLE PERU S.A.', 'GOLOSINAS', 'GALLETAS', '10', '0', null, '100', '10902', 'Almacen01', '100', '01.A.a.1', '0', null, '0', null, null, null);
INSERT INTO `productos` VALUES ('6073', 'CHOCO SODA (6x39GR)', 'NS', '3.80', 'KRAFT FOODS PERU S.A.', 'GOLOSINAS', 'GALLETAS', '10', '0', null, '100', '10134', 'Almacen01', '100', '01.A.a.1', '0', null, '0', null, null, null);
INSERT INTO `productos` VALUES ('6074', 'CREAM CRACKER (6x37.5GR)', 'NS', '2.74', 'KRAFT FOODS PERU S.A.', 'GOLOSINAS', 'GALLETAS', '10', '0', null, '100', '10134', 'Almacen01', '100', '01.A.a.1', '0', null, '0', null, null, null);
INSERT INTO `productos` VALUES ('6075', 'CREAM CRACKER (8PZA)', 'NS', '1.09', 'KRAFT FOODS PERU S.A.', 'GOLOSINAS', 'GALLETAS', '10', '0', null, '100', '10134', 'Almacen01', '100', '01.A.a.1', '0', null, '0', null, null, null);
INSERT INTO `productos` VALUES ('6078', 'WAFER COSTA VAINILLA CLASICO (6x28GR)', 'NS', '2.31', 'MOLITALIA S.A.', 'GOLOSINAS', 'WAFFERS', '10', '0', null, '100', '10139', 'Almacen01', '100', '01.A.a.1', '0', null, '0', null, null, null);
INSERT INTO `productos` VALUES ('6079', 'WAFER COSTA CHOCOLATE (6x28GR)', 'NS', '2.31', 'MOLITALIA S.A.', 'GOLOSINAS', 'WAFFERS', '10', '0', null, '100', '10139', 'Almacen01', '100', '01.A.a.1', '0', null, '0', null, null, null);
INSERT INTO `productos` VALUES ('6080', 'DOLOFLAM TOTAL (140UND)', 'NS', '70.22', 'JOHNSON & JOHNSON DEL PERU S.A.', 'FARMACOS', 'ANALGESICO', '10', '0', null, '100', '10412', 'Almacen01', '100', '01.A.a.1', '0', null, '0', null, null, null);
INSERT INTO `productos` VALUES ('6081', 'WAFER COSTA FRESA (6x28GR)', 'NS', '2.31', 'MOLITALIA S.A.', 'GOLOSINAS', 'WAFFERS', '10', '0', null, '100', '10139', 'Almacen01', '100', '01.A.a.1', '0', null, '0', null, null, null);
INSERT INTO `productos` VALUES ('6082', 'WAFERS/OBLEAS CHOCOLATE COSTA (140GR)', 'NS', '1.78', 'MOLITALIA S.A.', 'GOLOSINAS', 'WAFFERS', '10', '0', null, '100', '10139', 'Almacen01', '100', '01.A.a.1', '0', null, '0', null, null, null);
INSERT INTO `productos` VALUES ('6083', 'WAFERS/OBLEAS LUCUMA COSTA (140GR)', 'NS', '1.78', 'MOLITALIA S.A.', 'GOLOSINAS', 'WAFFERS', '10', '0', null, '100', '10139', 'Almacen01', '100', '01.A.a.1', '0', null, '0', null, null, null);
INSERT INTO `productos` VALUES ('6084', 'WAFERS/OBLEAS FRESA COSTA (140GR)', 'NS', '1.78', 'MOLITALIA S.A.', 'GOLOSINAS', 'WAFFERS', '10', '0', null, '100', '10139', 'Almacen01', '100', '01.A.a.1', '0', null, '0', null, null, null);
INSERT INTO `productos` VALUES ('6085', 'WAFERS/OBLEAS VAINILLA COSTA (140GR)', 'NS', '1.78', 'MOLITALIA S.A.', 'GOLOSINAS', 'WAFFERS', '10', '0', null, '100', '10139', 'Almacen01', '100', '01.A.a.1', '0', null, '0', null, null, null);
INSERT INTO `productos` VALUES ('6086', 'CHOCMAN COSTA (6x30GR)', 'NS', '2.84', 'MOLITALIA S.A.', 'GOLOSINAS', 'CHOCOLATES', '10', '0', null, '100', '10139', 'Almacen01', '100', '01.A.a.1', '0', null, '0', null, null, null);
INSERT INTO `productos` VALUES ('6087', 'CHIPS DE CHOCOLATE COSTA (6x36GR)', 'NS', '2.99', 'MOLITALIA S.A.', 'GOLOSINAS', 'GALLETAS', '10', '0', null, '100', '10139', 'Almacen01', '100', '01.A.a.1', '0', null, '0', null, null, null);
INSERT INTO `productos` VALUES ('6088', 'NIK VAINILLA COSTA (6x29GR)', 'NS', '2.29', 'MOLITALIA S.A.', 'GOLOSINAS', 'WAFFERS', '10', '0', null, '100', '10139', 'Almacen01', '100', '01.A.a.1', '0', null, '0', null, null, null);
INSERT INTO `productos` VALUES ('6093', 'PROM. NESCAFE CAPPUCCINO REAL VENDING (400GR)', 'NS', '22.48', 'NESTLE PERU S.A.', 'ALIMENTOS ENVASADOS', 'CAFÉ', '10', '0', null, '100', '10902', 'Almacen01', '100', '01.A.a.1', '0', null, '0', null, null, null);
INSERT INTO `productos` VALUES ('6095', 'TUAREG COSTA (6x44GR)', 'NS', '2.65', 'MOLITALIA S.A.', 'GOLOSINAS', 'GALLETAS', '10', '0', null, '100', '10139', 'Almacen01', '100', '01.A.a.1', '0', null, '0', null, null, null);
INSERT INTO `productos` VALUES ('6096', 'CASINO MENTA VICTORIA (6x51GR)', 'NS', '3.24', 'ALICORP S.A', 'GOLOSINAS', 'GALLETAS', '10', '0', null, '100', '10015', 'Almacen01', '100', '01.A.a.1', '0', null, '0', null, null, null);
INSERT INTO `productos` VALUES ('6097', 'CASINO VAINILLA VICTORIA (6x51GR)', 'NS', '3.24', 'ALICORP S.A', 'GOLOSINAS', 'GALLETAS', '10', '0', null, '100', '10015', 'Almacen01', '100', '01.A.a.1', '0', null, '0', null, null, null);
INSERT INTO `productos` VALUES ('6098', 'CASINO CHOCOLATE VICTORIA (6x51GR)', 'NS', '3.24', 'ALICORP S.A', 'GOLOSINAS', 'GALLETAS', '10', '0', null, '100', '10015', 'Almacen01', '100', '01.A.a.1', '0', null, '0', null, null, null);
INSERT INTO `productos` VALUES ('6099', 'CASINO FRESA VICTORIA (6x51GR)', 'NS', '3.24', 'ALICORP S.A', 'GOLOSINAS', 'GALLETAS', '10', '0', null, '100', '10015', 'Almacen01', '100', '01.A.a.1', '0', null, '0', null, null, null);
INSERT INTO `productos` VALUES ('6100', 'WAFER CASINO PACK CHOCOMENTA (6x33.6GR)', 'NS', '2.32', 'ALICORP S.A', 'GOLOSINAS', 'WAFFERS', '10', '0', null, '100', '10015', 'Almacen01', '100', '01.A.a.1', '0', null, '0', null, null, null);
INSERT INTO `productos` VALUES ('6101', 'CASINO LUCUMA VICTORIA (6x51GR)', 'NS', '3.24', 'ALICORP S.A', 'GOLOSINAS', 'GALLETAS', '10', '0', null, '100', '10015', 'Almacen01', '100', '01.A.a.1', '0', null, '0', null, null, null);
INSERT INTO `productos` VALUES ('6102', 'CASINO COCO VICTORIA (6x51GR)', 'NS', '3.24', 'ALICORP S.A', 'GOLOSINAS', 'GALLETAS', '10', '0', null, '100', '10015', 'Almacen01', '100', '01.A.a.1', '0', null, '0', null, null, null);
INSERT INTO `productos` VALUES ('6103', 'WAFER CASINO PACK VAINILLA (6x33.6GR)', 'NS', '2.32', 'ALICORP S.A', 'GOLOSINAS', 'WAFFERS', '10', '0', null, '100', '10015', 'Almacen01', '100', '01.A.a.1', '0', null, '0', null, null, null);
INSERT INTO `productos` VALUES ('6108', 'CHOMP CHOCOLATE VICTORIA (6x8UND)', 'NS', '2.77', 'ALICORP S.A', 'GOLOSINAS', 'GALLETAS', '10', '0', null, '100', '10015', 'Almacen01', '100', '01.A.a.1', '0', null, '0', null, null, null);
INSERT INTO `productos` VALUES ('6109', 'CHOMP NARANJA VICTORIA (6x8UND)', 'NS', '2.77', 'ALICORP S.A', 'GOLOSINAS', 'GALLETAS', '10', '0', null, '100', '10015', 'Almacen01', '100', '01.A.a.1', '0', null, '0', null, null, null);
INSERT INTO `productos` VALUES ('6110', 'GLACITAS CHOCOLATE VICTORIA (6x32GR)', 'NS', '2.77', 'ALICORP S.A', 'GOLOSINAS', 'GALLETAS', '10', '0', null, '100', '10015', 'Almacen01', '100', '01.A.a.1', '0', null, '0', null, null, null);
INSERT INTO `productos` VALUES ('6111', 'GLACITAS FRESA VICTORIA (6x32GR)', 'NS', '2.77', 'ALICORP S.A', 'GOLOSINAS', 'GALLETAS', '10', '0', null, '100', '10015', 'Almacen01', '100', '01.A.a.1', '0', null, '0', null, null, null);
INSERT INTO `productos` VALUES ('6112', 'GLACITAS TOFFEE VICTORIA (6x32GR)', 'NS', '2.77', 'ALICORP S.A', 'GOLOSINAS', 'GALLETAS', '10', '0', null, '100', '10015', 'Almacen01', '100', '01.A.a.1', '0', null, '0', null, null, null);
INSERT INTO `productos` VALUES ('6114', 'INTEGRAKERS VICTORIA (6x44GR)', 'NS', '2.77', 'ALICORP S.A', 'GOLOSINAS', 'GALLETAS', '10', '0', null, '100', '10015', 'Almacen01', '100', '01.A.a.1', '0', null, '0', null, null, null);
INSERT INTO `productos` VALUES ('6116', 'MARQUESITA COCO VICTORIA (6x5UND)', 'NS', '2.77', 'ALICORP S.A', 'GOLOSINAS', 'GALLETAS', '10', '0', null, '100', '10015', 'Almacen01', '100', '01.A.a.1', '0', null, '0', null, null, null);
INSERT INTO `productos` VALUES ('6117', 'MARQUESITA NARANJA VICTORIA (6x5UND)', 'NS', '2.77', 'ALICORP S.A', 'GOLOSINAS', 'GALLETAS', '10', '0', null, '100', '10015', 'Almacen01', '100', '01.A.a.1', '0', null, '0', null, null, null);
INSERT INTO `productos` VALUES ('6118', 'MARQUESITA VAINILLA VICTORIA (6x5UND)', 'NS', '2.77', 'ALICORP S.A', 'GOLOSINAS', 'GALLETAS', '10', '0', null, '100', '10015', 'Almacen01', '100', '01.A.a.1', '0', null, '0', null, null, null);
INSERT INTO `productos` VALUES ('6119', 'TENTACION COCO VICTORIA (6x53GR)', 'NS', '2.79', 'ALICORP S.A', 'GOLOSINAS', 'GALLETAS', '10', '0', null, '100', '10015', 'Almacen01', '100', '01.A.a.1', '0', null, '0', null, null, null);
INSERT INTO `productos` VALUES ('6120', 'TENTACION CHOCOLATE VICTORIA (6x53GR)', 'NS', '2.79', 'ALICORP S.A', 'GOLOSINAS', 'GALLETAS', '10', '0', null, '100', '10015', 'Almacen01', '100', '01.A.a.1', '0', null, '0', null, null, null);
INSERT INTO `productos` VALUES ('6121', 'TENTACION NARANJA VICTORIA (6x53GR)', 'NS', '2.79', 'ALICORP S.A', 'GOLOSINAS', 'GALLETAS', '10', '0', null, '100', '10015', 'Almacen01', '100', '01.A.a.1', '0', null, '0', null, null, null);
INSERT INTO `productos` VALUES ('6122', 'TENTACION VAINILLA VICTORIA (6x53GR)', 'NS', '2.79', 'ALICORP S.A', 'GOLOSINAS', 'GALLETAS', '10', '0', null, '100', '10015', 'Almacen01', '100', '01.A.a.1', '0', null, '0', null, null, null);
INSERT INTO `productos` VALUES ('6125', 'DIVAS VICTORIA (6x6UND)', 'NS', '2.74', 'ALICORP S.A', 'GOLOSINAS', 'GALLETAS', '10', '0', null, '100', '10015', 'Almacen01', '100', '01.A.a.1', '0', null, '0', null, null, null);
INSERT INTO `productos` VALUES ('6130', 'PANETON COSTA BOLSA (900GR)', 'NS', '14.95', 'MOLITALIA S.A.', 'PANETONES', 'PANETONES', '10', '0', null, '100', '10139', 'Almacen01', '100', '01.A.a.1', '0', null, '0', null, null, null);
INSERT INTO `productos` VALUES ('6131', 'BELGIAN SEASHELLS (65GR)', 'US', '3.37', 'EUROGOURMET S.A.C.', 'GOLOSINAS', 'CHOCOLATES', '10', '0', null, '100', '10124', 'Almacen01', '100', '01.A.a.1', '0', null, '0', null, null, null);
INSERT INTO `productos` VALUES ('6133', 'BELGIAN  PRALINES (50GR)', 'US', '3.37', 'EUROGOURMET S.A.C.', 'GOLOSINAS', 'CHOCOLATES', '10', '0', null, '100', '10124', 'Almacen01', '100', '01.A.a.1', '0', null, '0', null, null, null);
INSERT INTO `productos` VALUES ('6135', 'NIK VAINILLA COSTA (6x77GR)', 'NS', '5.72', 'MOLITALIA S.A.', 'GOLOSINAS', 'WAFFERS', '10', '0', null, '100', '10139', 'Almacen01', '100', '01.A.a.1', '0', null, '0', null, null, null);
INSERT INTO `productos` VALUES ('6136', 'TAMPICO TROPICAL PUNCH (400ML)', 'NS', '0.96', 'GLORIA S.A.', 'BEBIDAS', 'JUGOS Y NECTARES', '10', '0', null, '100', '10430', 'Almacen01', '100', '01.A.a.1', '0', null, '0', null, null, null);
INSERT INTO `productos` VALUES ('6140', 'LIBBYS KETCHUP (100GR)', 'NS', '0.91', 'NESTLE PERU S.A.', 'ALIMENTOS ENVASADOS', 'SALSAS Y CONDIMENTOS', '10', '0', null, '100', '10902', 'Almacen01', '100', '01.A.a.1', '0', null, '0', null, null, null);
INSERT INTO `productos` VALUES ('6145', 'ADAMS CLORETS MASTICABLE MORA (20x18GR)', 'NS', '8.38', 'KRAFT FOODS PERU S.A.', 'GOLOSINAS', 'GOMA DE MASCAR', '10', '0', null, '100', '10134', 'Almacen01', '100', '01.A.a.1', '0', null, '0', null, null, null);
INSERT INTO `productos` VALUES ('6157', 'INSTANT CLEAN GEL ANTIBACTERIAL FRESA (100ML)', 'NS', '6.78', 'BERGELUND S.A.C.', 'HIGIENE PERSONAL', 'GEL ANTIBATERIAL', '10', '0', null, '100', '11092', 'Almacen01', '100', '01.A.a.1', '0', null, '0', null, null, null);
INSERT INTO `productos` VALUES ('6166', 'CRICKETS MIX NUTS (100GR)', 'NS', '2.32', 'INDUSTRIAS AGRICOLAS SRL', 'SNACKS', 'SNACKS', '10', '0', null, '100', '10569', 'Almacen01', '100', '01.A.a.1', '0', null, '0', null, null, null);
INSERT INTO `productos` VALUES ('6168', 'PANETON DONOFRIO BUON NATALE CAJA (900GR)', 'NS', '15.41', 'NESTLE PERU S.A.', 'PANETONES', 'PANETONES', '10', '0', null, '100', '10902', 'Almacen01', '100', '01.A.a.1', '0', null, '0', null, null, null);
INSERT INTO `productos` VALUES ('6178', 'NESTLE SUBLIME BOX ESPECIAL (20x8GR)', 'NS', '7.49', 'NESTLE PERU S.A.', 'GOLOSINAS', 'CHOCOLATES', '10', '0', null, '100', '10902', 'Almacen01', '100', '01.A.a.1', '0', null, '0', null, null, null);
INSERT INTO `productos` VALUES ('6197', 'GALLETA LATA SURTIDA (452GR)', 'NS', '12.96', 'MOLITALIA S.A.', 'GOLOSINAS', 'GALLETAS', '10', '0', null, '100', '10139', 'Almacen01', '100', '01.A.a.1', '0', null, '0', null, null, null);
INSERT INTO `productos` VALUES ('6208', 'ALA CENA MAYONESA SACHET (115CC)', 'NS', '1.96', 'ALICORP S.A', 'ALIMENTOS ENVASADOS', 'SALSAS Y CONDIMENTOS', '10', '0', null, '100', '10015', 'Almacen01', '100', '01.A.a.1', '0', null, '0', null, null, null);
INSERT INTO `productos` VALUES ('6215', 'RENUZIT AROMA AFTERTHE RAIN (7.5ONZA)', 'NS', '5.11', 'KMC INTERNATIONAL SAC', 'HIGIENE AMBIENTAL', 'AMBIENTADORES', '10', '0', null, '100', '10531', 'Almacen01', '100', '01.A.a.1', '0', null, '0', null, null, null);
INSERT INTO `productos` VALUES ('6216', 'RENUZIT AROMA APPLE Y CINNAMON (7.5ONZA)', 'NS', '5.11', 'KMC INTERNATIONAL SAC', 'HIGIENE AMBIENTAL', 'AMBIENTADORES', '10', '0', null, '100', '10531', 'Almacen01', '100', '01.A.a.1', '0', null, '0', null, null, null);
INSERT INTO `productos` VALUES ('6227', 'DON VICTORIO CANUTO (250GR)', 'NS', '1.15', 'ALICORP S.A', 'FIDEOS Y PASTAS', 'FIDEOS Y PASTAS', '10', '0', null, '100', '10015', 'Almacen01', '100', '01.A.a.1', '0', null, '0', null, null, null);
INSERT INTO `productos` VALUES ('6237', 'MR. CHIPS PAPAS FINAS HIERBAS Y PIMTA. (42GR)', 'NS', '0.82', 'DEPRODECA SAC', 'SNACKS', 'SNACKS', '10', '0', null, '100', '10520', 'Almacen01', '100', '01.A.a.1', '0', null, '0', null, null, null);
INSERT INTO `productos` VALUES ('6241', 'MR. CHIPS PAPAS NATURALES (42GR)', 'NS', '0.82', 'DEPRODECA SAC', 'SNACKS', 'SNACKS', '10', '0', null, '100', '10520', 'Almacen01', '100', '01.A.a.1', '0', null, '0', null, null, null);
INSERT INTO `productos` VALUES ('6245', 'DOLOFLAN TOTAL (30TAB)', 'NS', '19.18', 'JOHNSON & JOHNSON DEL PERU S.A.', 'FARMACOS', 'ANALGESICO', '10', '0', null, '100', '10412', 'Almacen01', '100', '01.A.a.1', '0', null, '0', null, null, null);
INSERT INTO `productos` VALUES ('6269', 'MILKITO YOGURT DURAZNO (1KG)', 'NS', '4.87', 'GLORIA S.A.', 'BEBIDAS', 'YOGURT', '10', '0', null, '100', '10430', 'Almacen01', '100', '01.A.a.1', '0', null, '0', null, null, null);
INSERT INTO `productos` VALUES ('6272', 'CADBURY ADAMS TRIDENT SENSATIONS DURAZNO (12x14.4GR)', 'NS', '16.80', 'BARZOLA ALTAMIRANO YENNY ROCIO', 'GOLOSINAS', 'GOMA DE MASCAR', '10', '0', null, '100', '12732', 'Almacen01', '100', '01.A.a.1', '0', null, '0', null, null, null);
INSERT INTO `productos` VALUES ('6277', 'GLORIA CHICHA MORADA (400ML)', 'NS', '0.89', 'GLORIA S.A.', 'BEBIDAS', 'JUGOS Y NECTARES', '10', '0', null, '100', '10430', 'Almacen01', '100', '01.A.a.1', '0', null, '0', null, null, null);
INSERT INTO `productos` VALUES ('6278', 'ACEITE PRIMOR CLASICO Nuevo (1LT)', 'NS', '7.21', 'ALICORP S.A', 'ALIMENTOS ENVASADOS', 'ACEITE VEGETAL', '10', '0', null, '100', '10015', 'Almacen01', '100', '01.A.a.1', '0', null, '0', null, null, null);
INSERT INTO `productos` VALUES ('6280', 'JOHNSON B. SHAMPOO MANZANILLA (240ML)', 'NS', '12.59', 'JOHNSON & JOHNSON DEL PERU S.A.', 'HIGIENE PERSONAL', 'SHAMPOOES', '10', '0', null, '100', '10412', 'Almacen01', '100', '01.A.a.1', '0', null, '0', null, null, null);
INSERT INTO `productos` VALUES ('6292', 'ACT II POP CORN MANTEQUILLA EXTRA (91GR)', 'NS', '2.27', 'KMC INTERNATIONAL SAC', 'SNACKS', 'POP CORN', '10', '0', null, '100', '10531', 'Almacen01', '100', '01.A.a.1', '0', null, '0', null, null, null);
INSERT INTO `productos` VALUES ('6293', 'ACT II POP CORN MANTEQUILLA LIGHT (99GR)', 'NS', '2.27', 'KMC INTERNATIONAL SAC', 'SNACKS', 'POP CORN', '10', '0', null, '100', '10531', 'Almacen01', '100', '01.A.a.1', '0', null, '0', null, null, null);
INSERT INTO `productos` VALUES ('6303', 'NESTLE NESCAFE CAPPUCCINO REAL VENDING (400GR)', 'NS', '28.40', 'NESTLE PERU S.A.', 'ALIMENTOS ENVASADOS', 'CAFÉ', '10', '0', null, '100', '10902', 'Almacen01', '100', '01.A.a.1', '0', null, '0', null, null, null);
INSERT INTO `productos` VALUES ('6307', 'MILKITO YOGURT VAINILLA (1KG)', 'NS', '4.87', 'GLORIA S.A.', 'BEBIDAS', 'YOGURT', '10', '0', null, '100', '10430', 'Almacen01', '100', '01.A.a.1', '0', null, '0', null, null, null);
INSERT INTO `productos` VALUES ('6319', 'SELECTAS FIELD PLATANO (50GR)', 'NS', '0.82', 'KRAFT FOODS PERU S.A.', 'GOLOSINAS', 'GALLETAS', '10', '0', null, '100', '10134', 'Almacen01', '100', '01.A.a.1', '0', null, '0', null, null, null);
INSERT INTO `productos` VALUES ('6337', 'CRICKETS CHIFLES PICANTE (500GR)', 'NS', '9.33', 'INDUSTRIAS AGRICOLAS SRL', 'SNACKS', 'SNACKS', '10', '0', null, '100', '10569', 'Almacen01', '100', '01.A.a.1', '0', null, '0', null, null, null);
INSERT INTO `productos` VALUES ('6354', 'SEÑOR MAIZ NATURAL (30GR)', 'NS', '1.15', 'HELENA VENTAS S.A.C', 'SNACKS', 'SNACKS', '10', '0', null, '100', '11154', 'Almacen01', '100', '01.A.a.1', '0', null, '0', null, null, null);
INSERT INTO `productos` VALUES ('6355', 'SEÑOR MAIZ FINAS HIERBAS (100GR)', 'NS', '4.12', 'HELENA VENTAS S.A.C', 'SNACKS', 'SNACKS', '10', '0', null, '100', '11154', 'Almacen01', '100', '01.A.a.1', '0', null, '0', null, null, null);
INSERT INTO `productos` VALUES ('6356', 'SEÑOR MAIZ FINAS HIERBAS (30GR)', 'NS', '1.15', 'HELENA VENTAS S.A.C', 'SNACKS', 'SNACKS', '10', '0', null, '100', '11154', 'Almacen01', '100', '01.A.a.1', '0', null, '0', null, null, null);
INSERT INTO `productos` VALUES ('6357', 'SEÑOR MAIZ QUESO (30GR)', 'NS', '1.15', 'HELENA VENTAS S.A.C', 'SNACKS', 'SNACKS', '10', '0', null, '100', '11154', 'Almacen01', '100', '01.A.a.1', '0', null, '0', null, null, null);
INSERT INTO `productos` VALUES ('6362', 'GOMAS AMBROSIA AMBROSOLI (12x32GR)', 'NS', '6.05', 'MOLITALIA S.A.', 'GOLOSINAS', 'GOMAS', '10', '0', null, '100', '10139', 'Almacen01', '100', '01.A.a.1', '0', null, '0', null, null, null);
INSERT INTO `productos` VALUES ('6363', 'AMBRUJOS LATA HALLOWEEN (107GR)', 'NS', '4.33', 'MOLITALIA S.A.', 'GOLOSINAS', 'GOMAS', '10', '0', null, '100', '10139', 'Almacen01', '100', '01.A.a.1', '0', null, '0', null, null, null);
INSERT INTO `productos` VALUES ('6364', 'MENTITAS AMBROSOLI (24x24GR)', 'NS', '10.21', 'MOLITALIA S.A.', 'GOLOSINAS', 'CARAMELOS', '10', '0', null, '100', '10139', 'Almacen01', '100', '01.A.a.1', '0', null, '0', null, null, null);
INSERT INTO `productos` VALUES ('6365', 'NESTLE SUBLIME TAB. CARRI TABLETAS (100GR)', 'NS', '4.61', 'NESTLE PERU S.A.', 'GOLOSINAS', 'CHOCOLATES', '10', '0', null, '100', '10902', 'Almacen01', '100', '01.A.a.1', '0', null, '0', null, null, null);
INSERT INTO `productos` VALUES ('6366', 'NESTLE SUBLIME TAB. ALMENDRA (100GR)', 'NS', '4.61', 'NESTLE PERU S.A.', 'GOLOSINAS', 'CHOCOLATES', '10', '0', null, '100', '10902', 'Almacen01', '100', '01.A.a.1', '0', null, '0', null, null, null);
INSERT INTO `productos` VALUES ('6368', 'NESTLE SUBLIME TAB. COOKIES (100GR)', 'NS', '4.61', 'NESTLE PERU S.A.', 'GOLOSINAS', 'CHOCOLATES', '10', '0', null, '100', '10902', 'Almacen01', '100', '01.A.a.1', '0', null, '0', null, null, null);
INSERT INTO `productos` VALUES ('6375', 'GLORIA LECHE UHT VAINILLA (180ML)', 'NS', '1.03', 'GLORIA S.A.', 'ALIMENTOS ENVASADOS', 'LACTEOS', '10', '0', null, '100', '10430', 'Almacen01', '100', '01.A.a.1', '0', null, '0', null, null, null);
INSERT INTO `productos` VALUES ('6381', 'GOMAS AMBROSITO DEPORTIVO AMBROSOLI (12x25GR)', 'NS', '6.05', 'MOLITALIA S.A.', 'GOLOSINAS', 'GOMAS', '10', '0', null, '100', '10139', 'Almacen01', '100', '01.A.a.1', '0', null, '0', null, null, null);
INSERT INTO `productos` VALUES ('6395', 'BIC ENCENDEDOR MAXI EXH-12 (12x1UND)', 'NS', '23.99', 'BIC ANDINA PERU S.A.', 'TABACALERIA', 'ENCENDEDORES', '10', '0', null, '100', '11527', 'Almacen01', '100', '01.A.a.1', '0', null, '0', null, null, null);
INSERT INTO `productos` VALUES ('6396', 'BIC ENCENDEDOR MINI J5 UNIDAD (1UND)', 'NS', '1.33', 'BIC ANDINA PERU S.A.', 'TABACALERIA', 'ENCENDEDORES', '10', '0', null, '100', '11527', 'Almacen01', '100', '01.A.a.1', '0', null, '0', null, null, null);
INSERT INTO `productos` VALUES ('6426', 'ACT II POP CORN NATURAL LIGHT (99GR)', 'NS', '2.27', 'KMC INTERNATIONAL SAC', 'SNACKS', 'POP CORN', '10', '0', null, '100', '10531', 'Almacen01', '100', '01.A.a.1', '0', null, '0', null, null, null);
INSERT INTO `productos` VALUES ('6430', 'GHIRARDELLI DARK & CARAMEL BOLSA (151GR)', 'NS', '16.84', 'KING DAVID DELICATESSES DEL PERU S.A.C', 'GOLOSINAS', 'CHOCOLATES', '10', '0', null, '100', '11212', 'Almacen01', '100', '01.A.a.1', '0', null, '0', null, null, null);
INSERT INTO `productos` VALUES ('6445', 'WONDERFUL PISTACHOS LIMON (40GR)', 'NS', '4.13', 'DANILZA S.A.', 'SNACKS', 'PISTACHOS', '10', '0', null, '100', '12334', 'Almacen01', '100', '01.A.a.1', '0', null, '0', null, null, null);
INSERT INTO `productos` VALUES ('6475', 'TUYO COSTA (6x24GR)', 'NS', '2.37', 'MOLITALIA S.A.', 'GOLOSINAS', 'WAFFERS', '10', '0', null, '100', '10139', 'Almacen01', '100', '01.A.a.1', '0', null, '0', null, null, null);
INSERT INTO `productos` VALUES ('6476', 'CAÑONAZO COSTA (24x25GR)', 'NS', '10.15', 'MOLITALIA S.A.', 'GOLOSINAS', 'CHOCOLATES', '10', '0', null, '100', '10139', 'Almacen01', '100', '01.A.a.1', '0', null, '0', null, null, null);
INSERT INTO `productos` VALUES ('6494', 'PHILADELPHIA BRICK PLAIN ORIGINAL (226GR)', 'NS', '7.52', 'KRAFT FOODS PERU S.A.', 'ALIMENTOS ENVASADOS', 'LACTEOS', '10', '0', null, '100', '10134', 'Almacen01', '100', '01.A.a.1', '0', null, '0', null, null, null);
INSERT INTO `productos` VALUES ('6496', 'PHILADELPHIA SOFT REGULAR POTE (226GR)', 'NS', '7.52', 'KRAFT FOODS PERU S.A.', 'ALIMENTOS ENVASADOS', 'LACTEOS', '10', '0', null, '100', '10134', 'Almacen01', '100', '01.A.a.1', '0', null, '0', null, null, null);
INSERT INTO `productos` VALUES ('6509', 'CLUB SOCIAL REGULAR (6x26GR)', 'NS', '2.63', 'KRAFT FOODS PERU S.A.', 'GOLOSINAS', 'GALLETAS', '10', '0', null, '100', '10134', 'Almacen01', '100', '01.A.a.1', '0', null, '0', null, null, null);
INSERT INTO `productos` VALUES ('6543', 'PANETON DONOFRIO CAJA (1KG)', 'NS', '22.69', 'NESTLE PERU S.A.', 'PANETONES', 'PANETONES', '10', '0', null, '100', '10902', 'Almacen01', '100', '01.A.a.1', '0', null, '0', null, null, null);
INSERT INTO `productos` VALUES ('6560', 'ALFAJORES TINKAY VAINILLA (12x25GR)', 'NS', '16.80', 'INDUSTRIAL PERUANA HOLANDESA S.A.C.', 'GOLOSINAS', 'CHOCOLATES', '10', '0', null, '100', '10697', 'Almacen01', '100', '01.A.a.1', '0', null, '0', null, null, null);
INSERT INTO `productos` VALUES ('6561', 'JOHNSON JABON ADULTO AVENA (125GR)', 'NS', '2.36', 'JOHNSON & JOHNSON DEL PERU S.A.', 'HIGIENE PERSONAL', 'JABONES', '10', '0', null, '100', '10412', 'Almacen01', '100', '01.A.a.1', '0', null, '0', null, null, null);
INSERT INTO `productos` VALUES ('6565', 'NIK FRESA COSTA (6x77GR)', 'NS', '5.72', 'MOLITALIA S.A.', 'GOLOSINAS', 'WAFFERS', '10', '0', null, '100', '10139', 'Almacen01', '100', '01.A.a.1', '0', null, '0', null, null, null);
INSERT INTO `productos` VALUES ('6566', 'NIK CHOCOLATE COSTA (6x77GR)', 'NS', '5.72', 'MOLITALIA S.A.', 'GOLOSINAS', 'WAFFERS', '10', '0', null, '100', '10139', 'Almacen01', '100', '01.A.a.1', '0', null, '0', null, null, null);
INSERT INTO `productos` VALUES ('6567', 'NIK FRESA COSTA (6x29GR)', 'NS', '2.29', 'MOLITALIA S.A.', 'GOLOSINAS', 'WAFFERS', '10', '0', null, '100', '10139', 'Almacen01', '100', '01.A.a.1', '0', null, '0', null, null, null);
INSERT INTO `productos` VALUES ('6568', 'NIK CHOCOLATE COSTA (6x29GR)', 'NS', '2.29', 'MOLITALIA S.A.', 'GOLOSINAS', 'WAFFERS', '10', '0', null, '100', '10139', 'Almacen01', '100', '01.A.a.1', '0', null, '0', null, null, null);
INSERT INTO `productos` VALUES ('6575', 'JOHNSON JABON CREMOSO HUMECTANTE (75GR)', 'NS', '2.03', 'JOHNSON & JOHNSON DEL PERU S.A.', 'HIGIENE PERSONAL', 'JABONES', '10', '0', null, '100', '10412', 'Almacen01', '100', '01.A.a.1', '0', null, '0', null, null, null);
INSERT INTO `productos` VALUES ('6579', 'INTEGRAKERS QUINUA (6x36GR)', 'NS', '2.74', 'ALICORP S.A', 'GOLOSINAS', 'GALLETAS', '10', '0', null, '100', '10015', 'Almacen01', '100', '01.A.a.1', '0', null, '0', null, null, null);
INSERT INTO `productos` VALUES ('6590', 'CASINO ALFAJOR VICTORIA (6x51GR)', 'NS', '3.24', 'ALICORP S.A', 'GOLOSINAS', 'GALLETAS', '10', '0', null, '100', '10015', 'Almacen01', '100', '01.A.a.1', '0', null, '0', null, null, null);
INSERT INTO `productos` VALUES ('6604', 'HELLO KITY SOMBRAS (1UND)', 'NS', '5.66', 'MIKA INVERSIONES S.A.C', 'GOLOSINAS', 'CARAMELOS', '10', '0', null, '100', null, 'Almacen01', '100', '01.A.a.1', '0', null, '0', null, null, null);
INSERT INTO `productos` VALUES ('6607', 'GLORIA QUESO BONLE RALLADO PARMESANO (35GR)', 'NS', '2.51', 'GLORIA S.A.', 'ALIMENTOS ENVASADOS', 'LACTEOS', '10', '0', null, '100', '10430', 'Almacen01', '100', '01.A.a.1', '0', null, '0', null, null, null);
INSERT INTO `productos` VALUES ('6618', 'SPLENDA TABLETAS (100UND)', 'NS', '12.02', 'JOHNSON & JOHNSON DEL PERU S.A.', 'ALIMENTOS ENVASADOS', 'AZUCAR', '10', '0', null, '100', '10412', 'Almacen01', '100', '01.A.a.1', '0', null, '0', null, null, null);
INSERT INTO `productos` VALUES ('6620', 'NESQUIK NUTRIACTIVE-B CHOCOLATE (400GR)', 'NS', '10.51', 'NESTLE PERU S.A.', 'ALIMENTOS ENVASADOS', 'NESQUICK', '10', '0', null, '100', '10902', 'Almacen01', '100', '01.A.a.1', '0', null, '0', null, null, null);
INSERT INTO `productos` VALUES ('6633', 'RITZ (6x22.4GR)', 'NS', '2.64', 'KRAFT FOODS PERU S.A.', 'GOLOSINAS', 'GALLETAS', '10', '0', null, '100', '10134', 'Almacen01', '100', '01.A.a.1', '0', null, '0', null, null, null);
INSERT INTO `productos` VALUES ('6638', 'MACARONI & CHEESE ORIGINAL (206GR)', 'NS', '3.38', 'KRAFT FOODS PERU S.A.', 'FIDEOS Y PASTAS', 'FIDEOS Y PASTAS', '10', '0', null, '100', '10134', 'Almacen01', '100', '01.A.a.1', '0', null, '0', null, null, null);
INSERT INTO `productos` VALUES ('6695', 'LA IBERICA CORAZON X 4 PIEZAS TREBOL (100GR)', 'NS', '13.86', 'DISTRIBUIDORA VINUM S.A. - DIVINUM', 'GOLOSINAS', 'CHOCOLATES', '10', '0', null, '100', '11508', 'Almacen01', '100', '01.A.a.1', '0', null, '0', null, null, null);
INSERT INTO `productos` VALUES ('6702', 'LA IBERICA BOMBONES SELECTOS (170GR)', 'NS', '20.05', 'DISTRIBUIDORA VINUM S.A. - DIVINUM', 'GOLOSINAS', 'BOMBONES', '10', '0', null, '100', '11508', 'Almacen01', '100', '01.A.a.1', '0', null, '0', null, null, null);
INSERT INTO `productos` VALUES ('6732', 'MUÑECO AVENGERS CANDY FAN (1UND)', 'NS', '15.93', 'MIKA INVERSIONES S.A.C', 'GOLOSINAS', 'CARAMELOS', '10', '0', null, '100', null, 'Almacen01', '100', '01.A.a.1', '0', null, '0', null, null, null);
INSERT INTO `productos` VALUES ('6738', 'L.ONDA CRANBERRY VID. JUGO LIGTH+PISTACHO SAL/PIMIENT 40GR (473ML)', 'NS', '6.38', 'L\'ONDA BEVERAGE CO SAC', 'BEBIDAS', 'JUGOS Y NECTARES', '10', '0', null, '100', '10728', 'Almacen01', '100', '01.A.a.1', '0', null, '0', null, null, null);
INSERT INTO `productos` VALUES ('6752', 'ARROZ PAISANA BLANCO PERFECTO (1KG)', 'NS', '3.61', 'ALICORP S.A', 'ALIMENTOS ENVASADOS', 'ARROZ', '10', '0', null, '100', '10015', 'Almacen01', '100', '01.A.a.1', '0', null, '0', null, null, null);
INSERT INTO `productos` VALUES ('6758', 'CAFETERA DOLCE GUSTO PICCOLO ROJO (2.3KG)', 'NS', '239.20', 'NESTLE PERU S.A.', 'ALIMENTOS ENVASADOS', 'CAFÉ', '10', '0', null, '100', '10902', 'Almacen01', '100', '01.A.a.1', '0', null, '0', null, null, null);
INSERT INTO `productos` VALUES ('6765', 'L.ONDA CRANBERRY VID. +PISTACHO SAL/PIMIENT 40GR (473ML)', 'NS', '6.38', 'L\'ONDA BEVERAGE CO SAC', 'BEBIDAS', 'JUGOS Y NECTARES', '10', '0', null, '100', '10728', 'Almacen01', '100', '01.A.a.1', '0', null, '0', null, null, null);
INSERT INTO `productos` VALUES ('6768', 'COSTA BOX BOMBON CAREZZA (102GR)', 'NS', '8.72', 'MOLITALIA S.A.', 'GOLOSINAS', 'BOMBONES', '10', '0', null, '100', '10139', 'Almacen01', '100', '01.A.a.1', '0', null, '0', null, null, null);
INSERT INTO `productos` VALUES ('6771', 'MR. CHIPS PAPAS NATIVAS GRANDES (185GR)', 'NS', '4.56', 'DEPRODECA SAC', 'SNACKS', 'SNACKS', '10', '0', null, '100', '10520', 'Almacen01', '100', '01.A.a.1', '0', null, '0', null, null, null);
INSERT INTO `productos` VALUES ('6772', 'ANGEL ZUCK (22GR)', 'NS', '0.35', 'AXUR S.A.', 'ALIMENTOS ENVASADOS', 'CEREALES', '10', '0', null, '100', '10137', 'Almacen01', '100', '01.A.a.1', '0', null, '0', null, null, null);
INSERT INTO `productos` VALUES ('6778', 'PROM. PALETITAS FOODSERVICES (1000UND)', 'NS', '30.00', 'NESTLE PERU S.A.', 'DESCARTABLES', 'PALETILLAS', '10', '0', null, '100', '10902', 'Almacen01', '100', '01.A.a.1', '0', null, '0', null, null, null);
INSERT INTO `productos` VALUES ('6783', 'CRICKETS MIEL DE ABEJA (500GR)', 'NS', '13.51', 'INDUSTRIAS AGRICOLAS SRL', 'ALIMENTOS ENVASADOS', 'MIEL DE ABEJA', '10', '0', null, '100', '10569', 'Almacen01', '100', '01.A.a.1', '0', null, '0', null, null, null);
INSERT INTO `productos` VALUES ('6787', 'GLORIA YOGURT BATTIMIX VAINILLA C/CHOCO (125GR)', 'NS', '2.60', 'GLORIA S.A.', 'BEBIDAS', 'YOGURT', '10', '0', null, '100', '10430', 'Almacen01', '100', '01.A.a.1', '0', null, '0', null, null, null);
INSERT INTO `productos` VALUES ('6789', 'GLORIA LECHE EVAP. ENTERA (410GR)', 'NS', '2.96', 'GLORIA S.A.', 'ALIMENTOS ENVASADOS', 'LACTEOS', '10', '0', null, '100', '10430', 'Almacen01', '100', '01.A.a.1', '0', null, '0', null, null, null);
INSERT INTO `productos` VALUES ('6790', 'GLORIA LECHE EVAP. LIGHT (410GR)', 'NS', '2.97', 'GLORIA S.A.', 'ALIMENTOS ENVASADOS', 'LACTEOS', '10', '0', null, '100', '10430', 'Almacen01', '100', '01.A.a.1', '0', null, '0', null, null, null);
INSERT INTO `productos` VALUES ('6792', 'GLORIA YOGURT PRODEFENSIS VAINILLA (100GR)', 'NS', '1.11', 'GLORIA S.A.', 'BEBIDAS', 'YOGURT', '10', '0', null, '100', '10430', 'Almacen01', '100', '01.A.a.1', '0', null, '0', null, null, null);
INSERT INTO `productos` VALUES ('6793', 'GLORIA LECHE UHT ENTERA (1LT)', 'NS', '3.58', 'GLORIA S.A.', 'ALIMENTOS ENVASADOS', 'LACTEOS', '10', '0', null, '100', '10430', 'Almacen01', '100', '01.A.a.1', '0', null, '0', null, null, null);
INSERT INTO `productos` VALUES ('6795', 'GLORIA LECHE UHT CHOCOLATADA (1LT)', 'NS', '3.88', 'GLORIA S.A.', 'ALIMENTOS ENVASADOS', 'LACTEOS', '10', '0', null, '100', '10430', 'Almacen01', '100', '01.A.a.1', '0', null, '0', null, null, null);
INSERT INTO `productos` VALUES ('6807', 'GLORIA YOGURT LUCUMA (500GR)', 'NS', '2.63', 'GLORIA S.A.', 'BEBIDAS', 'YOGURT', '10', '0', null, '100', '10430', 'Almacen01', '100', '01.A.a.1', '0', null, '0', null, null, null);
INSERT INTO `productos` VALUES ('6808', 'GLORIA YOGURT BATTISHAKE FRESA (120GR)', 'NS', '0.88', 'GLORIA S.A.', 'BEBIDAS', 'YOGURT', '10', '0', null, '100', '10430', 'Almacen01', '100', '01.A.a.1', '0', null, '0', null, null, null);
INSERT INTO `productos` VALUES ('6810', 'GLORIA YOGURT BATTISHAKE VAINILLA (120GR)', 'NS', '0.88', 'GLORIA S.A.', 'BEBIDAS', 'YOGURT', '10', '0', null, '100', '10430', 'Almacen01', '100', '01.A.a.1', '0', null, '0', null, null, null);
INSERT INTO `productos` VALUES ('6812', 'GLORIA YOGURT BATTIMIX VAINILLA C/OJUELAS (125GR)', 'NS', '2.60', 'GLORIA S.A.', 'BEBIDAS', 'YOGURT', '10', '0', null, '100', '10430', 'Almacen01', '100', '01.A.a.1', '0', null, '0', null, null, null);
INSERT INTO `productos` VALUES ('6813', 'GLORIA YOGURT BATTIMIX VAINILLA C/ARITOS (125GR)', 'NS', '2.60', 'GLORIA S.A.', 'BEBIDAS', 'YOGURT', '10', '0', null, '100', '10430', 'Almacen01', '100', '01.A.a.1', '0', null, '0', null, null, null);
INSERT INTO `productos` VALUES ('6815', 'GLORIA YOGURT DURAZNO (500GR)', 'NS', '2.63', 'GLORIA S.A.', 'BEBIDAS', 'YOGURT', '10', '0', null, '100', '10430', 'Almacen01', '100', '01.A.a.1', '0', null, '0', null, null, null);
INSERT INTO `productos` VALUES ('6819', 'GLORIA YOGURT GUANABANA (500GR)', 'NS', '2.63', 'GLORIA S.A.', 'BEBIDAS', 'YOGURT', '10', '0', null, '100', '10430', 'Almacen01', '100', '01.A.a.1', '0', null, '0', null, null, null);
INSERT INTO `productos` VALUES ('6820', 'GLORIA YOGURT DURAZNO (190GR)', 'NS', '0.91', 'GLORIA S.A.', 'BEBIDAS', 'YOGURT', '10', '0', null, '100', '10430', 'Almacen01', '100', '01.A.a.1', '0', null, '0', null, null, null);
INSERT INTO `productos` VALUES ('6821', 'GLORIA YOGURT FRESA (190GR)', 'NS', '0.91', 'GLORIA S.A.', 'BEBIDAS', 'YOGURT', '10', '0', null, '100', '10430', 'Almacen01', '100', '01.A.a.1', '0', null, '0', null, null, null);
INSERT INTO `productos` VALUES ('6824', 'GLORIA YOGURT FRESA (500GR)', 'NS', '2.63', 'GLORIA S.A.', 'BEBIDAS', 'YOGURT', '10', '0', null, '100', '10430', 'Almacen01', '100', '01.A.a.1', '0', null, '0', null, null, null);
INSERT INTO `productos` VALUES ('6826', 'GLORIA MANTEQUILLA X 100 (100GR)', 'NS', '2.75', 'GLORIA S.A.', 'ALIMENTOS ENVASADOS', 'LACTEOS', '10', '0', null, '100', '10430', 'Almacen01', '100', '01.A.a.1', '0', null, '0', null, null, null);
INSERT INTO `productos` VALUES ('6830', 'GLORIA JUGO PIÑA (200ML)', 'NS', '0.85', 'GLORIA S.A.', 'BEBIDAS', 'JUGOS Y NECTARES', '10', '0', null, '100', '10430', 'Almacen01', '100', '01.A.a.1', '0', null, '0', null, null, null);
INSERT INTO `productos` VALUES ('6832', 'GLORIA JUGO NARANJA (1LT)', 'NS', '2.42', 'GLORIA S.A.', 'BEBIDAS', 'JUGOS Y NECTARES', '10', '0', null, '100', '10430', 'Almacen01', '100', '01.A.a.1', '0', null, '0', null, null, null);
INSERT INTO `productos` VALUES ('6833', 'GLORIA JUGO MANGO (1LT)', 'NS', '2.42', 'GLORIA S.A.', 'BEBIDAS', 'JUGOS Y NECTARES', '10', '0', null, '100', '10430', 'Almacen01', '100', '01.A.a.1', '0', null, '0', null, null, null);
INSERT INTO `productos` VALUES ('6834', 'GLORIA JUGO DURAZNO (1LT)', 'NS', '2.42', 'GLORIA S.A.', 'BEBIDAS', 'JUGOS Y NECTARES', '10', '0', null, '100', '10430', 'Almacen01', '100', '01.A.a.1', '0', null, '0', null, null, null);
INSERT INTO `productos` VALUES ('6835', 'GLORIA JUGO NARANJA (200ML)', 'NS', '0.85', 'GLORIA S.A.', 'BEBIDAS', 'JUGOS Y NECTARES', '10', '0', null, '100', '10430', 'Almacen01', '100', '01.A.a.1', '0', null, '0', null, null, null);
INSERT INTO `productos` VALUES ('6836', 'GLORIA JUGO MANGO (200ML)', 'NS', '0.85', 'GLORIA S.A.', 'BEBIDAS', 'JUGOS Y NECTARES', '10', '0', null, '100', '10430', 'Almacen01', '100', '01.A.a.1', '0', null, '0', null, null, null);
INSERT INTO `productos` VALUES ('6837', 'GLORIA JUGO DURAZNO (200ML)', 'NS', '0.85', 'GLORIA S.A.', 'BEBIDAS', 'JUGOS Y NECTARES', '10', '0', null, '100', '10430', 'Almacen01', '100', '01.A.a.1', '0', null, '0', null, null, null);
INSERT INTO `productos` VALUES ('6847', 'BELGIAN  HEARTS (65GR)', 'US', '3.37', 'EUROGOURMET S.A.C.', 'GOLOSINAS', 'CHOCOLATES', '10', '0', null, '100', '10124', 'Almacen01', '100', '01.A.a.1', '0', null, '0', null, null, null);
INSERT INTO `productos` VALUES ('6851', 'GLORIA JUGO PIÑA (1LT)', 'NS', '2.42', 'GLORIA S.A.', 'BEBIDAS', 'JUGOS Y NECTARES', '10', '0', null, '100', '10430', 'Almacen01', '100', '01.A.a.1', '0', null, '0', null, null, null);
INSERT INTO `productos` VALUES ('6860', 'GLORIA YOGURT BATTIMIX FRESA C/HOJUELAS (125GR)', 'NS', '2.60', 'GLORIA S.A.', 'BEBIDAS', 'YOGURT', '10', '0', null, '100', '10430', 'Almacen01', '100', '01.A.a.1', '0', null, '0', null, null, null);
INSERT INTO `productos` VALUES ('6877', 'GLORIA YOGURT PRODEFENSIS FRESA (100GR)', 'NS', '1.11', 'GLORIA S.A.', 'BEBIDAS', 'YOGURT', '10', '0', null, '100', '10430', 'Almacen01', '100', '01.A.a.1', '0', null, '0', null, null, null);
INSERT INTO `productos` VALUES ('6878', 'GLORIA YOGURT BATTISHAKE DURAZNO (120GR)', 'NS', '0.88', 'GLORIA S.A.', 'BEBIDAS', 'YOGURT', '10', '0', null, '100', '10430', 'Almacen01', '100', '01.A.a.1', '0', null, '0', null, null, null);
INSERT INTO `productos` VALUES ('6885', 'GLORIA LECHE UHT CHOCOLATADA (180ML)', 'NS', '1.03', 'GLORIA S.A.', 'ALIMENTOS ENVASADOS', 'LACTEOS', '10', '0', null, '100', '10430', 'Almacen01', '100', '01.A.a.1', '0', null, '0', null, null, null);
INSERT INTO `productos` VALUES ('6888', 'NESCAFE TRADICION (200GR)', 'NS', '20.79', 'NESTLE PERU S.A.', 'ALIMENTOS ENVASADOS', 'CAFÉ', '10', '0', null, '100', '10902', 'Almacen01', '100', '01.A.a.1', '0', null, '0', null, null, null);
INSERT INTO `productos` VALUES ('6889', 'NESTLE LECHE IDEAL CREMOSITA (400GR)', 'NS', '2.69', 'NESTLE PERU S.A.', 'ALIMENTOS ENVASADOS', 'LACTEOS', '10', '0', null, '100', '10902', 'Almacen01', '100', '01.A.a.1', '0', null, '0', null, null, null);
INSERT INTO `productos` VALUES ('6918', 'FERRERO ROCHER T3 (16x37.5GR)', 'NS', '50.77', 'KING DAVID DELICATESSES DEL PERU S.A.C', 'GOLOSINAS', 'CHOCOLATES', '10', '0', null, '100', '11212', 'Almacen01', '100', '01.A.a.1', '0', null, '0', null, null, null);
INSERT INTO `productos` VALUES ('6919', 'FERRERO ROCHER T16 BASE (200GR)', 'NS', '19.80', 'KING DAVID DELICATESSES DEL PERU S.A.C', 'GOLOSINAS', 'CHOCOLATES', '10', '0', null, '100', '11212', 'Almacen01', '100', '01.A.a.1', '0', null, '0', null, null, null);
INSERT INTO `productos` VALUES ('6920', 'FERRERO ROCHER T24 DIAMANTADO (300GR)', 'NS', '37.85', 'KING DAVID DELICATESSES DEL PERU S.A.C', 'GOLOSINAS', 'CHOCOLATES', '10', '0', null, '100', '11212', 'Almacen01', '100', '01.A.a.1', '0', null, '0', null, null, null);
INSERT INTO `productos` VALUES ('6921', 'FERRERO ROCHER T8 (100GR)', 'NS', '11.49', 'KING DAVID DELICATESSES DEL PERU S.A.C', 'GOLOSINAS', 'CHOCOLATES', '10', '0', null, '100', '11212', 'Almacen01', '100', '01.A.a.1', '0', null, '0', null, null, null);
INSERT INTO `productos` VALUES ('6922', 'NESTLE PRINCESA CHOC. DETALLE (40GR)', 'NS', '3.93', 'NESTLE PERU S.A.', 'GOLOSINAS', 'CHOCOLATES', '10', '0', null, '100', '10902', 'Almacen01', '100', '01.A.a.1', '0', null, '0', null, null, null);
INSERT INTO `productos` VALUES ('6924', 'NESTLE PRINCESA CHOC. CAJA (128GR)', 'NS', '9.45', 'NESTLE PERU S.A.', 'GOLOSINAS', 'CHOCOLATES', '10', '0', null, '100', '10902', 'Almacen01', '100', '01.A.a.1', '0', null, '0', null, null, null);
INSERT INTO `productos` VALUES ('6928', 'FERRERO NUTELLA (350GR)', 'NS', '13.89', 'KING DAVID DELICATESSES DEL PERU S.A.C', 'GOLOSINAS', 'CHOCOLATES', '10', '0', null, '100', '11212', 'Almacen01', '100', '01.A.a.1', '0', null, '0', null, null, null);
INSERT INTO `productos` VALUES ('6946', 'GLORIA LECHE UHT FRESA (180ML)', 'NS', '1.03', 'GLORIA S.A.', 'ALIMENTOS ENVASADOS', 'LACTEOS', '10', '0', null, '100', '10430', 'Almacen01', '100', '01.A.a.1', '0', null, '0', null, null, null);
INSERT INTO `productos` VALUES ('6947', 'TAMPICO CITRUS PUNCH (600ML)', 'NS', '1.78', 'GLORIA S.A.', 'BEBIDAS', 'JUGOS Y NECTARES', '10', '0', null, '100', '10430', 'Almacen01', '100', '01.A.a.1', '0', null, '0', null, null, null);
INSERT INTO `productos` VALUES ('6948', 'GLORIA YOGURT VAINILLA FRANCESA (500GR)', 'NS', '2.63', 'GLORIA S.A.', 'BEBIDAS', 'YOGURT', '10', '0', null, '100', '10430', 'Almacen01', '100', '01.A.a.1', '0', null, '0', null, null, null);
INSERT INTO `productos` VALUES ('6956', 'AVENGERS SUPER HEROES CANDY (1UND)', 'NS', '3.54', 'MIKA INVERSIONES S.A.C', 'GOLOSINAS', 'CARAMELOS', '10', '0', null, '100', null, 'Almacen01', '100', '01.A.a.1', '0', null, '0', null, null, null);
INSERT INTO `productos` VALUES ('6957', 'INTEGRAKERS SALVADO DE TRIGO (6x39GR)', 'NS', '2.74', 'ALICORP S.A', 'GOLOSINAS', 'GALLETAS', '10', '0', null, '100', '10015', 'Almacen01', '100', '01.A.a.1', '0', null, '0', null, null, null);
INSERT INTO `productos` VALUES ('6981', 'BARILLA PENNE RIGATE (500GR)', 'NS', '5.65', 'KING DAVID DELICATESSES DEL PERU S.A.C', 'FIDEOS Y PASTAS', 'FIDEOS Y PASTAS', '10', '0', null, '100', '11212', 'Almacen01', '100', '01.A.a.1', '0', null, '0', null, null, null);
INSERT INTO `productos` VALUES ('6983', 'BARILLA SPAGUETTI (500GR)', 'NS', '4.80', 'KING DAVID DELICATESSES DEL PERU S.A.C', 'FIDEOS Y PASTAS', 'FIDEOS Y PASTAS', '10', '0', null, '100', '11212', 'Almacen01', '100', '01.A.a.1', '0', null, '0', null, null, null);
INSERT INTO `productos` VALUES ('6991', 'SNYDERS PRETZELS SNAPS (9ONZA)', 'NS', '7.74', 'KMC INTERNATIONAL SAC', 'SNACKS', 'SNACKS', '10', '0', null, '100', '10531', 'Almacen01', '100', '01.A.a.1', '0', null, '0', null, null, null);
INSERT INTO `productos` VALUES ('6999', 'CAFETAL (220GR)', 'NS', '5.43', 'ALICORP S.A', 'ALIMENTOS ENVASADOS', 'CAFE, TE', '10', '0', null, '100', '10015', 'Almacen01', '100', '01.A.a.1', '0', null, '0', null, null, null);
INSERT INTO `productos` VALUES ('7005', 'CAFETERA DOLCE GUSTO KIT NEGRO+ SET (4.3KG)', 'NS', '99.00', 'NESTLE PERU S.A.', 'ALIMENTOS ENVASADOS', 'CAFÉ', '10', '0', null, '100', '10902', 'Almacen01', '100', '01.A.a.1', '0', null, '0', null, null, null);
INSERT INTO `productos` VALUES ('7011', 'ARBOLITO CARAMELOS SURTIDOS AMBROSOLI (60UND)', 'NS', '3.94', 'MOLITALIA S.A.', 'GOLOSINAS', 'CARAMELOS', '10', '0', null, '100', '10139', 'Almacen01', '100', '01.A.a.1', '0', null, '0', null, null, null);
INSERT INTO `productos` VALUES ('7050', 'SNICKERS ALMOND (CREMA) (1.76ONZA)', 'NS', '2.42', 'MASTER FOODS PERU SCRL', 'GOLOSINAS', 'CHOCOLATES', '10', '0', null, '100', '10360', 'Almacen01', '100', '01.A.a.1', '0', null, '0', null, null, null);
INSERT INTO `productos` VALUES ('7080', 'L.ONDA CRANBERRY VID. JUGO LIGTH+PISTACHO TOSTAD 40 GR (473ML)', 'NS', '6.38', 'L\'ONDA BEVERAGE CO SAC', 'BEBIDAS', 'JUGOS Y NECTARES', '10', '0', null, '100', '10728', 'Almacen01', '100', '01.A.a.1', '0', null, '0', null, null, null);
INSERT INTO `productos` VALUES ('7081', 'L.ONDA CRANBERRY VID. +PISTACHO TOSTAD 40GR (473ML)', 'NS', '6.38', 'L\'ONDA BEVERAGE CO SAC', 'BEBIDAS', 'JUGOS Y NECTARES', '10', '0', null, '100', '10728', 'Almacen01', '100', '01.A.a.1', '0', null, '0', null, null, null);
INSERT INTO `productos` VALUES ('7095', 'HUNTS SNACKPACK PUDIN BUTTER SCOTCH (4x3.25ONZA)', 'NS', '7.53', 'KMC INTERNATIONAL SAC', 'GOLOSINAS', 'PUDINES', '10', '0', null, '100', '10531', 'Almacen01', '100', '01.A.a.1', '0', null, '0', null, null, null);
INSERT INTO `productos` VALUES ('7107', 'GLORIA LECHE UHT LIGHT (1LT)', 'NS', '3.58', 'GLORIA S.A.', 'ALIMENTOS ENVASADOS', 'LACTEOS', '10', '0', null, '100', '10430', 'Almacen01', '100', '01.A.a.1', '0', null, '0', null, null, null);
INSERT INTO `productos` VALUES ('7108', 'JOHNSON B. SHAMPOO MANZANILLA (100ML)', 'NS', '6.14', 'JOHNSON & JOHNSON DEL PERU S.A.', 'HIGIENE PERSONAL', 'SHAMPOOES', '10', '0', null, '100', '10412', 'Almacen01', '100', '01.A.a.1', '0', null, '0', null, null, null);
INSERT INTO `productos` VALUES ('7110', 'GLORIA JUGO MANZANA (1LT)', 'NS', '2.42', 'GLORIA S.A.', 'BEBIDAS', 'JUGOS Y NECTARES', '10', '0', null, '100', '10430', 'Almacen01', '100', '01.A.a.1', '0', null, '0', null, null, null);
INSERT INTO `productos` VALUES ('7115', 'CRICKETS CHIFLES PIURANOS PICANT (200GR)', 'NS', '4.00', 'INDUSTRIAS AGRICOLAS SRL', 'SNACKS', 'SNACKS', '10', '0', null, '100', '10569', 'Almacen01', '100', '01.A.a.1', '0', null, '0', null, null, null);
INSERT INTO `productos` VALUES ('7120', 'GLORIA MERMELADA FRESA VASO (320GR)', 'NS', '3.42', 'GLORIA S.A.', 'ALIMENTOS ENVASADOS', 'MERMELADA', '10', '0', null, '100', '10430', 'Almacen01', '100', '01.A.a.1', '0', null, '0', null, null, null);
INSERT INTO `productos` VALUES ('7127', 'GLORIA LECHE UHT SIN LACTOSA (1LT)', 'NS', '3.78', 'GLORIA S.A.', 'ALIMENTOS ENVASADOS', 'LACTEOS', '10', '0', null, '100', '10430', 'Almacen01', '100', '01.A.a.1', '0', null, '0', null, null, null);
INSERT INTO `productos` VALUES ('7130', 'NESTLE GALLETA MILO SANWICH (12x36.4GR)', 'NS', '7.68', 'NESTLE PERU S.A.', 'GOLOSINAS', 'GALLETAS', '10', '0', null, '100', '10902', 'Almacen01', '100', '01.A.a.1', '0', null, '0', null, null, null);
INSERT INTO `productos` VALUES ('7160', 'NESTLE SUBLIME ALMENDRAS (10x55GR)', 'NS', '16.05', 'NESTLE PERU S.A.', 'GOLOSINAS', 'CHOCOLATES', '10', '0', null, '100', '10902', 'Almacen01', '100', '01.A.a.1', '0', null, '0', null, null, null);
INSERT INTO `productos` VALUES ('7163', 'TARI CREMA DE AJI (240x10GR)', 'NS', '46.37', 'ALICORP S.A', 'ALIMENTOS ENVASADOS', 'SALSAS Y CONDIMENTOS', '10', '0', null, '100', '10015', 'Almacen01', '100', '01.A.a.1', '0', null, '0', null, null, null);
INSERT INTO `productos` VALUES ('7172', 'NESTLE FITNESS GALLETA AJONJOLI (9x27GR)', 'NS', '6.93', 'NESTLE PERU S.A.', 'GOLOSINAS', 'GALLETAS', '10', '0', null, '100', '10902', 'Almacen01', '100', '01.A.a.1', '0', null, '0', null, null, null);
INSERT INTO `productos` VALUES ('7173', 'NESTLE FITNESS GALLETA MIEL (9x30GR)', 'NS', '6.93', 'NESTLE PERU S.A.', 'GOLOSINAS', 'GALLETAS', '10', '0', null, '100', '10902', 'Almacen01', '100', '01.A.a.1', '0', null, '0', null, null, null);
INSERT INTO `productos` VALUES ('7176', 'MR. CHIPS PAPAS NATIVAS CHICA (40GR)', 'NS', '0.86', 'DEPRODECA SAC', 'SNACKS', 'SNACKS', '10', '0', null, '100', '10520', 'Almacen01', '100', '01.A.a.1', '0', null, '0', null, null, null);
INSERT INTO `productos` VALUES ('7179', 'VIZZIO BOX BOMBON (96GR)', 'NS', '8.72', 'MOLITALIA S.A.', 'GOLOSINAS', 'BOMBONES', '10', '0', null, '100', '10139', 'Almacen01', '100', '01.A.a.1', '0', null, '0', null, null, null);
INSERT INTO `productos` VALUES ('7185', 'ADAMS HALLS BARRA EXTRA STRONG (12x34GR)', 'NS', '9.89', 'KRAFT FOODS PERU S.A.', 'GOLOSINAS', 'CARAMELOS', '10', '0', null, '100', '10134', 'Almacen01', '100', '01.A.a.1', '0', null, '0', null, null, null);
INSERT INTO `productos` VALUES ('7186', 'ADAMS TRIDENT CANELA (18x8.5GR)', 'NS', '16.59', 'KRAFT FOODS PERU S.A.', 'GOLOSINAS', 'GOMA DE MASCAR', '10', '0', null, '100', '10134', 'Almacen01', '100', '01.A.a.1', '0', null, '0', null, null, null);
INSERT INTO `productos` VALUES ('7188', 'INSTANT CLEAN GEL ANTIBACTERIAL ALMENDRA (100ML)', 'NS', '6.78', 'BERGELUND S.A.C.', 'HIGIENE PERSONAL', 'GEL ANTIBATERIAL', '10', '0', null, '100', '11092', 'Almacen01', '100', '01.A.a.1', '0', null, '0', null, null, null);
INSERT INTO `productos` VALUES ('7202', 'RITZ SAND. QUESO (6x37.5GR)', 'NS', '3.43', 'KRAFT FOODS PERU S.A.', 'GOLOSINAS', 'GALLETAS', '10', '0', null, '100', '10134', 'Almacen01', '100', '01.A.a.1', '0', null, '0', null, null, null);
INSERT INTO `productos` VALUES ('7207', 'NESTLE CHOCO. RELLENO DE FRESA (20x32GR)', 'NS', '19.59', 'NESTLE PERU S.A.', 'GOLOSINAS', 'CHOCOLATES', '10', '0', null, '100', '10902', 'Almacen01', '100', '01.A.a.1', '0', null, '0', null, null, null);
INSERT INTO `productos` VALUES ('7214', 'CRICKETS ALGARROBINA (500GR)', 'NS', '7.88', 'INDUSTRIAS AGRICOLAS SRL', 'ALIMENTOS ENVASADOS', 'ALGARROBINA', '10', '0', null, '100', '10569', 'Almacen01', '100', '01.A.a.1', '0', null, '0', null, null, null);
INSERT INTO `productos` VALUES ('7233', 'COSTA NUSS MILK LECHE (24x22GR)', 'NS', '10.45', 'MOLITALIA S.A.', 'GOLOSINAS', 'CHOCOLATES', '10', '0', null, '100', '10139', 'Almacen01', '100', '01.A.a.1', '0', null, '0', null, null, null);
INSERT INTO `productos` VALUES ('7256', 'GHIRARDELLI DARK & MINT BOLSA (151GR)', 'NS', '16.84', 'KING DAVID DELICATESSES DEL PERU S.A.C', 'GOLOSINAS', 'CHOCOLATES', '10', '0', null, '100', '11212', 'Almacen01', '100', '01.A.a.1', '0', null, '0', null, null, null);
INSERT INTO `productos` VALUES ('7257', 'BARILLA SPAGHETTONI (500GR)', 'NS', '4.80', 'KING DAVID DELICATESSES DEL PERU S.A.C', 'FIDEOS Y PASTAS', 'FIDEOS Y PASTAS', '10', '0', null, '100', '11212', 'Almacen01', '100', '01.A.a.1', '0', null, '0', null, null, null);
INSERT INTO `productos` VALUES ('7259', 'AMBRUJOS GOMAS ARAÑAS (300GR)', 'NS', '3.68', 'MOLITALIA S.A.', 'GOLOSINAS', 'GOMAS', '10', '0', null, '100', '10139', 'Almacen01', '100', '01.A.a.1', '0', null, '0', null, null, null);
INSERT INTO `productos` VALUES ('7264', 'GALLETAS WONDERFUL COPENHAGEN TIN BLUE (340GR)', 'NS', '16.14', 'KING DAVID DELICATESSES DEL PERU S.A.C', 'GOLOSINAS', 'GALLETAS', '10', '0', null, '100', '11212', 'Almacen01', '100', '01.A.a.1', '0', null, '0', null, null, null);
INSERT INTO `productos` VALUES ('7265', 'BARILLA TAGLIATELE UOVO (500GR)', 'NS', '9.97', 'KING DAVID DELICATESSES DEL PERU S.A.C', 'FIDEOS Y PASTAS', 'FIDEOS Y PASTAS', '10', '0', null, '100', '11212', 'Almacen01', '100', '01.A.a.1', '0', null, '0', null, null, null);
INSERT INTO `productos` VALUES ('7266', 'JACOBSENS VINTAGE COLLECTION FLOWER (400GR)', 'NS', '16.20', 'KING DAVID DELICATESSES DEL PERU S.A.C', 'GOLOSINAS', 'GALLETAS', '10', '0', null, '100', '11212', 'Almacen01', '100', '01.A.a.1', '0', null, '0', null, null, null);
INSERT INTO `productos` VALUES ('7268', 'AMBRUJOS GOMAS GUSANOS (300GR)', 'NS', '3.68', 'MOLITALIA S.A.', 'GOLOSINAS', 'GOMAS', '10', '0', null, '100', '10139', 'Almacen01', '100', '01.A.a.1', '0', null, '0', null, null, null);
INSERT INTO `productos` VALUES ('7270', 'VIZZIO EN SOBRE (20x24GR)', 'NS', '15.14', 'MOLITALIA S.A.', 'GOLOSINAS', 'CHOCOLATES', '10', '0', null, '100', '10139', 'Almacen01', '100', '01.A.a.1', '0', null, '0', null, null, null);
INSERT INTO `productos` VALUES ('7275', 'NEKO EXTRA SUAVE (75GR)', 'NS', '1.71', 'JOHNSON & JOHNSON DEL PERU S.A.', 'HIGIENE PERSONAL', 'JABONES', '10', '0', null, '100', '10412', 'Almacen01', '100', '01.A.a.1', '0', null, '0', null, null, null);
INSERT INTO `productos` VALUES ('7276', 'NEKO MED. EXTRAPROTECION (75GR)', 'NS', '1.71', 'JOHNSON & JOHNSON DEL PERU S.A.', 'HIGIENE PERSONAL', 'JABONES', '10', '0', null, '100', '10412', 'Almacen01', '100', '01.A.a.1', '0', null, '0', null, null, null);
INSERT INTO `productos` VALUES ('7278', 'DOLOFLAM (40UND)', 'NS', '17.48', 'JOHNSON & JOHNSON DEL PERU S.A.', 'FARMACOS', 'ANALGESICO', '10', '0', null, '100', '10412', 'Almacen01', '100', '01.A.a.1', '0', null, '0', null, null, null);
INSERT INTO `productos` VALUES ('7284', 'ADAMS HALLS BOLSA EXTRA STRONG (100x4.5GR)', 'NS', '7.97', 'KRAFT FOODS PERU S.A.', 'GOLOSINAS', 'CARAMELOS', '10', '0', null, '100', '10134', 'Almacen01', '100', '01.A.a.1', '0', null, '0', null, null, null);
INSERT INTO `productos` VALUES ('7285', 'CANCUN BIZCOCHO (6x30GR)', 'NS', '2.82', 'MOLITALIA S.A.', 'GOLOSINAS', 'CHOCOLATES', '10', '0', null, '100', '10139', 'Almacen01', '100', '01.A.a.1', '0', null, '0', null, null, null);
INSERT INTO `productos` VALUES ('7286', 'FRUTTI FRESH MANGO/FRESA PRINCESA DISNEY (240ML)', 'NS', '2.07', 'MIKA INVERSIONES S.A.C', 'BEBIDAS', 'JUGOS Y NECTARES', '10', '0', null, '100', null, 'Almacen01', '100', '01.A.a.1', '0', null, '0', null, null, null);
INSERT INTO `productos` VALUES ('7287', 'FRUTTI FRESHS DURAZNO CARS DISNEY (240ML)', 'NS', '2.07', 'MIKA INVERSIONES S.A.C', 'BEBIDAS', 'JUGOS Y NECTARES', '10', '0', null, '100', null, 'Almacen01', '100', '01.A.a.1', '0', null, '0', null, null, null);
INSERT INTO `productos` VALUES ('7288', 'FRUTTI FRESH MANGO/FRESA CARS DISNEY (240ML)', 'NS', '2.07', 'MIKA INVERSIONES S.A.C', 'BEBIDAS', 'JUGOS Y NECTARES', '10', '0', null, '100', null, 'Almacen01', '100', '01.A.a.1', '0', null, '0', null, null, null);
INSERT INTO `productos` VALUES ('7289', 'FRUTTI FRESH DURAZNO/MARACUYA/GRANADILLA CARS DISNEY (240ML)', 'NS', '2.07', 'MIKA INVERSIONES S.A.C', 'BEBIDAS', 'JUGOS Y NECTARES', '10', '0', null, '100', null, 'Almacen01', '100', '01.A.a.1', '0', null, '0', null, null, null);
INSERT INTO `productos` VALUES ('7291', 'FRUTTI FRESH UVA CARS DISNEY (240ML)', 'NS', '2.07', 'MIKA INVERSIONES S.A.C', 'BEBIDAS', 'JUGOS Y NECTARES', '10', '0', null, '100', null, 'Almacen01', '100', '01.A.a.1', '0', null, '0', null, null, null);
INSERT INTO `productos` VALUES ('7295', 'JOHNSON JABON CREMOSO ORIGINAL (75GR)', 'NS', '2.03', 'JOHNSON & JOHNSON DEL PERU S.A.', 'HIGIENE PERSONAL', 'JABONES', '10', '0', null, '100', '10412', 'Almacen01', '100', '01.A.a.1', '0', null, '0', null, null, null);
INSERT INTO `productos` VALUES ('7296', 'CHOCODONUTS LECHE COSTA (6x38GR)', 'NS', '2.83', 'MOLITALIA S.A.', 'GOLOSINAS', 'GALLETAS', '10', '0', null, '100', '10139', 'Almacen01', '100', '01.A.a.1', '0', null, '0', null, null, null);
INSERT INTO `productos` VALUES ('7305', 'CRICKETS CHIFLES SALADO (250GR)', 'NS', '4.87', 'INDUSTRIAS AGRICOLAS SRL', 'SNACKS', 'SNACKS', '10', '0', null, '100', '10569', 'Almacen01', '100', '01.A.a.1', '0', null, '0', null, null, null);
INSERT INTO `productos` VALUES ('7306', 'BOLIVAR JABON BLANCO X 1 (250GR)', 'NS', '1.49', 'ALICORP S.A', 'HIGIENE PERSONAL', 'JABONES', '10', '0', null, '100', '10015', 'Almacen01', '100', '01.A.a.1', '0', null, '0', null, null, null);
INSERT INTO `productos` VALUES ('7307', 'BOLIVAR JABON LIMON X 1 (250GR)', 'NS', '1.49', 'ALICORP S.A', 'HIGIENE PERSONAL', 'JABONES', '10', '0', null, '100', '10015', 'Almacen01', '100', '01.A.a.1', '0', null, '0', null, null, null);
INSERT INTO `productos` VALUES ('7323', 'JOHNSON B. TOALLITAS HUMEDAS (25UND)', 'NS', '7.39', 'JOHNSON & JOHNSON DEL PERU S.A.', 'HIGIENE PERSONAL', 'TOALLAS FACIALES', '10', '0', null, '100', '10412', 'Almacen01', '100', '01.A.a.1', '0', null, '0', null, null, null);
INSERT INTO `productos` VALUES ('7324', 'SAL DE COCINA PURASAL 1 KG. (1KG)', 'NS', '1.45', 'GRUPO KEBIRA EIRL', 'ALIMENTOS ENVASADOS', 'SALSAS Y CONDIMENTOS', '10', '0', null, '100', '13216', 'Almacen01', '100', '01.A.a.1', '0', null, '0', null, null, null);
INSERT INTO `productos` VALUES ('7328', 'COLGATE TRIPLE ACCION (75ML)', 'NS', '3.75', 'COLGATE PALMOLIVE PERU S.A.', 'HIGIENE PERSONAL', 'PASTAS DENTALES', '10', '0', null, '100', '10050', 'Almacen01', '100', '01.A.a.1', '0', null, '0', null, null, null);
INSERT INTO `productos` VALUES ('7331', 'KOLYNOS CREMA DENTAL (75ML)', 'NS', '2.61', 'COLGATE PALMOLIVE PERU S.A.', 'HIGIENE PERSONAL', 'PASTAS DENTALES', '10', '0', null, '100', '10050', 'Almacen01', '100', '01.A.a.1', '0', null, '0', null, null, null);
INSERT INTO `productos` VALUES ('7345', 'ACEITE PRIMOR CLASICO X 500 (500CC)', 'NS', '4.20', 'ALICORP S.A', 'ALIMENTOS ENVASADOS', 'ACEITE VEGETAL', '10', '0', null, '100', '10015', 'Almacen01', '100', '01.A.a.1', '0', null, '0', null, null, null);
INSERT INTO `productos` VALUES ('7346', 'ALA CENA MAYONESA BALDE (4LT)', 'NS', '45.55', 'ALICORP S.A', 'ALIMENTOS ENVASADOS', 'SALSAS Y CONDIMENTOS', '10', '0', null, '100', '10015', 'Almacen01', '100', '01.A.a.1', '0', null, '0', null, null, null);
INSERT INTO `productos` VALUES ('7397', 'CADBURY ADAMS TRIDENT CANELA (18x8.5GR)', 'NS', '13.44', 'BARZOLA ALTAMIRANO YENNY ROCIO', 'GOLOSINAS', 'CARAMELOS', '10', '0', null, '100', '12732', 'Almacen01', '100', '01.A.a.1', '0', null, '0', null, null, null);
INSERT INTO `productos` VALUES ('7422', 'SODA DIA PROMOCION (26GR)', 'NS', '0.40', 'ALICORP S.A', 'GOLOSINAS', 'GALLETAS', '10', '0', null, '100', '10015', 'Almacen01', '100', '01.A.a.1', '0', null, '0', null, null, null);
INSERT INTO `productos` VALUES ('7442', 'NISSIN VASO CHICKEN SPICY CHILE (PICANTE) (64GR)', 'NS', '1.91', 'KMC INTERNATIONAL SAC', 'ALIMENTOS ENVASADOS', 'CREMAS Y SOPAS', '10', '0', null, '100', '10531', 'Almacen01', '100', '01.A.a.1', '0', null, '0', null, null, null);
INSERT INTO `productos` VALUES ('7447', 'SPAGUETTI DON VITTORIO (500GR)', 'NS', '2.29', 'ALICORP S.A', 'FIDEOS Y PASTAS', 'FIDEOS Y PASTAS', '10', '0', null, '100', '10015', 'Almacen01', '100', '01.A.a.1', '0', null, '0', null, null, null);
INSERT INTO `productos` VALUES ('7450', 'NESTLE PRINCESA BOMBON (44x8GR)', 'NS', '11.14', 'NESTLE PERU S.A.', 'GOLOSINAS', 'CHOCOLATES', '10', '0', null, '100', '10902', 'Almacen01', '100', '01.A.a.1', '0', null, '0', null, null, null);
INSERT INTO `productos` VALUES ('7459', 'SODA VICTORIA (6x35GR)', 'NS', '2.26', 'ALICORP S.A', 'GOLOSINAS', 'GALLETAS', '10', '0', null, '100', '10015', 'Almacen01', '100', '01.A.a.1', '0', null, '0', null, null, null);
INSERT INTO `productos` VALUES ('7467', 'NESCAFE DESCAFEINADO INTENSO DAWN JAR (100GR)', 'NS', '10.93', 'NESTLE PERU S.A.', 'ALIMENTOS ENVASADOS', 'CAFÉ', '10', '0', null, '100', '10902', 'Almacen01', '100', '01.A.a.1', '0', null, '0', null, null, null);
INSERT INTO `productos` VALUES ('7475', 'TARI CREMA DE AJI (400GR)', 'NS', '6.42', 'ALICORP S.A', 'ALIMENTOS ENVASADOS', 'SALSAS Y CONDIMENTOS', '10', '0', null, '100', '10015', 'Almacen01', '100', '01.A.a.1', '0', null, '0', null, null, null);
INSERT INTO `productos` VALUES ('7477', 'TARI CREMA DE AJI (85GR)', 'NS', '1.53', 'ALICORP S.A', 'ALIMENTOS ENVASADOS', 'SALSAS Y CONDIMENTOS', '10', '0', null, '100', '10015', 'Almacen01', '100', '01.A.a.1', '0', null, '0', null, null, null);
INSERT INTO `productos` VALUES ('7499', 'CRICKETS CHIFLES PIURANOS (40GR)', 'NS', '0.95', 'INDUSTRIAS AGRICOLAS SRL', 'SNACKS', 'SNACKS', '10', '0', null, '100', '10569', 'Almacen01', '100', '01.A.a.1', '0', null, '0', null, null, null);
INSERT INTO `productos` VALUES ('7526', 'SOL DEL CUZCO CHOCOLATE PARA TAZA (90GR)', 'NS', '1.20', 'INDUSTRIAS ALIMENTICIAS CUZCO S.A.', 'GOLOSINAS', 'CHOCOLATE  DE TAZA', '10', '0', null, '100', '10160', 'Almacen01', '100', '01.A.a.1', '0', null, '0', null, null, null);
INSERT INTO `productos` VALUES ('7532', 'GLORIA QUESO BONLE FUNDIDO TAJADAS (136GR)', 'NS', '3.63', 'GLORIA S.A.', 'ALIMENTOS ENVASADOS', 'LACTEOS', '10', '0', null, '100', '10430', 'Almacen01', '100', '01.A.a.1', '0', null, '0', null, null, null);
INSERT INTO `productos` VALUES ('7535', 'MR. CHIPS PAPAS AMARILLAS (18GR)', 'NS', '0.43', 'DEPRODECA SAC', 'SNACKS', 'SNACKS', '10', '0', null, '100', '10520', 'Almacen01', '100', '01.A.a.1', '0', null, '0', null, null, null);
INSERT INTO `productos` VALUES ('7541', 'NESTLE TRIANGULO MARMOL (15x33GR)', 'NS', '15.05', 'NESTLE PERU S.A.', 'GOLOSINAS', 'CHOCOLATES', '10', '0', null, '100', '10902', 'Almacen01', '100', '01.A.a.1', '0', null, '0', null, null, null);
INSERT INTO `productos` VALUES ('7548', 'MUÑECO SPIDERMAN COOL FAN POP (1UND)', 'NS', '15.93', 'MIKA INVERSIONES S.A.C', 'GOLOSINAS', 'CARAMELOS', '10', '0', null, '100', null, 'Almacen01', '100', '01.A.a.1', '0', null, '0', null, null, null);
INSERT INTO `productos` VALUES ('7549', 'FANNY MERMELADA FRESA VASO (310GR)', 'NS', '3.32', 'MOLITALIA S.A.', 'ALIMENTOS ENVASADOS', 'MERMELADA', '10', '0', null, '100', '10139', 'Almacen01', '100', '01.A.a.1', '0', null, '0', null, null, null);
INSERT INTO `productos` VALUES ('7550', 'O.B.TAMPONES MEDIO/REGULAR (10UND)', 'NS', '6.14', 'JOHNSON & JOHNSON DEL PERU S.A.', 'HIGIENE PERSONAL', 'TAMPONES', '10', '0', null, '100', '10412', 'Almacen01', '100', '01.A.a.1', '0', null, '0', null, null, null);
INSERT INTO `productos` VALUES ('7567', 'FERRERO KINDER JOY T2 (2x1UND)', 'NS', '6.56', 'KING DAVID DELICATESSES DEL PERU S.A.C', 'GOLOSINAS', 'CHOCOLATES', '10', '0', null, '100', '11212', 'Almacen01', '100', '01.A.a.1', '0', null, '0', null, null, null);
INSERT INTO `productos` VALUES ('7572', 'NISSIN VASO BEEF (64GR)', 'NS', '1.91', 'KMC INTERNATIONAL SAC', 'ALIMENTOS ENVASADOS', 'CREMAS Y SOPAS', '10', '0', null, '100', '10531', 'Almacen01', '100', '01.A.a.1', '0', null, '0', null, null, null);
INSERT INTO `productos` VALUES ('7573', 'AZUCAR BLANCA CARTAVIO (1KG)', 'NS', '3.59', 'DEPRODECA SAC', 'ALIMENTOS ENVASADOS', 'AZUCAR', '10', '0', null, '100', '10520', 'Almacen01', '100', '01.A.a.1', '0', null, '0', null, null, null);
INSERT INTO `productos` VALUES ('7593', 'NESTLE SUBLIME BLANCO (18x30GR)', 'NS', '14.66', 'NESTLE PERU S.A.', 'GOLOSINAS', 'CHOCOLATES', '10', '0', null, '100', '10902', 'Almacen01', '100', '01.A.a.1', '0', null, '0', null, null, null);
INSERT INTO `productos` VALUES ('7600', 'EL CHAVO GALLETA DE VAINILLA (6x34GR)', 'NS', '2.68', 'MOLITALIA S.A.', 'GOLOSINAS', 'GALLETAS', '10', '0', null, '100', '10139', 'Almacen01', '100', '01.A.a.1', '0', null, '0', null, null, null);
INSERT INTO `productos` VALUES ('7630', 'NESCAFE FINA SELECCION FRASCO (200GR)', 'NS', '21.60', 'NESTLE PERU S.A.', 'ALIMENTOS ENVASADOS', 'CAFÉ', '10', '0', null, '100', '10902', 'Almacen01', '100', '01.A.a.1', '0', null, '0', null, null, null);
INSERT INTO `productos` VALUES ('7631', 'NESCAFE DESCAFEINADO INTENSO DAWN JAR (50GR)', 'NS', '5.76', 'NESTLE PERU S.A.', 'ALIMENTOS ENVASADOS', 'CAFÉ', '10', '0', null, '100', '10902', 'Almacen01', '100', '01.A.a.1', '0', null, '0', null, null, null);
INSERT INTO `productos` VALUES ('7651', 'PANETON COSTA MINI PRINCESA (90GR)', 'NS', '2.78', 'MOLITALIA S.A.', 'PANETONES', 'PANETONES', '10', '0', null, '100', '10139', 'Almacen01', '100', '01.A.a.1', '0', null, '0', null, null, null);
INSERT INTO `productos` VALUES ('7658', 'GLORIA LECHE UHT SUPER LIGHT (1LT)', 'NS', '3.78', 'GLORIA S.A.', 'ALIMENTOS ENVASADOS', 'LACTEOS', '10', '0', null, '100', '10430', 'Almacen01', '100', '01.A.a.1', '0', null, '0', null, null, null);
INSERT INTO `productos` VALUES ('7669', 'NESTLE FITNESS GALLETA FRUTOS ROJOS (6x22GR)', 'NS', '4.61', 'NESTLE PERU S.A.', 'GOLOSINAS', 'GALLETAS', '10', '0', null, '100', '10902', 'Almacen01', '100', '01.A.a.1', '0', null, '0', null, null, null);
INSERT INTO `productos` VALUES ('7675', 'NISSIN VASO SHRIMP(CAMARON) (64GR)', 'NS', '1.91', 'KMC INTERNATIONAL SAC', 'ALIMENTOS ENVASADOS', 'CREMAS Y SOPAS', '10', '0', null, '100', '10531', 'Almacen01', '100', '01.A.a.1', '0', null, '0', null, null, null);
INSERT INTO `productos` VALUES ('7687', 'NESTLE SUBLIME CHOCOLATE TORNILLO (30x16GR)', 'NS', '12.85', 'NESTLE PERU S.A.', 'GOLOSINAS', 'CHOCOLATES', '10', '0', null, '100', '10902', 'Almacen01', '100', '01.A.a.1', '0', null, '0', null, null, null);
INSERT INTO `productos` VALUES ('7688', 'NESTLE SUBLIME EXTREMO (12x66GR)', 'NS', '19.97', 'NESTLE PERU S.A.', 'GOLOSINAS', 'CHOCOLATES', '10', '0', null, '100', '10902', 'Almacen01', '100', '01.A.a.1', '0', null, '0', null, null, null);
INSERT INTO `productos` VALUES ('7689', 'NESTLE LECHE CONDENZADA TARRO CHICO (100GR)', 'NS', '1.65', 'NESTLE PERU S.A.', 'ALIMENTOS ENVASADOS', 'LACTEOS', '10', '0', null, '100', '10902', 'Almacen01', '100', '01.A.a.1', '0', null, '0', null, null, null);
INSERT INTO `productos` VALUES ('7690', 'NESTLE LECHE CONDENZADA TARRO (397GR)', 'NS', '4.50', 'NESTLE PERU S.A.', 'ALIMENTOS ENVASADOS', 'LACTEOS', '10', '0', null, '100', '10902', 'Almacen01', '100', '01.A.a.1', '0', null, '0', null, null, null);
INSERT INTO `productos` VALUES ('7692', 'GENTS PLAIN (CLASICO) (3UND)', 'NS', '2.16', 'DROKASA PERU S.A.', 'HIGIENE PERSONAL', 'PRESERVATIVOS', '10', '0', null, '100', '10010', 'Almacen01', '100', '01.A.a.1', '0', null, '0', null, null, null);
INSERT INTO `productos` VALUES ('7705', 'NESTLE DORE (6x24GR)', 'NS', '2.41', 'NESTLE PERU S.A.', 'GOLOSINAS', 'GALLETAS', '10', '0', null, '100', '10902', 'Almacen01', '100', '01.A.a.1', '0', null, '0', null, null, null);
INSERT INTO `productos` VALUES ('7712', 'FERRERO ROCHER CORAZON T8 (100GR)', 'NS', '14.22', 'KING DAVID DELICATESSES DEL PERU S.A.C', 'GOLOSINAS', 'CHOCOLATES', '10', '0', null, '100', '11212', 'Almacen01', '100', '01.A.a.1', '0', null, '0', null, null, null);
INSERT INTO `productos` VALUES ('7713', 'CANCUN DE COSTA (24x27GR)', 'NS', '10.86', 'MOLITALIA S.A.', 'GOLOSINAS', 'CHOCOLATES', '10', '0', null, '100', '10139', 'Almacen01', '100', '01.A.a.1', '0', null, '0', null, null, null);
INSERT INTO `productos` VALUES ('7743', 'TAMPICO CITRUS PUNCH (1.5LT)', 'NS', '2.59', 'GLORIA S.A.', 'BEBIDAS', 'JUGOS Y NECTARES', '10', '0', null, '100', '10430', 'Almacen01', '100', '01.A.a.1', '0', null, '0', null, null, null);
INSERT INTO `productos` VALUES ('7747', 'ADAMS TRIDENT SPLASH YERBABUENA C/SANDIA (10x14.4GR)', 'NS', '16.83', 'KRAFT FOODS PERU S.A.', 'GOLOSINAS', 'GOMA DE MASCAR', '10', '0', null, '100', '10134', 'Almacen01', '100', '01.A.a.1', '0', null, '0', null, null, null);
INSERT INTO `productos` VALUES ('7753', 'SERPIS ACEITUNA ATUN EN ESCABECHE LATA (300GR)', 'NS', '7.15', 'KING DAVID DELICATESSES DEL PERU S.A.C', 'ALIMENTOS ENVASADOS', 'CONSERVAS', '10', '0', null, '100', '11212', 'Almacen01', '100', '01.A.a.1', '0', null, '0', null, null, null);
INSERT INTO `productos` VALUES ('7754', 'ADAMS HALLS BARRA MORA AZUL (12x34GR)', 'NS', '9.89', 'KRAFT FOODS PERU S.A.', 'GOLOSINAS', 'CARAMELOS', '10', '0', null, '100', '10134', 'Almacen01', '100', '01.A.a.1', '0', null, '0', null, null, null);
INSERT INTO `productos` VALUES ('7755', 'ADAMS HALLS BOLSA MORA AZUL (100x4.5GR)', 'NS', '7.97', 'KRAFT FOODS PERU S.A.', 'GOLOSINAS', 'CARAMELOS', '10', '0', null, '100', '10134', 'Almacen01', '100', '01.A.a.1', '0', null, '0', null, null, null);
INSERT INTO `productos` VALUES ('7756', 'SPIDERMAN SINGLE PLASTIC EGG (12x1UND)', 'NS', '62.10', 'MIKA INVERSIONES S.A.C', 'GOLOSINAS', 'CARAMELOS', '10', '0', null, '100', null, 'Almacen01', '100', '01.A.a.1', '0', null, '0', null, null, null);
INSERT INTO `productos` VALUES ('7758', 'GLORIA YOGURT ACTIBIO HIGO-GINDON-PASAS C/LINAZA (160GR)', 'NS', '1.64', 'GLORIA S.A.', 'BEBIDAS', 'YOGURT', '10', '0', null, '100', '10430', 'Almacen01', '100', '01.A.a.1', '0', null, '0', null, null, null);
INSERT INTO `productos` VALUES ('7769', 'CADBURY ADAMS SPARKIES (20x25GR)', 'NS', '15.69', 'BARZOLA ALTAMIRANO YENNY ROCIO', 'GOLOSINAS', 'CARAMELOS', '10', '0', null, '100', '12732', 'Almacen01', '100', '01.A.a.1', '0', null, '0', null, null, null);
INSERT INTO `productos` VALUES ('7770', 'CADBURY ADAMS TRIDENT SENSATIONS FRESA (12x14.4GR)', 'NS', '16.80', 'BARZOLA ALTAMIRANO YENNY ROCIO', 'GOLOSINAS', 'GOMA DE MASCAR', '10', '0', null, '100', '12732', 'Almacen01', '100', '01.A.a.1', '0', null, '0', null, null, null);
INSERT INTO `productos` VALUES ('7772', 'CADBURY ADAMS TRIDENT SANDIA (18x8.5GR)', 'NS', '13.44', 'BARZOLA ALTAMIRANO YENNY ROCIO', 'GOLOSINAS', 'CARAMELOS', '10', '0', null, '100', '12732', 'Almacen01', '100', '01.A.a.1', '0', null, '0', null, null, null);
INSERT INTO `productos` VALUES ('7774', 'GENTS LUBRICANTE (48x1UND)', 'NS', '31.76', 'DROKASA PERU S.A.', 'HIGIENE PERSONAL', 'PRESERVATIVOS', '10', '0', null, '100', '10010', 'Almacen01', '100', '01.A.a.1', '0', null, '0', null, null, null);
INSERT INTO `productos` VALUES ('7775', 'CADBURY ADAMS TRIDENT TROPICAL (18x8.5GR)', 'NS', '13.44', 'BARZOLA ALTAMIRANO YENNY ROCIO', 'GOLOSINAS', 'GOMA DE MASCAR', '10', '0', null, '100', '12732', 'Almacen01', '100', '01.A.a.1', '0', null, '0', null, null, null);
INSERT INTO `productos` VALUES ('7776', 'OREO DUO MANJAR (6x36GR)', 'NS', '3.46', 'KRAFT FOODS PERU S.A.', 'GOLOSINAS', 'GALLETAS', '10', '0', null, '100', '10134', 'Almacen01', '100', '01.A.a.1', '0', null, '0', null, null, null);
INSERT INTO `productos` VALUES ('7778', 'CADBURY ADAMS TRIDENT MORA (18x8.5GR)', 'NS', '13.44', 'BARZOLA ALTAMIRANO YENNY ROCIO', 'GOLOSINAS', 'CARAMELOS', '10', '0', null, '100', '12732', 'Almacen01', '100', '01.A.a.1', '0', null, '0', null, null, null);
INSERT INTO `productos` VALUES ('7779', 'CADBURY ADAMS CHICLETS MENTA 20S (20x17.4GR)', 'NS', '15.69', 'BARZOLA ALTAMIRANO YENNY ROCIO', 'GOLOSINAS', 'GOMA DE MASCAR', '10', '0', null, '100', '12732', 'Almacen01', '100', '01.A.a.1', '0', null, '0', null, null, null);
INSERT INTO `productos` VALUES ('7784', 'CADBURY ADAMS TRIDENT SENSATIONS MANZANA (12x14.4GR)', 'NS', '16.80', 'BARZOLA ALTAMIRANO YENNY ROCIO', 'GOLOSINAS', 'GOMA DE MASCAR', '10', '0', null, '100', '12732', 'Almacen01', '100', '01.A.a.1', '0', null, '0', null, null, null);
INSERT INTO `productos` VALUES ('7789', 'LIBBYS KETCHUP (380GR)', 'NS', '3.27', 'NESTLE PERU S.A.', 'ALIMENTOS ENVASADOS', 'SALSAS Y CONDIMENTOS', '10', '0', null, '100', '10902', 'Almacen01', '100', '01.A.a.1', '0', null, '0', null, null, null);
INSERT INTO `productos` VALUES ('7790', 'LIBBYS MOSTAZA (220GR)', 'NS', '2.29', 'NESTLE PERU S.A.', 'ALIMENTOS ENVASADOS', 'SALSAS Y CONDIMENTOS', '10', '0', null, '100', '10902', 'Almacen01', '100', '01.A.a.1', '0', null, '0', null, null, null);
INSERT INTO `productos` VALUES ('7796', 'GHIRARDELLI TWILIGHT DELIGHT 72%CACAO BOLSA (138GR)', 'NS', '18.43', 'KING DAVID DELICATESSES DEL PERU S.A.C', 'GOLOSINAS', 'CHOCOLATES', '10', '0', null, '100', '11212', 'Almacen01', '100', '01.A.a.1', '0', null, '0', null, null, null);
INSERT INTO `productos` VALUES ('7797', 'GHIRARDELLI MIDNIGHT REVERIE 86% CACAO BOLSA (117GR)', 'NS', '18.43', 'KING DAVID DELICATESSES DEL PERU S.A.C', 'GOLOSINAS', 'CHOCOLATES', '10', '0', null, '100', '11212', 'Almacen01', '100', '01.A.a.1', '0', null, '0', null, null, null);
INSERT INTO `productos` VALUES ('7798', 'NESTLE CORN FLAKES CEREAL (200GR)', 'NS', '6.18', 'NESTLE PERU S.A.', 'ALIMENTOS ENVASADOS', 'CEREALES', '10', '0', null, '100', '10902', 'Almacen01', '100', '01.A.a.1', '0', null, '0', null, null, null);
INSERT INTO `productos` VALUES ('7799', 'GENTS CONTOUR (ANATOMICO) (3UND)', 'NS', '2.16', 'DROKASA PERU S.A.', 'HIGIENE PERSONAL', 'PRESERVATIVOS', '10', '0', null, '100', '10010', 'Almacen01', '100', '01.A.a.1', '0', null, '0', null, null, null);
INSERT INTO `productos` VALUES ('7819', 'NESTLE TRIANGULO MINI CLASICO (44x8GR)', 'NS', '11.13', 'NESTLE PERU S.A.', 'GOLOSINAS', 'CHOCOLATES', '10', '0', null, '100', '10902', 'Almacen01', '100', '01.A.a.1', '0', null, '0', null, null, null);
INSERT INTO `productos` VALUES ('7821', 'COSTA MILK LIBRE DE AZUCAR (80GR)', 'NS', '5.46', 'MOLITALIA S.A.', 'GOLOSINAS', 'CHOCOLATES', '10', '0', null, '100', '10139', 'Almacen01', '100', '01.A.a.1', '0', null, '0', null, null, null);
INSERT INTO `productos` VALUES ('7824', 'GHIRARDELLI DARK & RASPBERRY BOLSA (151GR)', 'NS', '16.84', 'KING DAVID DELICATESSES DEL PERU S.A.C', 'GOLOSINAS', 'CHOCOLATES', '10', '0', null, '100', '11212', 'Almacen01', '100', '01.A.a.1', '0', null, '0', null, null, null);
INSERT INTO `productos` VALUES ('7825', 'GHIRARDELLI DARK & INTENSE DARK BOLSA (181GR)', 'NS', '25.15', 'KING DAVID DELICATESSES DEL PERU S.A.C', 'GOLOSINAS', 'CHOCOLATES', '10', '0', null, '100', '11212', 'Almacen01', '100', '01.A.a.1', '0', null, '0', null, null, null);
INSERT INTO `productos` VALUES ('7831', 'SEÑOR MAIZ PICANTE (100GR)', 'NS', '4.12', 'HELENA VENTAS S.A.C', 'SNACKS', 'SNACKS', '10', '0', null, '100', '11154', 'Almacen01', '100', '01.A.a.1', '0', null, '0', null, null, null);
INSERT INTO `productos` VALUES ('7832', 'WONDERFUL PISTACHOS LIMON (150GR)', 'NS', '13.00', 'DANILZA S.A.', 'SNACKS', 'PISTACHOS', '10', '0', null, '100', '12334', 'Almacen01', '100', '01.A.a.1', '0', null, '0', null, null, null);
INSERT INTO `productos` VALUES ('7833', 'BACCI STICK (28.1GR)', 'NS', '3.22', 'HELENA VENTAS S.A.C', 'GOLOSINAS', 'CHOCOLATES', '10', '0', null, '100', '11154', 'Almacen01', '100', '01.A.a.1', '0', null, '0', null, null, null);
INSERT INTO `productos` VALUES ('7835', 'COCOROKOS PERITA TIRA (5x17.5GR)', 'NS', '1.36', 'MOLITALIA S.A.', 'GOLOSINAS', 'CARAMELOS', '10', '0', null, '100', '10139', 'Almacen01', '100', '01.A.a.1', '0', null, '0', null, null, null);
INSERT INTO `productos` VALUES ('7848', 'NESCAFE KIRMA DOY PACK (50GR)', 'NS', '4.74', 'NESTLE PERU S.A.', 'ALIMENTOS ENVASADOS', 'CAFÉ', '10', '0', null, '100', '10902', 'Almacen01', '100', '01.A.a.1', '0', null, '0', null, null, null);
INSERT INTO `productos` VALUES ('7857', 'VIZZIO ESTUCHE COSTA (156GR)', 'NS', '6.01', 'MOLITALIA S.A.', 'GOLOSINAS', 'CHOCOLATES', '10', '0', null, '100', '10139', 'Almacen01', '100', '01.A.a.1', '0', null, '0', null, null, null);
INSERT INTO `productos` VALUES ('7864', 'GENTS 3X (3UND)', 'NS', '2.16', 'DROKASA PERU S.A.', 'HIGIENE PERSONAL', 'PRESERVATIVOS', '10', '0', null, '100', '10010', 'Almacen01', '100', '01.A.a.1', '0', null, '0', null, null, null);
INSERT INTO `productos` VALUES ('7865', 'GENTS RETARDANTE (3UND)', 'NS', '2.16', 'DROKASA PERU S.A.', 'HIGIENE PERSONAL', 'PRESERVATIVOS', '10', '0', null, '100', '10010', 'Almacen01', '100', '01.A.a.1', '0', null, '0', null, null, null);
INSERT INTO `productos` VALUES ('7866', 'GENTS PLATANO (3UND)', 'NS', '2.16', 'DROKASA PERU S.A.', 'HIGIENE PERSONAL', 'PRESERVATIVOS', '10', '0', null, '100', '10010', 'Almacen01', '100', '01.A.a.1', '0', null, '0', null, null, null);
INSERT INTO `productos` VALUES ('7867', 'GENTS MENTA (3UND)', 'NS', '2.16', 'DROKASA PERU S.A.', 'HIGIENE PERSONAL', 'PRESERVATIVOS', '10', '0', null, '100', '10010', 'Almacen01', '100', '01.A.a.1', '0', null, '0', null, null, null);
INSERT INTO `productos` VALUES ('7868', 'BOLIVAR DETERGENTE AVANZADO LIMON (360GR)', 'NS', '3.22', 'ALICORP S.A', 'ARTICULOS DE LIMPIEZA', 'DETERGENTES', '10', '0', null, '100', '10015', 'Almacen01', '100', '01.A.a.1', '0', null, '0', null, null, null);
INSERT INTO `productos` VALUES ('7871', 'BOLIVAR DETERGENTE AVANZADO LIMON (900GR)', 'NS', '6.40', 'ALICORP S.A', 'ARTICULOS DE LIMPIEZA', 'DETERGENTES', '10', '0', null, '100', '10015', 'Almacen01', '100', '01.A.a.1', '0', null, '0', null, null, null);
INSERT INTO `productos` VALUES ('7927', 'GLORIA JUGO PERA (1LT)', 'NS', '2.42', 'GLORIA S.A.', 'BEBIDAS', 'JUGOS Y NECTARES', '10', '0', null, '100', '10430', 'Almacen01', '100', '01.A.a.1', '0', null, '0', null, null, null);
INSERT INTO `productos` VALUES ('7946', 'CADBURY ADAMS TRIDENT MENTA (18x8.5CC)', 'NS', '13.44', 'BARZOLA ALTAMIRANO YENNY ROCIO', 'GOLOSINAS', 'CARAMELOS', '10', '0', null, '100', '12732', 'Almacen01', '100', '01.A.a.1', '0', null, '0', null, null, null);
INSERT INTO `productos` VALUES ('7963', 'NESTLE CHOCOTON CLASICO (500GR)', 'NS', '13.12', 'NESTLE PERU S.A.', 'PANETONES', 'PANETONES', '10', '0', null, '100', '10902', 'Almacen01', '100', '01.A.a.1', '0', null, '0', null, null, null);
INSERT INTO `productos` VALUES ('7964', 'AMBRUJOS GOMAS CEREBRITOS (300GR)', 'NS', '3.68', 'MOLITALIA S.A.', 'GOLOSINAS', 'GOMAS', '10', '0', null, '100', '10139', 'Almacen01', '100', '01.A.a.1', '0', null, '0', null, null, null);
INSERT INTO `productos` VALUES ('7987', 'NISSIN VASO CHICKEN (64GR)', 'NS', '1.91', 'KMC INTERNATIONAL SAC', 'ALIMENTOS ENVASADOS', 'CREMAS Y SOPAS', '10', '0', null, '100', '10531', 'Almacen01', '100', '01.A.a.1', '0', null, '0', null, null, null);
INSERT INTO `productos` VALUES ('8025', 'PANETON DONOFRIO RELLENO PASTELICIA (800GR)', 'NS', '22.00', 'NESTLE PERU S.A.', 'PANETONES', 'PANETONES', '10', '0', null, '100', '10902', 'Almacen01', '100', '01.A.a.1', '0', null, '0', null, null, null);
INSERT INTO `productos` VALUES ('8031', 'ALA CENA SALSA DE AJI CAJA (240x8CC)', 'NS', '43.26', 'ALICORP S.A', 'ALIMENTOS ENVASADOS', 'SALSAS Y CONDIMENTOS', '10', '0', null, '100', '10015', 'Almacen01', '100', '01.A.a.1', '0', null, '0', null, null, null);
INSERT INTO `productos` VALUES ('8034', 'INTEGRAKERS MIEL C/FIBRA (6x40GR)', 'NS', '2.74', 'ALICORP S.A', 'GOLOSINAS', 'GALLETAS', '10', '0', null, '100', '10015', 'Almacen01', '100', '01.A.a.1', '0', null, '0', null, null, null);
INSERT INTO `productos` VALUES ('8044', 'VAINILLA COSTA (6x32GR)', 'NS', '2.34', 'MOLITALIA S.A.', 'GOLOSINAS', 'GALLETAS', '10', '0', null, '100', '10139', 'Almacen01', '100', '01.A.a.1', '0', null, '0', null, null, null);
INSERT INTO `productos` VALUES ('8045', 'CADBURY ADAMS HALLS MORA BARRA (12x34GR)', 'NS', '9.46', 'BARZOLA ALTAMIRANO YENNY ROCIO', 'GOLOSINAS', 'CARAMELOS', '10', '0', null, '100', '12732', 'Almacen01', '100', '01.A.a.1', '0', null, '0', null, null, null);
INSERT INTO `productos` VALUES ('8046', 'BONNE MAMAN MERMELADA CUATRO FRUTAS (370GR)', 'NS', '11.48', 'KING DAVID DELICATESSES DEL PERU S.A.C', 'ALIMENTOS ENVASADOS', 'MERMELADA', '10', '0', null, '100', '11212', 'Almacen01', '100', '01.A.a.1', '0', null, '0', null, null, null);
INSERT INTO `productos` VALUES ('8050', 'FANNY MERMELADA FRESA (GRANDE) (1KG)', 'NS', '7.17', 'MOLITALIA S.A.', 'ALIMENTOS ENVASADOS', 'MERMELADA', '10', '0', null, '100', '10139', 'Almacen01', '100', '01.A.a.1', '0', null, '0', null, null, null);
INSERT INTO `productos` VALUES ('8057', 'CASINO BOOM MENTA (6x51GR)', 'NS', '3.70', 'ALICORP S.A', 'GOLOSINAS', 'GALLETAS', '10', '0', null, '100', '10015', 'Almacen01', '100', '01.A.a.1', '0', null, '0', null, null, null);
INSERT INTO `productos` VALUES ('8064', 'JACOBSENS WONDERFUL COPENHAGEN WHITE ROSES (454GR)', 'NS', '17.01', 'KING DAVID DELICATESSES DEL PERU S.A.C', 'GOLOSINAS', 'GALLETAS', '10', '0', null, '100', '11212', 'Almacen01', '100', '01.A.a.1', '0', null, '0', null, null, null);
INSERT INTO `productos` VALUES ('8071', 'NESTLE MOROCHAS SNACK UNIDAD (50GR)', 'NS', '0.80', 'NESTLE PERU S.A.', 'GOLOSINAS', 'GALLETAS', '10', '0', null, '100', '10902', 'Almacen01', '100', '01.A.a.1', '0', null, '0', null, null, null);
INSERT INTO `productos` VALUES ('8082', 'NEKO FRESH (75GR)', 'NS', '1.71', 'JOHNSON & JOHNSON DEL PERU S.A.', 'HIGIENE PERSONAL', 'JABONES', '10', '0', null, '100', '10412', 'Almacen01', '100', '01.A.a.1', '0', null, '0', null, null, null);
INSERT INTO `productos` VALUES ('8147', 'BACCI VISTA (143GR)', 'NS', '17.74', 'HELENA VENTAS S.A.C', 'GOLOSINAS', 'CHOCOLATES', '10', '0', null, '100', '11154', 'Almacen01', '100', '01.A.a.1', '0', null, '0', null, null, null);
INSERT INTO `productos` VALUES ('8159', 'HELENA COCCONUT (50GR)', 'NS', '3.17', 'HELENA VENTAS S.A.C', 'GOLOSINAS', 'CHOCOLATES', '10', '0', null, '100', '11154', 'Almacen01', '100', '01.A.a.1', '0', null, '0', null, null, null);
INSERT INTO `productos` VALUES ('8162', 'HELENA BOMBONES (210GR)', 'NS', '22.29', 'HELENA VENTAS S.A.C', 'GOLOSINAS', 'CHOCOLATES', '10', '0', null, '100', '11154', 'Almacen01', '100', '01.A.a.1', '0', null, '0', null, null, null);
INSERT INTO `productos` VALUES ('8163', 'HELENA PECCANROLL (100GR)', 'NS', '7.55', 'HELENA VENTAS S.A.C', 'GOLOSINAS', 'CHOCOLATES', '10', '0', null, '100', '11154', 'Almacen01', '100', '01.A.a.1', '0', null, '0', null, null, null);
INSERT INTO `productos` VALUES ('8179', 'PROM. NESCAFE VASO 8oz NPro (50UND)', 'NS', '6.50', 'NESTLE PERU S.A.', 'ALIMENTOS ENVASADOS', 'CAFÉ', '10', '0', null, '100', '10902', 'Almacen01', '100', '01.A.a.1', '0', null, '0', null, null, null);
INSERT INTO `productos` VALUES ('8185', 'BALDE TURBO + 6 SOBRES ACT II (550GR)', 'NS', '13.02', 'KMC INTERNATIONAL SAC', 'SNACKS', 'POP CORN', '10', '0', null, '100', '10531', 'Almacen01', '100', '01.A.a.1', '0', null, '0', null, null, null);
INSERT INTO `productos` VALUES ('8189', 'CARAMELO LIMON AMBROSOLI (100x4.4GR)', 'NS', '3.96', 'MOLITALIA S.A.', 'GOLOSINAS', 'CARAMELOS', '10', '0', null, '100', '10139', 'Almacen01', '100', '01.A.a.1', '0', null, '0', null, null, null);
INSERT INTO `productos` VALUES ('8199', 'CHUPETIN TUTTI FRUTI AMBROSOLI (25x18GR)', 'NS', '4.61', 'MOLITALIA S.A.', 'GOLOSINAS', 'CHUPETINES', '10', '0', null, '100', '10139', 'Almacen01', '100', '01.A.a.1', '0', null, '0', null, null, null);
INSERT INTO `productos` VALUES ('8202', 'KATRIN AMBROSOLI (130GR)', 'NS', '10.84', 'MOLITALIA S.A.', 'GOLOSINAS', 'BOMBONES', '10', '0', null, '100', '10139', 'Almacen01', '100', '01.A.a.1', '0', null, '0', null, null, null);
INSERT INTO `productos` VALUES ('8222', 'GOMAS CALIPTUS CHERRY AMBROSOLI (12x25GR)', 'NS', '6.05', 'MOLITALIA S.A.', 'GOLOSINAS', 'GOMAS', '10', '0', null, '100', '10139', 'Almacen01', '100', '01.A.a.1', '0', null, '0', null, null, null);
INSERT INTO `productos` VALUES ('8224', 'ADAMS HALLS BARRA CREAMY FRESA (12x31.5GR)', 'NS', '9.89', 'KRAFT FOODS PERU S.A.', 'GOLOSINAS', 'CARAMELOS', '10', '0', null, '100', '10134', 'Almacen01', '100', '01.A.a.1', '0', null, '0', null, null, null);
INSERT INTO `productos` VALUES ('8227', 'MINI GLACITAS TOFFEE VICTORIA (31.2GR)', 'NS', '0.47', 'ALICORP S.A', 'GOLOSINAS', 'GALLETAS', '10', '0', null, '100', '10015', 'Almacen01', '100', '01.A.a.1', '0', null, '0', null, null, null);
INSERT INTO `productos` VALUES ('8233', 'CASINO BOOM CHOCOLATE (6x51GR)', 'NS', '3.70', 'ALICORP S.A', 'GOLOSINAS', 'GALLETAS', '10', '0', null, '100', '10015', 'Almacen01', '100', '01.A.a.1', '0', null, '0', null, null, null);
INSERT INTO `productos` VALUES ('8237', 'MAGGIE CALDO DE CARNE (1000GR)', 'NS', '17.40', 'NESTLE PERU S.A.', 'ALIMENTOS ENVASADOS', 'SALSAS Y CONDIMENTOS', '10', '0', null, '100', '10902', 'Almacen01', '100', '01.A.a.1', '0', null, '0', null, null, null);
INSERT INTO `productos` VALUES ('8242', 'GOMAS CALIPTUS AMBROSOLI (12x25GR)', 'NS', '6.05', 'MOLITALIA S.A.', 'GOLOSINAS', 'GOMAS', '10', '0', null, '100', '10139', 'Almacen01', '100', '01.A.a.1', '0', null, '0', null, null, null);
INSERT INTO `productos` VALUES ('8262', 'HELENA PECCANROLL (50GR)', 'NS', '3.80', 'HELENA VENTAS S.A.C', 'GOLOSINAS', 'CHOCOLATES', '10', '0', null, '100', '11154', 'Almacen01', '100', '01.A.a.1', '0', null, '0', null, null, null);
INSERT INTO `productos` VALUES ('8281', 'MINI GLACITAS CHOCOLATE VICTORIA (31.2GR)', 'NS', '0.47', 'ALICORP S.A', 'GOLOSINAS', 'GALLETAS', '10', '0', null, '100', '10015', 'Almacen01', '100', '01.A.a.1', '0', null, '0', null, null, null);
INSERT INTO `productos` VALUES ('8284', 'CADBURY ADAMS CLORETS GOMA (GRANDE) (20x16GR)', 'NS', '15.69', 'BARZOLA ALTAMIRANO YENNY ROCIO', 'GOLOSINAS', 'GOMA DE MASCAR', '10', '0', null, '100', '12732', 'Almacen01', '100', '01.A.a.1', '0', null, '0', null, null, null);
INSERT INTO `productos` VALUES ('8294', 'GLORIA YOGURT NIÑOS PLATANO (200ML)', 'NS', '1.18', 'GLORIA S.A.', 'BEBIDAS', 'YOGURT', '10', '0', null, '100', '10430', 'Almacen01', '100', '01.A.a.1', '0', null, '0', null, null, null);
INSERT INTO `productos` VALUES ('8319', 'WALIBI MOSTAZA (250x10GR)', 'NS', '20.89', 'ALIMENTOS DE EXPORTACION S.R.L.- ALIEX ', 'ALIMENTOS ENVASADOS', 'SALSAS Y CONDIMENTOS', '10', '0', null, '100', '12755', 'Almacen01', '100', '01.A.a.1', '0', null, '0', null, null, null);
INSERT INTO `productos` VALUES ('8327', 'GLORIA YOGURT ACTIBIO VAINILLAC/LINAZA (160GR)', 'NS', '1.64', 'GLORIA S.A.', 'BEBIDAS', 'YOGURT', '10', '0', null, '100', '10430', 'Almacen01', '100', '01.A.a.1', '0', null, '0', null, null, null);
INSERT INTO `productos` VALUES ('8331', 'ALA CENA SALSA DE AJI (100CC)', 'NS', '1.49', 'ALICORP S.A', 'ALIMENTOS ENVASADOS', 'SALSAS Y CONDIMENTOS', '10', '0', null, '100', '10015', 'Almacen01', '100', '01.A.a.1', '0', null, '0', null, null, null);
INSERT INTO `productos` VALUES ('8332', 'ALA CENA SALSA DE ROCOTO (100CC)', 'NS', '1.49', 'ALICORP S.A', 'ALIMENTOS ENVASADOS', 'SALSAS Y CONDIMENTOS', '10', '0', null, '100', '10015', 'Almacen01', '100', '01.A.a.1', '0', null, '0', null, null, null);
INSERT INTO `productos` VALUES ('8354', 'RITTER S. NEGRO C/AVELLANAS ENTERAS (100GR)', 'US', '2.53', 'EUROGOURMET S.A.C.', 'GOLOSINAS', 'CHOCOLATES', '10', '0', null, '100', '10124', 'Almacen01', '100', '01.A.a.1', '0', null, '0', null, null, null);
INSERT INTO `productos` VALUES ('8364', 'BONNE MAMAN MERMELADA MELOCOTONES (370GR)', 'NS', '9.54', 'KING DAVID DELICATESSES DEL PERU S.A.C', 'ALIMENTOS ENVASADOS', 'MERMELADA', '10', '0', null, '100', '11212', 'Almacen01', '100', '01.A.a.1', '0', null, '0', null, null, null);
INSERT INTO `productos` VALUES ('8387', 'VAINILLA FIELD FAMILIAR NABISCO (147GR)', 'NS', '1.68', 'KRAFT FOODS PERU S.A.', 'GOLOSINAS', 'GALLETAS', '10', '0', null, '100', '10134', 'Almacen01', '100', '01.A.a.1', '0', null, '0', null, null, null);
INSERT INTO `productos` VALUES ('8394', 'AMBRUJOS CALABAZA (270GR)', 'NS', '11.48', 'MOLITALIA S.A.', 'GOLOSINAS', 'CARAMELOS', '10', '0', null, '100', '10139', 'Almacen01', '100', '01.A.a.1', '0', null, '0', null, null, null);
INSERT INTO `productos` VALUES ('8395', 'BARILLA PESTO GENOVESE (190GR)', 'NS', '10.17', 'KING DAVID DELICATESSES DEL PERU S.A.C', 'ALIMENTOS ENVASADOS', 'SALSAS Y CONDIMENTOS', '10', '0', null, '100', '11212', 'Almacen01', '100', '01.A.a.1', '0', null, '0', null, null, null);
INSERT INTO `productos` VALUES ('8435', 'SEÑOR MAIZ NATURAL (100GR)', 'NS', '4.12', 'HELENA VENTAS S.A.C', 'SNACKS', 'SNACKS', '10', '0', null, '100', '11154', 'Almacen01', '100', '01.A.a.1', '0', null, '0', null, null, null);
INSERT INTO `productos` VALUES ('8446', 'BARILLA BOLOGNESE (400GR)', 'NS', '9.66', 'KING DAVID DELICATESSES DEL PERU S.A.C', 'ALIMENTOS ENVASADOS', 'SALSAS Y CONDIMENTOS', '10', '0', null, '100', '11212', 'Almacen01', '100', '01.A.a.1', '0', null, '0', null, null, null);
INSERT INTO `productos` VALUES ('8447', 'BARILLA SALSA NAPOLETANA (400GR)', 'NS', '8.21', 'KING DAVID DELICATESSES DEL PERU S.A.C', 'FIDEOS Y PASTAS', 'FIDEOS Y PASTAS', '10', '0', null, '100', '11212', 'Almacen01', '100', '01.A.a.1', '0', null, '0', null, null, null);
INSERT INTO `productos` VALUES ('8448', 'GALLETAS WON COPENHAGEN BURG (340GR)', 'NS', '16.14', 'KING DAVID DELICATESSES DEL PERU S.A.C', 'GOLOSINAS', 'GALLETAS', '10', '0', null, '100', '11212', 'Almacen01', '100', '01.A.a.1', '0', null, '0', null, null, null);
INSERT INTO `productos` VALUES ('8450', 'JACOBSENS CLASSIC SANTA CLAUS (340GR)', 'NS', '16.13', 'KING DAVID DELICATESSES DEL PERU S.A.C', 'GOLOSINAS', 'GALLETAS', '10', '0', null, '100', '11212', 'Almacen01', '100', '01.A.a.1', '0', null, '0', null, null, null);
INSERT INTO `productos` VALUES ('8455', 'SELECTAS FIELD BROWNIE (50GR)', 'NS', '0.82', 'KRAFT FOODS PERU S.A.', 'GOLOSINAS', 'GALLETAS', '10', '0', null, '100', '10134', 'Almacen01', '100', '01.A.a.1', '0', null, '0', null, null, null);
INSERT INTO `productos` VALUES ('8458', 'NESTLE SUBLIME ANIVERSARIO (12x64GR)', 'NS', '24.12', 'NESTLE PERU S.A.', 'GOLOSINAS', 'CHOCOLATES', '10', '0', null, '100', '10902', 'Almacen01', '100', '01.A.a.1', '0', null, '0', null, null, null);
INSERT INTO `productos` VALUES ('8464', 'CHUPETAZO SURTI. ANGRY BIRDS BOLSA (24x21GR)', 'NS', '4.99', 'MOLITALIA S.A.', 'GOLOSINAS', 'CARAMELOS', '10', '0', null, '100', '10139', 'Almacen01', '100', '01.A.a.1', '0', null, '0', null, null, null);
INSERT INTO `productos` VALUES ('8465', 'DOLOFLAM (150UND)', 'NS', '51.40', 'JOHNSON & JOHNSON DEL PERU S.A.', 'FARMACOS', 'ANALGESICO', '10', '0', null, '100', '10412', 'Almacen01', '100', '01.A.a.1', '0', null, '0', null, null, null);
INSERT INTO `productos` VALUES ('8466', 'AMBRUJOS TRIDENTE (150GR)', 'NS', '8.07', 'MOLITALIA S.A.', 'GOLOSINAS', 'GOMAS', '10', '0', null, '100', '10139', 'Almacen01', '100', '01.A.a.1', '0', null, '0', null, null, null);
INSERT INTO `productos` VALUES ('8516', 'CARAMELOS FULL AMBROSOLI (24x24.5GR)', 'NS', '10.35', 'MOLITALIA S.A.', 'GOLOSINAS', 'CARAMELOS', '10', '0', null, '100', '10139', 'Almacen01', '100', '01.A.a.1', '0', null, '0', null, null, null);
INSERT INTO `productos` VALUES ('8517', 'GALLETA MI VILLANO FAVORITO (6x40GR)', 'NS', '2.69', 'MOLITALIA S.A.', 'GOLOSINAS', 'GALLETAS', '10', '0', null, '100', '10139', 'Almacen01', '100', '01.A.a.1', '0', null, '0', null, null, null);
INSERT INTO `productos` VALUES ('8518', 'CLUB SOCIAL MANTEQUILLA (6x26GR)', 'NS', '2.63', 'KRAFT FOODS PERU S.A.', 'GOLOSINAS', 'GALLETAS', '10', '0', null, '100', '10134', 'Almacen01', '100', '01.A.a.1', '0', null, '0', null, null, null);
INSERT INTO `productos` VALUES ('8519', 'CLUB SOCIAL TOCINETA (6x26GR)', 'NS', '2.63', 'KRAFT FOODS PERU S.A.', 'GOLOSINAS', 'GALLETAS', '10', '0', null, '100', '10134', 'Almacen01', '100', '01.A.a.1', '0', null, '0', null, null, null);
INSERT INTO `productos` VALUES ('8521', 'CLUB SOCIAL QUESO (6x26GR)', 'NS', '2.63', 'KRAFT FOODS PERU S.A.', 'GOLOSINAS', 'GALLETAS', '10', '0', null, '100', '10134', 'Almacen01', '100', '01.A.a.1', '0', null, '0', null, null, null);
INSERT INTO `productos` VALUES ('8543', 'BARILLA SPAGUETTINI (500GR)', 'NS', '4.80', 'KING DAVID DELICATESSES DEL PERU S.A.C', 'FIDEOS Y PASTAS', 'FIDEOS Y PASTAS', '10', '0', null, '100', '11212', 'Almacen01', '100', '01.A.a.1', '0', null, '0', null, null, null);
INSERT INTO `productos` VALUES ('8548', 'GHIRARDELLI DARK WITH RASPBERRY BAR (100GR)', 'NS', '10.10', 'KING DAVID DELICATESSES DEL PERU S.A.C', 'GOLOSINAS', 'CHOCOLATES', '10', '0', null, '100', '11212', 'Almacen01', '100', '01.A.a.1', '0', null, '0', null, null, null);
INSERT INTO `productos` VALUES ('8555', 'ALA CENA MAYONESA CHICA CAJA (240x10CC)', 'NS', '46.37', 'ALICORP S.A', 'ALIMENTOS ENVASADOS', 'SALSAS Y CONDIMENTOS', '10', '0', null, '100', '10015', 'Almacen01', '100', '01.A.a.1', '0', null, '0', null, null, null);
INSERT INTO `productos` VALUES ('8559', 'PANETON DONOFRIO CHOCOBERRY (750GR)', 'NS', '21.99', 'NESTLE PERU S.A.', 'PANETONES', 'PANETONES', '10', '0', null, '100', '10902', 'Almacen01', '100', '01.A.a.1', '0', null, '0', null, null, null);
INSERT INTO `productos` VALUES ('8582', 'BUTTERFIELD WAFER (12x29GR)', 'NS', '10.28', 'KRAFT FOODS PERU S.A.', 'GOLOSINAS', 'WAFFERS', '10', '0', null, '100', '10134', 'Almacen01', '100', '01.A.a.1', '0', null, '0', null, null, null);
INSERT INTO `productos` VALUES ('8607', 'AZUCAR PAISANA EXTRA FINA (1KG)', 'NS', '4.86', 'ALICORP S.A', 'ALIMENTOS ENVASADOS', 'AZUCAR', '10', '0', null, '100', '10015', 'Almacen01', '100', '01.A.a.1', '0', null, '0', null, null, null);
INSERT INTO `productos` VALUES ('8613', 'HUNTS SNACKPACK PUDIN CHOCOLATE (4x3.25ONZA)', 'NS', '7.53', 'KMC INTERNATIONAL SAC', 'GOLOSINAS', 'PUDINES', '10', '0', null, '100', '10531', 'Almacen01', '100', '01.A.a.1', '0', null, '0', null, null, null);
INSERT INTO `productos` VALUES ('8623', 'MAGGIE CREMA DE CHOCLO (79GR)', 'NS', '2.32', 'NESTLE PERU S.A.', 'ALIMENTOS ENVASADOS', 'SALSAS Y CONDIMENTOS', '10', '0', null, '100', '10902', 'Almacen01', '100', '01.A.a.1', '0', null, '0', null, null, null);
INSERT INTO `productos` VALUES ('8627', 'MR. CHIPS PAPAS FINAS HIERBAS Y PIMTA. (185GR)', 'NS', '3.98', 'DEPRODECA SAC', 'SNACKS', 'SNACKS', '10', '0', null, '100', '10520', 'Almacen01', '100', '01.A.a.1', '0', null, '0', null, null, null);
INSERT INTO `productos` VALUES ('8632', 'FANNY FILETE DE ATUN EN ACEITE (170GR)', 'NS', '4.88', 'MOLITALIA S.A.', 'ALIMENTOS ENVASADOS', 'CONSERVAS', '10', '0', null, '100', '10139', 'Almacen01', '100', '01.A.a.1', '0', null, '0', null, null, null);
INSERT INTO `productos` VALUES ('8634', 'POMAROLA SALSA DE TOMATE MOLITALIA (160GR)', 'NS', '1.07', 'MOLITALIA S.A.', 'ALIMENTOS ENVASADOS', 'SALSAS Y CONDIMENTOS', '10', '0', null, '100', '10139', 'Almacen01', '100', '01.A.a.1', '0', null, '0', null, null, null);
INSERT INTO `productos` VALUES ('8636', 'ALA CENA KETCHUP CHICA CAJA (240x8CC)', 'NS', '30.30', 'ALICORP S.A', 'ALIMENTOS ENVASADOS', 'SALSAS Y CONDIMENTOS', '10', '0', null, '100', '10015', 'Almacen01', '100', '01.A.a.1', '0', null, '0', null, null, null);
INSERT INTO `productos` VALUES ('8637', 'ALA CENA KETCHUP (100GR)', 'NS', '0.94', 'ALICORP S.A', 'ALIMENTOS ENVASADOS', 'SALSAS Y CONDIMENTOS', '10', '0', null, '100', '10015', 'Almacen01', '100', '01.A.a.1', '0', null, '0', null, null, null);
INSERT INTO `productos` VALUES ('8654', 'DONOFRIO GALLETA VAINILLA (182GR)', 'NS', '1.46', 'NESTLE PERU S.A.', 'GOLOSINAS', 'GALLETAS', '10', '0', null, '100', '10902', 'Almacen01', '100', '01.A.a.1', '0', null, '0', null, null, null);
INSERT INTO `productos` VALUES ('8674', 'GLORIA YOGURT ACTIBIO GRANADILLA C/LINAZA (1KG)', 'NS', '5.04', 'GLORIA S.A.', 'BEBIDAS', 'YOGURT', '10', '0', null, '100', '10430', 'Almacen01', '100', '01.A.a.1', '0', null, '0', null, null, null);
INSERT INTO `productos` VALUES ('8675', 'DONOFRIO GALLETA VAINILLA (6x36GR)', 'NS', '1.95', 'NESTLE PERU S.A.', 'GOLOSINAS', 'GALLETAS', '10', '0', null, '100', '10902', 'Almacen01', '100', '01.A.a.1', '0', null, '0', null, null, null);
INSERT INTO `productos` VALUES ('8676', 'DONOFRIO GALLETA WAFER VAINILLA (6x30GR)', 'NS', '2.77', 'NESTLE PERU S.A.', 'GOLOSINAS', 'WAFFERS', '10', '0', null, '100', '10902', 'Almacen01', '100', '01.A.a.1', '0', null, '0', null, null, null);
INSERT INTO `productos` VALUES ('8677', 'DONOFRIO SANDWICH GALLETA VAINILLA (6x51GR)', 'NS', '3.41', 'NESTLE PERU S.A.', 'GOLOSINAS', 'GALLETAS', '10', '0', null, '100', '10902', 'Almacen01', '100', '01.A.a.1', '0', null, '0', null, null, null);
INSERT INTO `productos` VALUES ('8678', 'DONOFRIO GALLETA WAFER CHOCOLATE (6x30GR)', 'NS', '2.77', 'NESTLE PERU S.A.', 'GOLOSINAS', 'WAFFERS', '10', '0', null, '100', '10902', 'Almacen01', '100', '01.A.a.1', '0', null, '0', null, null, null);
INSERT INTO `productos` VALUES ('8679', 'DONOFRIO SANDWICH GALLETA LUCUMA (6x51GR)', 'NS', '3.41', 'NESTLE PERU S.A.', 'GOLOSINAS', 'GALLETAS', '10', '0', null, '100', '10902', 'Almacen01', '100', '01.A.a.1', '0', null, '0', null, null, null);
INSERT INTO `productos` VALUES ('8680', 'DONOFRIO GALLETA WAFER FRESA (6x30GR)', 'NS', '2.77', 'NESTLE PERU S.A.', 'GOLOSINAS', 'WAFFERS', '10', '0', null, '100', '10902', 'Almacen01', '100', '01.A.a.1', '0', null, '0', null, null, null);
INSERT INTO `productos` VALUES ('8682', 'DONOFRIO SANDWICH GALLETA FRESA (6x51GR)', 'NS', '3.41', 'NESTLE PERU S.A.', 'GOLOSINAS', 'GALLETAS', '10', '0', null, '100', '10902', 'Almacen01', '100', '01.A.a.1', '0', null, '0', null, null, null);
INSERT INTO `productos` VALUES ('8684', 'DONOFRIO SANDWICH GALLETA CHOCOLATE (6x51GR)', 'NS', '3.41', 'NESTLE PERU S.A.', 'GOLOSINAS', 'GALLETAS', '10', '0', null, '100', '10902', 'Almacen01', '100', '01.A.a.1', '0', null, '0', null, null, null);
INSERT INTO `productos` VALUES ('8690', 'FANNY TROZOS DE ATUN EN ACEITE VEGETAL (170GR)', 'NS', '4.46', 'MOLITALIA S.A.', 'ALIMENTOS ENVASADOS', 'CONSERVAS', '10', '0', null, '100', '10139', 'Almacen01', '100', '01.A.a.1', '0', null, '0', null, null, null);
INSERT INTO `productos` VALUES ('8728', 'HUEVO PAÑUELO C/SORPRESA AMBROSOLI (85GR)', 'NS', '4.71', 'MOLITALIA S.A.', 'GOLOSINAS', 'CHOCOLATES', '10', '0', null, '100', '10139', 'Almacen01', '100', '01.A.a.1', '0', null, '0', null, null, null);
INSERT INTO `productos` VALUES ('8734', 'CRICKETS CHIFLES PIURANOS (200GR)', 'NS', '4.00', 'INDUSTRIAS AGRICOLAS SRL', 'SNACKS', 'SNACKS', '10', '0', null, '100', '10569', 'Almacen01', '100', '01.A.a.1', '0', null, '0', null, null, null);
INSERT INTO `productos` VALUES ('8735', 'CRICKETS CAMOTE (40GR)', 'NS', '0.95', 'INDUSTRIAS AGRICOLAS SRL', 'SNACKS', 'SNACKS', '10', '0', null, '100', '10569', 'Almacen01', '100', '01.A.a.1', '0', null, '0', null, null, null);
INSERT INTO `productos` VALUES ('8736', 'CRICKETS PAPITAS AL HILO (170GR)', 'NS', '4.15', 'INDUSTRIAS AGRICOLAS SRL', 'SNACKS', 'SNACKS', '10', '0', null, '100', '10569', 'Almacen01', '100', '01.A.a.1', '0', null, '0', null, null, null);
INSERT INTO `productos` VALUES ('8780', 'LISTERINE COOL MINT (180ML)', 'NS', '6.56', 'JOHNSON & JOHNSON DEL PERU S.A.', 'HIGIENE PERSONAL', 'ENJUAGUES BUCALES', '10', '0', null, '100', '10412', 'Almacen01', '100', '01.A.a.1', '0', null, '0', null, null, null);
INSERT INTO `productos` VALUES ('8811', 'AGUA LIGHT COSTA (210GR)', 'NS', '2.11', 'MOLITALIA S.A.', 'GOLOSINAS', 'GALLETAS', '10', '0', null, '100', '10139', 'Almacen01', '100', '01.A.a.1', '0', null, '0', null, null, null);
INSERT INTO `productos` VALUES ('8822', 'CAFETERA DOLCE GUSTO KIT BEIGE (4.3KG)', 'NS', '177.01', 'NESTLE PERU S.A.', 'ALIMENTOS ENVASADOS', 'CAFÉ', '10', '0', null, '100', '10902', 'Almacen01', '100', '01.A.a.1', '0', null, '0', null, null, null);
INSERT INTO `productos` VALUES ('8825', 'ADAMS CLORETS MASTICABLE MENTA (20x18GR)', 'NS', '8.38', 'KRAFT FOODS PERU S.A.', 'GOLOSINAS', 'GOMA DE MASCAR', '10', '0', null, '100', '10134', 'Almacen01', '100', '01.A.a.1', '0', null, '0', null, null, null);
INSERT INTO `productos` VALUES ('8829', 'BAHLSEN REKORD (GALLETAS SURTIDAS) (400GR)', 'US', '5.15', 'EUROGOURMET S.A.C.', 'GOLOSINAS', 'GALLETAS', '10', '0', null, '100', '10124', 'Almacen01', '100', '01.A.a.1', '0', null, '0', null, null, null);
INSERT INTO `productos` VALUES ('8830', 'LORENZ SALTLETTS PALITOS SALTADOS CLASICO (150GR)', 'US', '2.00', 'EUROGOURMET S.A.C.', 'SNACKS', 'SNACKS', '10', '0', null, '100', '10124', 'Almacen01', '100', '01.A.a.1', '0', null, '0', null, null, null);
INSERT INTO `productos` VALUES ('8831', 'LORENZ SALTLETTS PALITOS SALTADOS (CHICO) (75GR)', 'US', '1.11', 'EUROGOURMET S.A.C.', 'SNACKS', 'SNACKS', '10', '0', null, '100', '10124', 'Almacen01', '100', '01.A.a.1', '0', null, '0', null, null, null);
INSERT INTO `productos` VALUES ('8833', 'BAHLSEN WAFFELETTEN LECHE VOLLMICH (100GR)', 'US', '3.64', 'EUROGOURMET S.A.C.', 'GOLOSINAS', 'CHOCOLATES', '10', '0', null, '100', '10124', 'Almacen01', '100', '01.A.a.1', '0', null, '0', null, null, null);
INSERT INTO `productos` VALUES ('8834', 'BAHLSEN WAFFELETTEN AMARGO (100GR)', 'US', '3.64', 'EUROGOURMET S.A.C.', 'GOLOSINAS', 'CHOCOLATES', '10', '0', null, '100', '10124', 'Almacen01', '100', '01.A.a.1', '0', null, '0', null, null, null);
INSERT INTO `productos` VALUES ('8835', 'RITTER S. LECHE DE LOS ALPES (100GR)', 'US', '2.53', 'EUROGOURMET S.A.C.', 'GOLOSINAS', 'CHOCOLATES', '10', '0', null, '100', '10124', 'Almacen01', '100', '01.A.a.1', '0', null, '0', null, null, null);
INSERT INTO `productos` VALUES ('8836', 'RITTER S. LECHE C/AVELLANAS ENTERAS (100GR)', 'US', '2.53', 'EUROGOURMET S.A.C.', 'GOLOSINAS', 'CHOCOLATES', '10', '0', null, '100', '10124', 'Almacen01', '100', '01.A.a.1', '0', null, '0', null, null, null);
INSERT INTO `productos` VALUES ('8838', 'RITTER S. ALMENDRA (100GR)', 'US', '2.53', 'EUROGOURMET S.A.C.', 'GOLOSINAS', 'CHOCOLATES', '10', '0', null, '100', '10124', 'Almacen01', '100', '01.A.a.1', '0', null, '0', null, null, null);
INSERT INTO `productos` VALUES ('8839', 'RITTER S. CORNFALKER (100GR)', 'US', '2.53', 'EUROGOURMET S.A.C.', 'GOLOSINAS', 'CHOCOLATES', '10', '0', null, '100', '10124', 'Almacen01', '100', '01.A.a.1', '0', null, '0', null, null, null);
INSERT INTO `productos` VALUES ('8840', 'RITTER S. PASAS Y AVELLANAS (100GR)', 'US', '2.53', 'EUROGOURMET S.A.C.', 'GOLOSINAS', 'CHOCOLATES', '10', '0', null, '100', '10124', 'Almacen01', '100', '01.A.a.1', '0', null, '0', null, null, null);
INSERT INTO `productos` VALUES ('8849', 'L.ONDA CRANBERRY VID. LIGTH (473ML)', 'NS', '3.35', 'L\'ONDA BEVERAGE CO SAC', 'BEBIDAS', 'JUGOS Y NECTARES', '10', '0', null, '100', '10728', 'Almacen01', '100', '01.A.a.1', '0', null, '0', null, null, null);
INSERT INTO `productos` VALUES ('8857', 'CHOCODONUTS BLANCO COSTA (6x38GR)', 'NS', '2.83', 'MOLITALIA S.A.', 'GOLOSINAS', 'GALLETAS', '10', '0', null, '100', '10139', 'Almacen01', '100', '01.A.a.1', '0', null, '0', null, null, null);
INSERT INTO `productos` VALUES ('8859', 'GOMAS WINNIE POOH AMBROSOLI (12x25GR)', 'NS', '6.05', 'MOLITALIA S.A.', 'GOLOSINAS', 'GOMAS', '10', '0', null, '100', '10139', 'Almacen01', '100', '01.A.a.1', '0', null, '0', null, null, null);
INSERT INTO `productos` VALUES ('8860', 'CHUPETIN DIVERTILOLI AMBROSOLI (25x225GR)', 'NS', '2.34', 'MOLITALIA S.A.', 'GOLOSINAS', 'CHUPETINES', '10', '0', null, '100', '10139', 'Almacen01', '100', '01.A.a.1', '0', null, '0', null, null, null);
INSERT INTO `productos` VALUES ('8865', 'AGUA LIGHT PACK COSTA (6x44GR)', 'NS', '2.87', 'MOLITALIA S.A.', 'GOLOSINAS', 'GALLETAS', '10', '0', null, '100', '10139', 'Almacen01', '100', '01.A.a.1', '0', null, '0', null, null, null);
INSERT INTO `productos` VALUES ('8884', 'RITTER S. CHOC. NEGRO (100GR)', 'US', '2.53', 'EUROGOURMET S.A.C.', 'GOLOSINAS', 'CHOCOLATES', '10', '0', null, '100', '10124', 'Almacen01', '100', '01.A.a.1', '0', null, '0', null, null, null);
INSERT INTO `productos` VALUES ('8887', 'RITTER S. MAZAPAN (100GR)', 'US', '2.53', 'EUROGOURMET S.A.C.', 'GOLOSINAS', 'CHOCOLATES', '10', '0', null, '100', '10124', 'Almacen01', '100', '01.A.a.1', '0', null, '0', null, null, null);
INSERT INTO `productos` VALUES ('8888', 'RITTER S. BLANCO C/AVELLANAS ENTERAS (100GR)', 'US', '2.53', 'EUROGOURMET S.A.C.', 'GOLOSINAS', 'CHOCOLATES', '10', '0', null, '100', '10124', 'Almacen01', '100', '01.A.a.1', '0', null, '0', null, null, null);
INSERT INTO `productos` VALUES ('8889', 'RITTER S. LECHE EXTRA FINO (100GR)', 'US', '2.53', 'EUROGOURMET S.A.C.', 'GOLOSINAS', 'CHOCOLATES', '10', '0', null, '100', '10124', 'Almacen01', '100', '01.A.a.1', '0', null, '0', null, null, null);
INSERT INTO `productos` VALUES ('8891', 'RITTER S. PETIT BISCUIT (GALLETA) (100GR)', 'US', '2.53', 'EUROGOURMET S.A.C.', 'GOLOSINAS', 'CHOCOLATES', '10', '0', null, '100', '10124', 'Almacen01', '100', '01.A.a.1', '0', null, '0', null, null, null);
INSERT INTO `productos` VALUES ('8917', 'SODA LIGHT COSTA (GRANDE) (180GR)', 'NS', '2.11', 'MOLITALIA S.A.', 'GOLOSINAS', 'GALLETAS', '10', '0', null, '100', '10139', 'Almacen01', '100', '01.A.a.1', '0', null, '0', null, null, null);
INSERT INTO `productos` VALUES ('8927', 'INTEGRALES COSTA (6x37GR)', 'NS', '2.61', 'MOLITALIA S.A.', 'GOLOSINAS', 'GALLETAS', '10', '0', null, '100', '10139', 'Almacen01', '100', '01.A.a.1', '0', null, '0', null, null, null);
INSERT INTO `productos` VALUES ('8933', 'NOCAUT COSTA (12x35GR)', 'NS', '9.00', 'MOLITALIA S.A.', 'GOLOSINAS', 'CHOCOLATES', '10', '0', null, '100', '10139', 'Almacen01', '100', '01.A.a.1', '0', null, '0', null, null, null);
INSERT INTO `productos` VALUES ('8988', 'LIBBYS MOSTAZA (100GR)', 'NS', '0.91', 'NESTLE PERU S.A.', 'ALIMENTOS ENVASADOS', 'SALSAS Y CONDIMENTOS', '10', '0', null, '100', '10902', 'Almacen01', '100', '01.A.a.1', '0', null, '0', null, null, null);
INSERT INTO `productos` VALUES ('8991', 'SODA LIGHT COSTA (6x42GR)', 'NS', '2.87', 'MOLITALIA S.A.', 'GOLOSINAS', 'GALLETAS', '10', '0', null, '100', '10139', 'Almacen01', '100', '01.A.a.1', '0', null, '0', null, null, null);
INSERT INTO `productos` VALUES ('9032', 'ADAMS HALLS BARRA FRUTIMIX (12x28.8GR)', 'NS', '9.89', 'KRAFT FOODS PERU S.A.', 'GOLOSINAS', 'CARAMELOS', '10', '0', null, '100', '10134', 'Almacen01', '100', '01.A.a.1', '0', null, '0', null, null, null);
INSERT INTO `productos` VALUES ('9037', 'OREO CHOCOLATE (6x36GR)', 'NS', '3.46', 'KRAFT FOODS PERU S.A.', 'GOLOSINAS', 'GALLETAS', '10', '0', null, '100', '10134', 'Almacen01', '100', '01.A.a.1', '0', null, '0', null, null, null);
INSERT INTO `productos` VALUES ('9061', 'OREO VAINILLA GOLDEN (6x36GR)', 'NS', '3.46', 'KRAFT FOODS PERU S.A.', 'GOLOSINAS', 'GALLETAS', '10', '0', null, '100', '10134', 'Almacen01', '100', '01.A.a.1', '0', null, '0', null, null, null);
INSERT INTO `productos` VALUES ('9062', 'CHARADA MANI (6x36GR)', 'NS', '3.57', 'KRAFT FOODS PERU S.A.', 'GOLOSINAS', 'GALLETAS', '10', '0', null, '100', '10134', 'Almacen01', '100', '01.A.a.1', '0', null, '0', null, null, null);
INSERT INTO `productos` VALUES ('9077', 'KOLYNOS CEPILLO MASTER ADULTO PLUS (1UND)', 'NS', '1.24', 'COLGATE PALMOLIVE PERU S.A.', 'HIGIENE PERSONAL', 'CEPILLOS DENTALES', '10', '0', null, '100', '10050', 'Almacen01', '100', '01.A.a.1', '0', null, '0', null, null, null);
INSERT INTO `productos` VALUES ('9127', 'LA IBERICA TABL DE LECHE C/CASTAÑAS (40GR)', 'NS', '3.43', 'DISTRIBUIDORA VINUM S.A. - DIVINUM', 'GOLOSINAS', 'CHOCOLATES', '10', '0', null, '100', '11508', 'Almacen01', '100', '01.A.a.1', '0', null, '0', null, null, null);
INSERT INTO `productos` VALUES ('9128', 'LA IBERICA TABL DE LECHE C/NUECES Y PASAS (40GR)', 'NS', '3.43', 'DISTRIBUIDORA VINUM S.A. - DIVINUM', 'GOLOSINAS', 'CHOCOLATES', '10', '0', null, '100', '11508', 'Almacen01', '100', '01.A.a.1', '0', null, '0', null, null, null);
INSERT INTO `productos` VALUES ('9130', 'LA IBERICA PASTILLAS CHOCO. DE LECHE (150GR)', 'NS', '11.20', 'DISTRIBUIDORA VINUM S.A. - DIVINUM', 'GOLOSINAS', 'CHOCOLATES', '10', '0', null, '100', '11508', 'Almacen01', '100', '01.A.a.1', '0', null, '0', null, null, null);
INSERT INTO `productos` VALUES ('9131', 'LA IBERICA TOFFEES SURTIDOS (150GR)', 'NS', '6.95', 'DISTRIBUIDORA VINUM S.A. - DIVINUM', 'GOLOSINAS', 'CHOCOLATES', '10', '0', null, '100', '11508', 'Almacen01', '100', '01.A.a.1', '0', null, '0', null, null, null);
INSERT INTO `productos` VALUES ('9132', 'LA IBERICA TURRON (12x30GR)', 'NS', '34.37', 'DISTRIBUIDORA VINUM S.A. - DIVINUM', 'GOLOSINAS', 'TURRON', '10', '0', null, '100', '11508', 'Almacen01', '100', '01.A.a.1', '0', null, '0', null, null, null);
INSERT INTO `productos` VALUES ('9133', 'LA IBERICA CORAZON (80GR)', 'NS', '6.98', 'DISTRIBUIDORA VINUM S.A. - DIVINUM', 'GOLOSINAS', 'CHOCOLATES', '10', '0', null, '100', '11508', 'Almacen01', '100', '01.A.a.1', '0', null, '0', null, null, null);
INSERT INTO `productos` VALUES ('9137', 'LA IBERICA TABL CHOC. BLANCO (40GR)', 'NS', '3.28', 'DISTRIBUIDORA VINUM S.A. - DIVINUM', 'GOLOSINAS', 'CHOCOLATES', '10', '0', null, '100', '11508', 'Almacen01', '100', '01.A.a.1', '0', null, '0', null, null, null);
INSERT INTO `productos` VALUES ('9140', 'CHIPS NUSS COSTA (6x36GR)', 'NS', '2.99', 'MOLITALIA S.A.', 'GOLOSINAS', 'GALLETAS', '10', '0', null, '100', '10139', 'Almacen01', '100', '01.A.a.1', '0', null, '0', null, null, null);
INSERT INTO `productos` VALUES ('9141', 'CHIPS FIESTA DE COLORES COSTA (6x36GR)', 'NS', '2.99', 'MOLITALIA S.A.', 'GOLOSINAS', 'GALLETAS', '10', '0', null, '100', '10139', 'Almacen01', '100', '01.A.a.1', '0', null, '0', null, null, null);
INSERT INTO `productos` VALUES ('9146', 'FANNY MERMELADA FRESA SACHET (100GR)', 'NS', '0.92', 'MOLITALIA S.A.', 'ALIMENTOS ENVASADOS', 'MERMELADA', '10', '0', null, '100', '10139', 'Almacen01', '100', '01.A.a.1', '0', null, '0', null, null, null);
INSERT INTO `productos` VALUES ('9168', 'FERRERO KINDER CHOCLATE T8 (100GR)', 'NS', '5.03', 'KING DAVID DELICATESSES DEL PERU S.A.C', 'GOLOSINAS', 'CHOCOLATES', '10', '0', null, '100', '11212', 'Almacen01', '100', '01.A.a.1', '0', null, '0', null, null, null);
INSERT INTO `productos` VALUES ('9188', 'LA IBERICA TOFFES DE CHOCOLATE (150GR)', 'NS', '7.00', 'DISTRIBUIDORA VINUM S.A. - DIVINUM', 'GOLOSINAS', 'CHOCOLATES', '10', '0', null, '100', '11508', 'Almacen01', '100', '01.A.a.1', '0', null, '0', null, null, null);
INSERT INTO `productos` VALUES ('9203', 'ACT II POP CORN MANTEQUILLA (91GR)', 'NS', '2.27', 'KMC INTERNATIONAL SAC', 'SNACKS', 'POP CORN', '10', '0', null, '100', '10531', 'Almacen01', '100', '01.A.a.1', '0', null, '0', null, null, null);
INSERT INTO `productos` VALUES ('9205', 'ACT II POP CORN NATURAL (91GR)', 'NS', '2.27', 'KMC INTERNATIONAL SAC', 'SNACKS', 'POP CORN', '10', '0', null, '100', '10531', 'Almacen01', '100', '01.A.a.1', '0', null, '0', null, null, null);
INSERT INTO `productos` VALUES ('9206', 'PANETON COSTA MINI DISNEY (90GR)', 'NS', '2.78', 'MOLITALIA S.A.', 'PANETONES', 'PANETONES', '10', '0', null, '100', '10139', 'Almacen01', '100', '01.A.a.1', '0', null, '0', null, null, null);
INSERT INTO `productos` VALUES ('9296', 'PANETON GLORIA CAJA (1KG)', 'NS', '21.19', 'GLORIA S.A.', 'PANETONES', 'PANETONES', '10', '0', null, '100', '10430', 'Almacen01', '100', '01.A.a.1', '0', null, '0', null, null, null);
INSERT INTO `productos` VALUES ('9321', 'MACARONI & CHEESE MOLITALIA (180GR)', 'NS', '3.31', 'MOLITALIA S.A.', 'FIDEOS Y PASTAS', 'FIDEOS Y PASTAS', '10', '0', null, '100', '10139', 'Almacen01', '100', '01.A.a.1', '0', null, '0', null, null, null);
INSERT INTO `productos` VALUES ('9335', 'VILEDA PAÑO VIDRIOS X 1 (1UND)', 'NS', '6.47', 'DROKASA PERU S.A.', 'ARTICULOS DE LIMPIEZA', 'HOGAR', '10', '0', null, '100', '10010', 'Almacen01', '100', '01.A.a.1', '0', null, '0', null, null, null);
INSERT INTO `productos` VALUES ('9342', 'CAFETERA DOLCE GUSTO MELODY NEGRO (2.9KG)', 'NS', '209.25', 'NESTLE PERU S.A.', 'ALIMENTOS ENVASADOS', 'CAFÉ', '10', '0', null, '100', '10902', 'Almacen01', '100', '01.A.a.1', '0', null, '0', null, null, null);
INSERT INTO `productos` VALUES ('9378', 'HORNIMANS TÉ VERDE (25UND)', 'NS', '4.03', 'AXUR S.A.', 'ALIMENTOS ENVASADOS', 'CAFE, TE', '10', '0', null, '100', '10137', 'Almacen01', '100', '01.A.a.1', '0', null, '0', null, null, null);
INSERT INTO `productos` VALUES ('9409', 'HORNIMANS TÉ NARANJA (25UND)', 'NS', '1.67', 'AXUR S.A.', 'ALIMENTOS ENVASADOS', 'CAFE, TE', '10', '0', null, '100', '10137', 'Almacen01', '100', '01.A.a.1', '0', null, '0', null, null, null);
INSERT INTO `productos` VALUES ('9444', 'GRETEL PIE DE LIMON (6x42GR)', 'NS', '2.90', 'MOLITALIA S.A.', 'GOLOSINAS', 'GALLETAS', '10', '0', null, '100', '10139', 'Almacen01', '100', '01.A.a.1', '0', null, '0', null, null, null);
INSERT INTO `productos` VALUES ('9465', 'HUEVO PAÑUELO VIZZIO (160GR)', 'NS', '8.27', 'MOLITALIA S.A.', 'GOLOSINAS', 'CHOCOLATES', '10', '0', null, '100', '10139', 'Almacen01', '100', '01.A.a.1', '0', null, '0', null, null, null);
INSERT INTO `productos` VALUES ('9471', 'GLORIA YOGURT FRUTADO FRESA (120GR)', 'NS', '0.99', 'GLORIA S.A.', 'BEBIDAS', 'YOGURT', '10', '0', null, '100', '10430', 'Almacen01', '100', '01.A.a.1', '0', null, '0', null, null, null);
INSERT INTO `productos` VALUES ('9475', 'GLORIA YOGURT FRUTADO DURAZNO (120GR)', 'NS', '0.99', 'GLORIA S.A.', 'BEBIDAS', 'YOGURT', '10', '0', null, '100', '10430', 'Almacen01', '100', '01.A.a.1', '0', null, '0', null, null, null);
INSERT INTO `productos` VALUES ('9534', 'ADAMS TRIDENT SANDIA (18x8.5GR)', 'NS', '16.59', 'KRAFT FOODS PERU S.A.', 'GOLOSINAS', 'GOMA DE MASCAR', '10', '0', null, '100', '10134', 'Almacen01', '100', '01.A.a.1', '0', null, '0', null, null, null);
INSERT INTO `productos` VALUES ('9544', 'CHOCODONUTS CRUNCH (6x38GR)', 'NS', '2.83', 'MOLITALIA S.A.', 'GOLOSINAS', 'GALLETAS', '10', '0', null, '100', '10139', 'Almacen01', '100', '01.A.a.1', '0', null, '0', null, null, null);
INSERT INTO `productos` VALUES ('9554', 'MR. CHIPS PAPAS NATURALES (190GR)', 'NS', '4.06', 'DEPRODECA SAC', 'SNACKS', 'SNACKS', '10', '0', null, '100', '10520', 'Almacen01', '100', '01.A.a.1', '0', null, '0', null, null, null);
INSERT INTO `productos` VALUES ('9594', 'HELLOW PANDA CHICO  FRESA (35GR)', 'NS', '1.39', 'KMC INTERNATIONAL SAC', 'GOLOSINAS', 'CHOCOLATES', '10', '0', null, '100', '10531', 'Almacen01', '100', '01.A.a.1', '0', null, '0', null, null, null);
INSERT INTO `productos` VALUES ('9595', 'HELLOW PANDA CHICO LECHE (35GR)', 'NS', '1.39', 'KMC INTERNATIONAL SAC', 'GOLOSINAS', 'CHOCOLATES', '10', '0', null, '100', '10531', 'Almacen01', '100', '01.A.a.1', '0', null, '0', null, null, null);
INSERT INTO `productos` VALUES ('9597', 'SODA FIELD AGUA (6x32GR)', 'NS', '2.60', 'KRAFT FOODS PERU S.A.', 'GOLOSINAS', 'GALLETAS', '10', '0', null, '100', '10134', 'Almacen01', '100', '01.A.a.1', '0', null, '0', null, null, null);
INSERT INTO `productos` VALUES ('9743', 'HORNIMANS TILO (25UND)', 'NS', '3.80', 'AXUR S.A.', 'ALIMENTOS ENVASADOS', 'CAFE, TE', '10', '0', null, '100', '10137', 'Almacen01', '100', '01.A.a.1', '0', null, '0', null, null, null);
INSERT INTO `productos` VALUES ('9750', 'GLORIA CHICHA MORADA (1.5LT)', 'NS', '3.01', 'GLORIA S.A.', 'BEBIDAS', 'JUGOS Y NECTARES', '10', '0', null, '100', '10430', 'Almacen01', '100', '01.A.a.1', '0', null, '0', null, null, null);
INSERT INTO `productos` VALUES ('9770', 'GLORIA LECHE EVAP. DESLACTOSADA (410GR)', 'NS', '3.20', 'GLORIA S.A.', 'ALIMENTOS ENVASADOS', 'LACTEOS', '10', '0', null, '100', '10430', 'Almacen01', '100', '01.A.a.1', '0', null, '0', null, null, null);
INSERT INTO `productos` VALUES ('9773', 'MENTITAS MASTICABLES (20x16.2GR)', 'NS', '6.32', 'MOLITALIA S.A.', 'GOLOSINAS', 'CARAMELOS', '10', '0', null, '100', '10139', 'Almacen01', '100', '01.A.a.1', '0', null, '0', null, null, null);
INSERT INTO `productos` VALUES ('9774', 'CARAMELOS FULL MASTICABLES (20x16.2GR)', 'NS', '6.33', 'MOLITALIA S.A.', 'GOLOSINAS', 'CARAMELOS', '10', '0', null, '100', '10139', 'Almacen01', '100', '01.A.a.1', '0', null, '0', null, null, null);
INSERT INTO `productos` VALUES ('9785', 'OREO DUO (6x36GR)', 'NS', '3.46', 'KRAFT FOODS PERU S.A.', 'GOLOSINAS', 'GALLETAS', '10', '0', null, '100', '10134', 'Almacen01', '100', '01.A.a.1', '0', null, '0', null, null, null);
INSERT INTO `productos` VALUES ('9788', 'NESTLE SUBLIME BOMBOM (50x8GR)', 'NS', '12.33', 'NESTLE PERU S.A.', 'GOLOSINAS', 'CHOCOLATES', '10', '0', null, '100', '10902', 'Almacen01', '100', '01.A.a.1', '0', null, '0', null, null, null);
INSERT INTO `productos` VALUES ('9792', 'MAGGIE CREMA DE ESPARRAGOS (68GR)', 'NS', '1.64', 'NESTLE PERU S.A.', 'ALIMENTOS ENVASADOS', 'SALSAS Y CONDIMENTOS', '10', '0', null, '100', '10902', 'Almacen01', '100', '01.A.a.1', '0', null, '0', null, null, null);
INSERT INTO `productos` VALUES ('9816', 'MR. CHIPS CHIFLES SALADOS (40GR)', 'NS', '0.82', 'DEPRODECA SAC', 'SNACKS', 'SNACKS', '10', '0', null, '100', '10520', 'Almacen01', '100', '01.A.a.1', '0', null, '0', null, null, null);
INSERT INTO `productos` VALUES ('9850', 'ACEITE PRIMOR BIDON (5LT)', 'NS', '35.08', 'ALICORP S.A', 'ALIMENTOS ENVASADOS', 'ACEITE VEGETAL', '10', '0', null, '100', '10015', 'Almacen01', '100', '01.A.a.1', '0', null, '0', null, null, null);
INSERT INTO `productos` VALUES ('9863', 'PANETON DONOFRIO LATA (900GR)', 'NS', '29.94', 'NESTLE PERU S.A.', 'PANETONES', 'PANETONES', '10', '0', null, '100', '10902', 'Almacen01', '100', '01.A.a.1', '0', null, '0', null, null, null);
INSERT INTO `productos` VALUES ('9864', 'PANETON MOTTA CAJA (900GR)', 'NS', '19.09', 'NESTLE PERU S.A.', 'PANETONES', 'PANETONES', '10', '0', null, '100', '10902', 'Almacen01', '100', '01.A.a.1', '0', null, '0', null, null, null);
INSERT INTO `productos` VALUES ('9866', 'PANETON MOTTA BOLSA (900GR)', 'NS', '16.91', 'NESTLE PERU S.A.', 'PANETONES', 'PANETONES', '10', '0', null, '100', '10902', 'Almacen01', '100', '01.A.a.1', '0', null, '0', null, null, null);
INSERT INTO `productos` VALUES ('9867', 'PANETON DONOFRIO BOLSA (900GR)', 'NS', '19.02', 'NESTLE PERU S.A.', 'PANETONES', 'PANETONES', '10', '0', null, '100', '10902', 'Almacen01', '100', '01.A.a.1', '0', null, '0', null, null, null);
INSERT INTO `productos` VALUES ('9883', 'GLORIA QUESO BONLE EDAM TAJADAS TERMOF. (100GR)', 'NS', '3.21', 'GLORIA S.A.', 'ALIMENTOS ENVASADOS', 'LACTEOS', '10', '0', null, '100', '10430', 'Almacen01', '100', '01.A.a.1', '0', null, '0', null, null, null);
INSERT INTO `productos` VALUES ('9892', 'ADAMS HALLS BARRA YERBABUENA (12x34GR)', 'NS', '9.89', 'KRAFT FOODS PERU S.A.', 'GOLOSINAS', 'CARAMELOS', '10', '0', null, '100', '10134', 'Almacen01', '100', '01.A.a.1', '0', null, '0', null, null, null);
INSERT INTO `productos` VALUES ('9948', 'NESTLE CEREAL CHOCAPIC (250GR)', 'NS', '8.60', 'NESTLE PERU S.A.', 'ALIMENTOS ENVASADOS', 'CEREALES', '10', '0', null, '100', '10902', 'Almacen01', '100', '01.A.a.1', '0', null, '0', null, null, null);

-- ----------------------------
-- Table structure for proveedores
-- ----------------------------
DROP TABLE IF EXISTS `proveedores`;
CREATE TABLE `proveedores` (
  `id` int(11) NOT NULL,
  `RAZON_SOCIAL` varchar(255) DEFAULT NULL,
  `RUC` varchar(255) DEFAULT NULL,
  `DIRECCION` varchar(255) DEFAULT NULL,
  `DISTRITO` varchar(255) DEFAULT NULL,
  `SEGMENTO` varchar(255) DEFAULT NULL,
  PRIMARY KEY (`id`),
  KEY `COD` (`id`)
) ENGINE=InnoDB DEFAULT CHARSET=latin1;

-- ----------------------------
-- Records of proveedores
-- ----------------------------
INSERT INTO `proveedores` VALUES ('10000', 'OPERADORA LOGISTICA INTEGRA S.A.C.', '20430178963', 'CALLE 3 MZ-B SUBLOTE-02  COOP LAS VERTIENTES', 'VILLA EL SALVADOR', 'PROVEEDORES');
INSERT INTO `proveedores` VALUES ('10010', 'DROKASA PERU S.A.', '20262786511', 'AV. 28 DE JULIO NRO. 150', 'MIRAFLORES', 'PROVEEDORES');
INSERT INTO `proveedores` VALUES ('10014', 'SERPEL PERU S.A.', '20250183977', 'BENJAMIN FRANKLIN 252 URB. SANTA ROSA', 'ATE', 'PROVEEDORES');
INSERT INTO `proveedores` VALUES ('10015', 'ALICORP S.A', '20100055237', 'AV. ARGENTINA 4793 CARMEN DE LA LEGUA', 'CALLAO', 'PROVEEDORES');
INSERT INTO `proveedores` VALUES ('10046', 'BODEGAS Y VIÑEDOS TABERNERO S.A.', '20104505784', 'AV. BENAVIDES 474 ', 'MIRAFLORES', 'PROVEEDORES');
INSERT INTO `proveedores` VALUES ('10050', 'COLGATE PALMOLIVE PERU S.A.', '20100919002', 'AV. GRIMALDO DEL SOLAR 346', 'MIRAFLORES', 'PROVEEDORES');
INSERT INTO `proveedores` VALUES ('10051', 'COMPAÑIA CERVECERA AMBEV PERU S.A.C.', '20506228515', 'Av . Los Laureles Mza. A Lote 4 ', 'SAN JUAN DE LURIGANCHO', 'PROVEEDORES');
INSERT INTO `proveedores` VALUES ('10059', 'DESTILERIAS UNIDAS S.A.C.', '20222335052', 'AV. LA MOLINA 140', 'ATE', 'PROVEEDORES');
INSERT INTO `proveedores` VALUES ('10060', 'DIAGEO PERU S.A.', '20263158327', 'AV. CANAVAL Y MOREYRA 480 OF. 1301', 'SAN ISIDRO', 'PROVEEDORES');
INSERT INTO `proveedores` VALUES ('10063', 'DISTRIBUIDORA SUMON S.R.L.', '20122377238', 'AV. CANADA 3770', 'SAN LUIS', 'PROVEEDORES');
INSERT INTO `proveedores` VALUES ('10064', 'DROKASA LICORES S.A.', '20508783338', 'JR. MARISCAL MILLER 210', 'LINCE', 'PROVEEDORES');
INSERT INTO `proveedores` VALUES ('10124', 'EUROGOURMET S.A.C.', '20504336507', 'AV. DEL EJERCITO 1251', 'MIRAFLORES', 'PROVEEDORES');
INSERT INTO `proveedores` VALUES ('10126', 'GUSTAVO EGUREN S.A.', '20100041368', 'JR. CAMANA 780 ', 'CERCADO DE LIMA', 'PROVEEDORES');
INSERT INTO `proveedores` VALUES ('10132', 'KC TRADING S.A.C.', '20502545699', 'CAL. GRAL MENDIBURU NRO. 665', 'MIRAFLORES', 'PROVEEDORES');
INSERT INTO `proveedores` VALUES ('10134', 'KRAFT FOODS PERU S.A.', '20100164010', 'AV. VENEZUELA 2470 ', 'CERCADO DE LIMA', 'PROVEEDORES');
INSERT INTO `proveedores` VALUES ('10137', 'AXUR S.A.', '20427919111', 'Av. Aviación 2405', 'SAN BORJA', 'PROVEEDORES');
INSERT INTO `proveedores` VALUES ('10138', 'MOLINO PACIFICO S.A.C.', '20499860332', 'CALLE LORETO 358-A SANTA PATRICIA II ETAPA', 'SANTA ANITA', 'PROVEEDORES');
INSERT INTO `proveedores` VALUES ('10139', 'MOLITALIA S.A.', '20100035121', 'AV. VENEZUELA 2850 /3040 /3046', 'CERCADO DE LIMA', 'PROVEEDORES');
INSERT INTO `proveedores` VALUES ('10141', 'PANADERIA SAN JORGE S.A.', '20100093830', 'AV. CARLOS VILLARAN 1050', 'CERCADO DE LIMA', 'PROVEEDORES');
INSERT INTO `proveedores` VALUES ('10143', 'PRODUCTOS ALIMENTICIOS CARTER S.A.', '20378466866', 'CARRETERA CENTRAL KM 10.8', 'ATE', 'PROVEEDORES');
INSERT INTO `proveedores` VALUES ('10144', 'PRODUCTOS TISSUE DEL PERU S.A.', '20266352337', 'AV. SANTA ROSA 550', 'SANTA ANITA', 'PROVEEDORES');
INSERT INTO `proveedores` VALUES ('10145', 'QUIMICA SUIZA S.A.', '20100085225', 'AV REPUBLICA DE PANAMA 2577', 'LA VICTORIA', 'PROVEEDORES');
INSERT INTO `proveedores` VALUES ('10146', 'SANTIAGO QUEIROLO S.A.C.', '20100097746', 'AV. SAN MARTIN 1062', 'PUEBLO LIBRE', 'PROVEEDORES');
INSERT INTO `proveedores` VALUES ('10147', 'SEVEN DRINKS S.A.C.', '20505166362', 'AV. PASEO DE LA REPUBLICA NRO. 291 INT. 1302', 'CERCADO DE LIMA', 'PROVEEDORES');
INSERT INTO `proveedores` VALUES ('10152', 'VISTONY CIA. INDUSTRIAL DEL PERU S.A.', '20102306598', 'AV. PARQUE INDUSTRIAL MZ B-1 LT 1 ACOMPIA', 'ANCON', 'PROVEEDORES');
INSERT INTO `proveedores` VALUES ('10153', 'VIÑA OCUCAJE S.A.', '20100048371', 'PSJE. JULIO VEGA SOLIS LOTE 7', 'CHORRILLOS', 'PROVEEDORES');
INSERT INTO `proveedores` VALUES ('10158', 'GALAXY REPRESENTACIONES S.R.L.', '20216358121', 'AV. LOS ABETOS MZ. J LTE. 2 SALAMANCA', 'ATE', 'PROVEEDORES');
INSERT INTO `proveedores` VALUES ('10160', 'INDUSTRIAS ALIMENTICIAS CUZCO S.A.', '20114759733', 'AV. SAN LUIS NRO. 890 URB. LAS MORAS', 'SAN LUIS', 'PROVEEDORES');
INSERT INTO `proveedores` VALUES ('10170', 'INVERSIONES NEPTUNO S.A.', '20294328051', 'AV. LA MAR 1390 SANTA CRUZ', 'MIRAFLORES', 'PROVEEDORES');
INSERT INTO `proveedores` VALUES ('10172', 'L.C. GROUP S.A.C.', '20341946531', 'JR. PERSEO NRO. 152 URB. LA CAMPIÑA ', 'CHORRILLOS', 'PROVEEDORES');
INSERT INTO `proveedores` VALUES ('10173', 'PRO VALLE ALIMENTOS S.A.C.', '20254664465', 'AV. FELIPE SANTIAGO CRESPO 406 LIMA', 'SAN LUIS', 'PROVEEDORES');
INSERT INTO `proveedores` VALUES ('10174', 'FABRICA NACIONAL DE LICORES S.A.', '20100152437', 'CALLE CAMINO REAL 1801', 'SANTIAGO DE SURCO', 'PROVEEDORES');
INSERT INTO `proveedores` VALUES ('10178', 'GIOL S.A.C.', '20463259829', 'CALLE LAS CAMELIAS 725 PISO 4', 'SAN ISIDRO', 'PROVEEDORES');
INSERT INTO `proveedores` VALUES ('10251', 'DROSAN S.A.C.', '20511437955', 'JR. LOS INDUSTRIALES 141 URB LA RIVERA', 'LA MOLINA', 'PROVEEDORES');
INSERT INTO `proveedores` VALUES ('10255', 'UNILEVER ANDINA PERU S.A.', '20100003946', 'FRANCISCO GRAÑA 155 STA CATALINA', 'LA VICTORIA', 'PROVEEDORES');
INSERT INTO `proveedores` VALUES ('10291', 'YICHANG & CIA. S.A.', '20100030838', 'CALLE 31 Nº 125 URB. CORPAC', 'SAN ISIDRO', 'PROVEEDORES');
INSERT INTO `proveedores` VALUES ('10354', 'AGRICOLA VIÑA VIEJA VIÑA STA ISABEL SAC. ', '20104443819', 'Av. Shell 343 Oficina 603 ', 'MIRAFLORES', 'PROVEEDORES');
INSERT INTO `proveedores` VALUES ('10360', 'MASTER FOODS PERU SCRL', '20502333322', 'AV. REPUBLICA DE PANAMA 3535  OF- 1402  C/CANAVAL Y MOREYRA', 'SAN ISIDRO', 'PROVEEDORES');
INSERT INTO `proveedores` VALUES ('10372', 'NEXTEL DEL PERU S.A.', '20106897914', 'CAL. LOS NARDOS NRO. 1018 INT. PS5 ', 'SAN ISIDRO', 'PROVEEDORES');
INSERT INTO `proveedores` VALUES ('10377', 'BEIERSDORF SAC', '20100165504', 'AV. LARCO NRO. 1301 DPTO. 1802 TORRE PARQUE MAR', 'CERCADO DE LIMA', 'PROVEEDORES');
INSERT INTO `proveedores` VALUES ('10407', 'COMERCIAL FGF S.A.C.', '20512488219', 'Av. San Marcos Mz. O1 Lt. 1A Urb. Huertos de Villa', 'CHORRILLOS', 'PROVEEDORES');
INSERT INTO `proveedores` VALUES ('10412', 'JOHNSON & JOHNSON DEL PERU S.A.', '20204441007', 'AV. JAVIER PRADO ESTE 6230 -  2DO PISO', 'LA MOLINA', 'PROVEEDORES');
INSERT INTO `proveedores` VALUES ('10430', 'GLORIA S.A.', '20100190797', 'AV. REPUBLICA DE PANAMA NRO. 2461 URB. SANTA CATALINA', 'LA VICTORIA', 'PROVEEDORES');
INSERT INTO `proveedores` VALUES ('10432', 'INVERSIONES RIND S.A.C.', '20507999302', 'CAL. ROMA NRO. 275', 'SAN ISIDRO', 'PROVEEDORES');
INSERT INTO `proveedores` VALUES ('10442', 'TECNOLOGIA AGROINDUSTRIAL S.A.C.', '20474676596', 'AV. ARGENTINA 2951', 'CALLAO', 'PROVEEDORES');
INSERT INTO `proveedores` VALUES ('10483', 'SNACKS AMERICA LATINA S.R.L.', '20297182456', 'AV. CRNEL. FRANCISCO BOLOGNESI 500', 'SANTA ANITA', 'PROVEEDORES');
INSERT INTO `proveedores` VALUES ('10485', 'PERFORMANCE S.R.L.', '20106911500', 'AV. LAS CODORNICES 282 LIMATAMBO', 'SURQUILLO', 'PROVEEDORES');
INSERT INTO `proveedores` VALUES ('10494', 'PROCTER & GAMBLE PERU S.R.L.', '20100127165', 'AV. PARDO Y ALIAGA NRO. 695', 'SAN ISIDRO', 'PROVEEDORES');
INSERT INTO `proveedores` VALUES ('10513', 'SC JOHNSON & SON DEL PERU SA', '20386825042', 'AV. REPUBLICA DE PANAMA NRO. 3545 INT. 702', 'SAN ISIDRO', 'PROVEEDORES');
INSERT INTO `proveedores` VALUES ('10519', 'MUNDO VINOS SAC', '20503300363', 'MALECON MIGUEL GRAU 543 OF.701 ', 'CHORRILLOS', 'PROVEEDORES');
INSERT INTO `proveedores` VALUES ('10520', 'DEPRODECA SAC', '20467539842', 'AV. REPUBLICA  DE PANAMA 2457', 'LA VICTORIA', 'PROVEEDORES');
INSERT INTO `proveedores` VALUES ('10522', 'AJEPER S.A.', '20331061655', 'AV. LA PAZ MZA. A LOTE. 30 SANTA MARIA DE HUACHIPA', 'CERCADO DE LIMA', 'PROVEEDORES');
INSERT INTO `proveedores` VALUES ('10531', 'KMC INTERNATIONAL SAC', '20516804484', 'CALLE RIO PIURA NRO. 120 URB. MARISCAL CASTILLA', 'SAN LUIS', 'PROVEEDORES');
INSERT INTO `proveedores` VALUES ('10532', 'PRODUCTOS PIT S.C.R.L.', '20154647121', 'JR. AUGUSTO DURAND NRO. 2141', 'SAN LUIS', 'PROVEEDORES');
INSERT INTO `proveedores` VALUES ('10545', 'DROGUERIA ACTIVITY CENTER S.A.C.', '20101988288', 'CAL. LOS TELARES NRO. 281 URB. INDUSTRIAL VULCANO ', 'ATE', 'PROVEEDORES');
INSERT INTO `proveedores` VALUES ('10548', 'PROCESADORA DE ALIMENTOS Y BEBIDAS SANTA INES S.A.C.', '20515186167', 'AV. SEPARADORA INDUSTRIAL NRO. 1036 URB. OLIMPO ', 'ATE', 'PROVEEDORES');
INSERT INTO `proveedores` VALUES ('10562', 'CASA BANCHERO DISTRIBUIDORA S.A.C.', '20516922843', 'CAL. VILLARAN CARLOS NRO. 1053 URB. SANTA CATALINA ', 'LA VICTORIA', 'PROVEEDORES');
INSERT INTO `proveedores` VALUES ('10569', 'INDUSTRIAS AGRICOLAS SRL', '20167232745', 'URB. CLARE #1 PIURA', 'CERCADO DE LIMA', 'PROVEEDORES');
INSERT INTO `proveedores` VALUES ('10606', 'DOMINION PACIFICO S.A.C', '20513935626', 'AV. LARCO NRO. 101 DPTO. 802 ', 'MIRAFLORES', 'PROVEEDORES');
INSERT INTO `proveedores` VALUES ('10633', 'MOLINOS DEL PERU S.A.C', '20506395179', 'AV. ALEJANDRO BERTELLO NRO. 223 URB. BOCANEGRA ', 'CALLAO', 'PROVEEDORES');
INSERT INTO `proveedores` VALUES ('10634', 'MISTROSANTI SAC', '20377838972', 'AV. MARISCAL A CACERES NRO. 146', 'MIRAFLORES', 'PROVEEDORES');
INSERT INTO `proveedores` VALUES ('10642', 'PERUFARMA S A', '20100052050', 'JR. STA FRANCISCA ROMANA NRO. 1092 URB. PANDO III ETAPA', 'CERCADO DE LIMA', 'PROVEEDORES');
INSERT INTO `proveedores` VALUES ('10647', 'PEPSI COLA PANAMERICANA S.R.L.', '20505234970', 'CALL. ESQUILACHE 371 PISO 15 ', 'SAN ISIDRO', 'PROVEEDORES');
INSERT INTO `proveedores` VALUES ('10696', 'INVERSIONES LUISITO S.A.C.', '20510848536', 'PJ. 24 DE JUNIO PUESTO 29 MERC. DE PRODUCTORES ', 'SANTA ANITA', 'PROVEEDORES');
INSERT INTO `proveedores` VALUES ('10697', 'INDUSTRIAL PERUANA HOLANDESA S.A.C.', '20509803162', 'JR. LA LAGUNA NRO. 537 URB. CLUB CAMPESTRE LA LAGUNA', 'LA MOLINA', 'PROVEEDORES');
INSERT INTO `proveedores` VALUES ('10728', 'L\'ONDA BEVERAGE CO SAC', '20516992973', 'AV. Javier Prado 5250 of 221', 'LA MOLINA', 'PROVEEDORES');
INSERT INTO `proveedores` VALUES ('10790', 'MV TRADING S.A.C.', '20492686701', 'CAL. VENECIA NRO. 260 INT. 402 ', 'MIRAFLORES', 'PROVEEDORES');
INSERT INTO `proveedores` VALUES ('10809', 'PREMIUM BRANDS S.A.C.', '20515112554', 'Calle San Martín s/n Urb. Las Brisas de Lurín', 'LURIN', 'PROVEEDORES');
INSERT INTO `proveedores` VALUES ('10816', '11 Y 6 ENTRETENIMIENTO S.A.C.-SURCO', '20517232522', 'AV. CAMINOS DEL INCA 331 URB. CHACARILLA', 'SANTIAGO DE SURCO', 'PROVEEDORES');
INSERT INTO `proveedores` VALUES ('10829', 'NEW POWER INTERNACIONAL S.A.C', '20296570509', 'AV. SEPARADORA INDUSTRIAL Nº 3432 - 3436 ', 'ATE', 'PROVEEDORES');
INSERT INTO `proveedores` VALUES ('10850', 'COMERCIALIZADORA DE ALIMENTOS Y ABARROTES S.A.', '20511908745', 'CAL. LUIS GALVANI NRO. 144 URB. SANTA ROSA ', 'ATE', 'PROVEEDORES');
INSERT INTO `proveedores` VALUES ('10887', 'BEBIDAS ALTERNATIVAS SAC', '20515225243', 'AV. CAMINOS DEL INCA NRO. 1286 DPTO. 101 URB. LA ALBORADA', 'SANTIAGO DE SURCO', 'PROVEEDORES');
INSERT INTO `proveedores` VALUES ('10902', 'NESTLE PERU S.A.', '20263322496', 'AV. LOS CASTILLOS CRDA. 3 ZONA INDU. SANTA ROSA', 'ATE', 'PROVEEDORES');
INSERT INTO `proveedores` VALUES ('10906', 'A.J. VIERCI PERU S.A.C. ', '20518330315', 'AV. JOSE PARDO NRO. 1167 DPTO. 301 ', 'MIRAFLORES', 'PROVEEDORES');
INSERT INTO `proveedores` VALUES ('10916', 'DISTRIBUIDORA ANGELA S.A.C.', '20522286894', 'PJ. 24 NRO. 29 MERCADO DE PRODUCTORES LIMA ', 'SANTA ANITA', 'PROVEEDORES');
INSERT INTO `proveedores` VALUES ('10945', 'PRODUCTOS ORIUNDO S.A.C.', '20502956133', 'AV. SALVADOR ALLENDE  S/N  ', 'SAN JUAN DE MIRAFLORES', 'PROVEEDORES');
INSERT INTO `proveedores` VALUES ('10956', 'HIPERMERCADO TOTTUS S.A.', '20508565934', 'AV. DEFENSORES DEL MORRO 1350', 'CHORRILLOS', 'PROVEEDORES');
INSERT INTO `proveedores` VALUES ('10961', 'GRUPO LAMA S.A.C', '20509396001', 'Av. Boulevard 464 - Piso 3 ', 'SAN BORJA', 'PROVEEDORES');
INSERT INTO `proveedores` VALUES ('10967', 'CORPORACION MARCO DEL PERU S.A.C.', '20522242251', 'PSJ 24 JUNIO PUESTO 35 MERCADO DE PRODUCTORES', 'SANTA ANITA', 'PROVEEDORES');
INSERT INTO `proveedores` VALUES ('10974', 'REPRESENTACIONES KEBIRA E.I.R.L.', '20521370395', 'LOS UPIS DE SAN JOSE MZ-W LT-1', 'PACHACAMAC', 'PROVEEDORES');
INSERT INTO `proveedores` VALUES ('10976', 'DAWUS S.A.C.', '20510858094', 'AV. CARLOS ALAYZA Y ROEL NRO. 2112 DPTO. K', 'LINCE', 'PROVEEDORES');
INSERT INTO `proveedores` VALUES ('10983', 'DILOC S.A.', '20521861372', 'CALLE SANTA LUCIA 296 URB. INDUSTRIAL LA AURORA', 'ATE', 'PROVEEDORES');
INSERT INTO `proveedores` VALUES ('11030', 'R.M. INVERSIONES E.I.R.L.', '20470006961', 'AV. GUARDIA PERUANA MZ-D LT-11', 'CHORRILLOS', 'PROVEEDORES');
INSERT INTO `proveedores` VALUES ('11042', 'REPRESENTACIONES EXCLUSIVAS S.A.C.', '20439047799', 'JR. HUASCAR NRO. 252 INT. 1 URB. SANTA MARIA LA LIBERTAD ', 'TRUJILLO', 'PROVEEDORES');
INSERT INTO `proveedores` VALUES ('11062', 'CLUTE S.A.', '88888888888', 'RICARDO ALGULO 782 CORPAC', 'SAN ISIDRO', 'PROVEEDORES');
INSERT INTO `proveedores` VALUES ('11081', 'CIRQIT PERU SOCIEDAD COMERCIAL DE RESPONSABILIDAD LIMITADA', '20511624631', 'RIVERA NAVARRETE 765 OFICINA 112 ', 'SAN ISIDRO', 'PROVEEDORES');
INSERT INTO `proveedores` VALUES ('11091', 'LA CASA DEL EXTINTOR S.A.', '20506194947', 'RICCARDO ANGULO 782 URB. CORPAC', 'SAN ISIDRO', 'PROVEEDORES');
INSERT INTO `proveedores` VALUES ('11092', 'BERGELUND S.A.C.', '20501837009', 'CAL. CONTRALMIRANTE MONTERO NRO. 480', 'MIRAFLORES', 'PROVEEDORES');
INSERT INTO `proveedores` VALUES ('11112', 'COMPAÑIA NACIONAL DE SERVICIOS Y EMPAQUES S.A.C.', '20507102035', 'CAL. EL AMAUTA MZA-Q LT-9 URB. SAN JUAN BAUTISTA D VILLA LIMA ', 'CHORRILLOS', 'PROVEEDORES');
INSERT INTO `proveedores` VALUES ('11116', 'AREQUIPA EXPRESO MARVISUR EIRL', '20498189637', 'CAL. GARCI CARBAJAL NRO. 511 URB. IV CENTENARIO ', 'AREQUIPA', 'PROVEEDORES');
INSERT INTO `proveedores` VALUES ('11128', 'SCENS S.A.C. ', '20523427670', 'AV. ARENALES 2460', 'LINCE', 'PROVEEDORES');
INSERT INTO `proveedores` VALUES ('11130', 'DISTRIBUIDORA LILIAN MAGDALENA S.A.C. (DISLIMA)', '20513647591', 'PJ. REAL NRO. 2 MERCADO DE PRODUCTORES ', 'SANTA ANITA', 'PROVEEDORES');
INSERT INTO `proveedores` VALUES ('11146', 'LITOGRAFIA MANIX S.A.C.', '20100086621', 'JR. JUAN PABLO VIZCARDO Y GUZMAN 242', 'LA VICTORIA', 'PROVEEDORES');
INSERT INTO `proveedores` VALUES ('11154', 'HELENA VENTAS S.A.C', '20334756832', 'CALLE GRAL IGLESIAS 498', 'MIRAFLORES', 'PROVEEDORES');
INSERT INTO `proveedores` VALUES ('11162', 'DELPHINUS S.A.C', '20492847721', '.', 'ANCON', 'PROVEEDORES');
INSERT INTO `proveedores` VALUES ('11195', 'MIKA INVERSIONES S.A.C-MEGA PLAZA', '20516740656', 'C.C. MEGA PLAZA MODULO 101 K', 'INDEPENDENCIA', 'PROVEEDORES');
INSERT INTO `proveedores` VALUES ('11202', 'GRUPO PILAR S.R.L.', '20522017648', 'JR. MONTYEROSA Nº 256 INTR 1003', 'ANCON', 'PROVEEDORES');
INSERT INTO `proveedores` VALUES ('11208', 'COSECHA DEL PARAISO S.A.C.', '20101942377', 'AV. JOSE GALVEZ 210 ', 'MIRAFLORES', 'PROVEEDORES');
INSERT INTO `proveedores` VALUES ('11212', 'KING DAVID DELICATESSES DEL PERU S.A.C', '20524401577', 'CAL. BOLIVAR NRO. 472 DPTO. 1204', 'MIRAFLORES', 'PROVEEDORES');
INSERT INTO `proveedores` VALUES ('11216', 'IMPORTACIONES MARK PLAS S.A.C', '20510517777', 'JR. PUNO NRO. 768 LIMA ', 'CERCADO DE LIMA', 'PROVEEDORES');
INSERT INTO `proveedores` VALUES ('11218', 'INVERSIONES KIEVA S.A.', '20162720270', 'JR PAITA 111', 'SAN JUAN DE MIRAFLORES', 'PROVEEDORES');
INSERT INTO `proveedores` VALUES ('11228', 'DESTILERIA GRAN CRUZ S.A.C.', '20520902881', 'AV. EL SOL OESTE NRO. 277 LIMA', 'BARRANCO', 'PROVEEDORES');
INSERT INTO `proveedores` VALUES ('11277', 'MERCHANDISING FRESH E.I.R.L', '20503709768', 'PJ. CONOCOCHA NRO. 1801 LIMA ', 'LINCE', 'PROVEEDORES');
INSERT INTO `proveedores` VALUES ('11287', 'KAMILA S.A.C.', '20521878003', 'La chalana 496 urb las lagunas de la molina.', 'LA MOLINA', 'PROVEEDORES');
INSERT INTO `proveedores` VALUES ('11455', 'TECNOLOGICA DE ALIMENTOS S.A.', '20100971772', 'CAL. LAS BEGONIAS NRO. 441 ', 'SAN ISIDRO', 'PROVEEDORES');
INSERT INTO `proveedores` VALUES ('11458', 'COMPAÑIA PERUANA DE PISCO S.A.C.', '20520530569', 'RAMON RIBEYRO 188', 'MIRAFLORES', 'PROVEEDORES');
INSERT INTO `proveedores` VALUES ('11508', 'DISTRIBUIDORA VINUM S.A. - DIVINUM', '20538406121', 'AV. BENJAMIN 252 SANTA ROSA ', 'ATE', 'PROVEEDORES');
INSERT INTO `proveedores` VALUES ('11523', 'VISTONY OIL S.A.C.', '20536305964', 'KM. 46.5 MZA. B1 LOTE. 01 PQUE IND.DE ANCON-ACOMPIA LIMA ', 'ANCON', 'PROVEEDORES');
INSERT INTO `proveedores` VALUES ('11527', 'BIC ANDINA PERU S.A.', '20538725651', 'AV. BOULEVARD MZA. B INT. 302 LOTE. 4 URB. HOGARES DE MONTERRICO', 'SANTIAGO DE SURCO', 'PROVEEDORES');
INSERT INTO `proveedores` VALUES ('11539', 'BEBIDAS RTD S.A.C.', '20538350746', 'AV. BENAVIDES NRO. 474 DPTO. 202 LIMA ', 'MIRAFLORES', 'PROVEEDORES');
INSERT INTO `proveedores` VALUES ('11558', 'DEBRON S.A.', '20268514831', 'AV STA. BERNARDITA Nº 024 - LIMA', 'CERCADO DE LIMA', 'PROVEEDORES');
INSERT INTO `proveedores` VALUES ('11563', 'QUARTA NETWORKS S.A.C.', '20522651932', 'CAL. ANDRES LUNA SEMINARIO MZA. C LOTE. 8 URB. AURORA ESTE ', 'SURQUILLO', 'PROVEEDORES');
INSERT INTO `proveedores` VALUES ('11574', 'DISTRIBUIDORA EKAMA S.A.', '20123110367', 'AV. ALVARES  CALDERON 107', 'SAN ISIDRO', 'PROVEEDORES');
INSERT INTO `proveedores` VALUES ('11593', 'BANG S.A.', '20101063896', 'AV. LOS FRUTALES 391 ', 'ATE', 'PROVEEDORES');
INSERT INTO `proveedores` VALUES ('11634', 'FRUTTIVIDA S.A.C.', '20520907255', 'JR PUERTO CHICAMA MZ F LOTE 13 CEDROS DE VILLA', 'CHORRILLOS', 'PROVEEDORES');
INSERT INTO `proveedores` VALUES ('11637', 'COEXPRA E.I.R.L.', '20298680263', 'AV. LA UNIVERSIDAD 595', 'LA MOLINA', 'PROVEEDORES');
INSERT INTO `proveedores` VALUES ('11691', 'LOGISTI-K FREIGHT S.A.C.', '20509734411', 'JR. SAN LINO NRO. 6316 URB. SANTA LUISA', 'LOS OLIVOS', 'PROVEEDORES');
INSERT INTO `proveedores` VALUES ('11701', 'VASQUEZ CASAS JULIO ALBERTO', '10434654675', 'CAL. LOPEZ DE AYALA NRO. 1691 URB. SAN BORJA SUR ', 'SAN BORJA', 'PROVEEDORES');
INSERT INTO `proveedores` VALUES ('11704', 'CHOCOLATES GURE S.A.C.', '20510928998', 'CALLE CARBONO 260 URB. INDUSTRIAL GRIMANESA', 'CALLAO', 'PROVEEDORES');
INSERT INTO `proveedores` VALUES ('11711', 'OLCESE DISTRIBUCIONES S.A.C.', '20107800477', 'AV. SEPARADORA INDUSTRIAL NRO. 4003 URB. PORTALES DE JAVIER PRADO', 'ATE', 'PROVEEDORES');
INSERT INTO `proveedores` VALUES ('11715', 'DISTRIBUIDORA \"RAFAEL\"', '10225218892', 'AV. DE LA CULTURA MZ. G LT 27 COO. BENMJAMIN DOING', 'SANTA ANITA', 'PROVEEDORES');
INSERT INTO `proveedores` VALUES ('11733', 'AGROMAR INDUSTRIAL S.A.', '20110378956', 'AV. PASEO DE LA REPUBLICA 3195 OF. 902', 'SAN ISIDRO', 'PROVEEDORES');
INSERT INTO `proveedores` VALUES ('11756', 'REPRESENTACIONES DP PERU S.A.C.', '20509103420', 'AV. HAYA DE LA TORRE NRO. 550 URB. SANTA LUISA', 'CALLAO', 'PROVEEDORES');
INSERT INTO `proveedores` VALUES ('11762', 'PANUTS PHARMA S.A.C.', '20476715238', 'CALLE DE LA FUENTE 151', 'MIRAFLORES', 'PROVEEDORES');
INSERT INTO `proveedores` VALUES ('11770', 'TACNA VALLEY E.I.R.L.', '20536804456', 'RODOLFO RUTTE 187 ', 'MAGDALENA DEL MAR', 'PROVEEDORES');
INSERT INTO `proveedores` VALUES ('11779', 'MATTEL PERU S.A.', '20425853865', 'AV. REPUBLICA DE PANAMA NRO. 3531 INT. 1003 ', 'SAN ISIDRO', 'PROVEEDORES');
INSERT INTO `proveedores` VALUES ('11794', 'CORPORACION DALI S.A.C', '20537534185', 'CAL. CAP O. ESPINOZA NRO. 444 DPTO. 201 ', 'SAN ISIDRO', 'PROVEEDORES');
INSERT INTO `proveedores` VALUES ('11821', 'FRUTOS & SNACKS GELCE S.A.C.', '20543675629', 'CAL. HUANCHIHUAYLAS NRO. 181 ', 'ATE', 'PROVEEDORES');
INSERT INTO `proveedores` VALUES ('11932', 'DEXSTORE SAC', '20501895891', 'Av.  Francisco de Cuéllar 600 B 16 urb. San Idelfonso', 'SANTIAGO DE SURCO', 'PROVEEDORES');
INSERT INTO `proveedores` VALUES ('11977', 'SOCIEDAD ANONIMA PAPELSA', '20101927904', 'AV. LAS TORRES MZA. E LOTE. 2 URB. LA CAPITANA STA MARIA DE LIMA ', 'SAN JUAN DE LURIGANCHO', 'PROVEEDORES');
INSERT INTO `proveedores` VALUES ('12024', 'SERVIPACKING S.A.C.', '20508859253', 'AV. AMERICA MZA. I LOTE. 25 COO. AMERICA ', 'SAN JUAN DE MIRAFLORES', 'PROVEEDORES');
INSERT INTO `proveedores` VALUES ('12103', 'ALESA BUSINESS S.A.C.', '20508340690', 'AV. OSCAR BENAVIDES NRO. 642 ', 'CERCADO DE LIMA', 'PROVEEDORES');
INSERT INTO `proveedores` VALUES ('12110', 'INVERSIONES AMDER E.I.R.L.', '20509480649', 'PJ. 24 DE JUNIO NRO. 2 MCDO.DE PRODUCTORES LIMA ', 'SANTA ANITA', 'PROVEEDORES');
INSERT INTO `proveedores` VALUES ('12115', 'DIANA VERONICA PASTOR SARMIENTO ', '10078647413', 'EDIF G MZA. J DPTO. 301 LOTE. 4 URB. LOS ALAMOS DE MONTERRICO LIMA ', 'SANTIAGO DE SURCO', 'PROVEEDORES');
INSERT INTO `proveedores` VALUES ('12116', 'EL POZITO S.A.C.', '20507061177', 'AV. ALVAREZ CALDERON NRO. 111 LIMA', 'SAN ISIDRO', 'PROVEEDORES');
INSERT INTO `proveedores` VALUES ('12124', 'PILCO VILCA PASTORA', '10017045003', 'JR. CASTILLA NRO. 774 INT. B LIMA', 'MAGDALENA DEL MAR', 'PROVEEDORES');
INSERT INTO `proveedores` VALUES ('12137', 'GRUPO KC TRADING S.A.C', '20535735680', 'JR. GENERAL MENDIBURU NRO. 639 ', 'MIRAFLORES', 'PROVEEDORES');
INSERT INTO `proveedores` VALUES ('12181', 'PATO NEGRO S.A. ', '20538866556', 'CALLE BERNARDO MONTEAGUDO 201  ', 'SAN ISIDRO', 'PROVEEDORES');
INSERT INTO `proveedores` VALUES ('12193', 'ACUMEN PERU S.A.C.', '20518633725', 'IGNACIO DE LOYOLA NRO. 106 DPTO. 202 ', 'MIRAFLORES', 'PROVEEDORES');
INSERT INTO `proveedores` VALUES ('12197', 'LUSVAL E.I.R.L. ', '20536159291', 'JR. AYACUCHO NRO. 891 ', 'CERCADO DE LIMA', 'PROVEEDORES');
INSERT INTO `proveedores` VALUES ('12224', 'OSCAR GARIBALDI', '99999999999', 'HERNANDO DE LAVALLE 180', 'CHORRILLOS', 'PROVEEDORES');
INSERT INTO `proveedores` VALUES ('12313', 'CASAS QUEVEDO ROSANA GISELA', '10026193961', 'AV. PIO XII NRO. 271 DPTO. 301 LIMA ', 'SANTIAGO DE SURCO', 'PROVEEDORES');
INSERT INTO `proveedores` VALUES ('12334', 'DANILZA S.A.', '20126895276', 'ANDRES TINOCO No 375 OF. 301 ', 'SANTIAGO DE SURCO', 'PROVEEDORES');
INSERT INTO `proveedores` VALUES ('12342', 'PANUTS VINOS MEMORABLES S.A.C', '20263512945', 'CAL. JUAN DE LA FUENTE NRO. 153 ', 'MIRAFLORES', 'PROVEEDORES');
INSERT INTO `proveedores` VALUES ('12406', 'CARMELITA LIDIA LEON LIBERATO \"COMERCIAL CARMEN\"', '10086686851', 'AV. NICOLAS DE PIEROLA 1946', 'CERCADO DE LIMA', 'PROVEEDORES');
INSERT INTO `proveedores` VALUES ('12450', 'VILLA NATURA PERU S.A.C', '20515696017', 'CAL. LOS CANCHIS NRO. 307 URB. SN.JUAN BAUTISTA', 'CHORRILLOS', 'PROVEEDORES');
INSERT INTO `proveedores` VALUES ('12553', 'ARTIFUM EIRL', '20457454733', 'CAL. MARIANO ODICIO NRO. 498', 'MIRAFLORES', 'PROVEEDORES');
INSERT INTO `proveedores` VALUES ('12590', 'FACTORY VENTAS & SERVICIOS S.A.C.', '20392611461', 'PR HUAYLAS MZA. A LOTE. 18 ASOC NAVIDAD DE VILLA ', 'CHORRILLOS', 'PROVEEDORES');
INSERT INTO `proveedores` VALUES ('12592', 'MAGIC TECHNOLOGIES E.I.R.L.', '20390900407', 'AV. ARENALES NRO. 659 (ALT.BANCO CONTINENTAL)', 'CERCADO DE LIMA', 'PROVEEDORES');
INSERT INTO `proveedores` VALUES ('12594', 'NELLY EMILIA CONDORI RODRIGUEZ', '10456225981', 'CAL. SOLIDARIDAD MZA. J INT. 34 LOTE. 22 PARQUE IND. PARCELA II', 'VILLA EL SALVADOR', 'PROVEEDORES');
INSERT INTO `proveedores` VALUES ('12595', 'SOL SPA EQUIPMENT S.A.C.', '20524039444', 'MZA. D2 LOTE. 16 Z.I. PQ INDUSTRIAL DL CONO SUR (PARCELA 2)', 'VILLA EL SALVADOR', 'PROVEEDORES');
INSERT INTO `proveedores` VALUES ('12596', 'DISTRIBUCIONES Y REPRESENTACIONES LIMATAMBO S.R.L. - DIRELI SRL', '20112827171', 'CAL. VICTOR ALZAMORA NRO. 304 URB. BARRIO ', 'SURQUILLO', 'PROVEEDORES');
INSERT INTO `proveedores` VALUES ('12599', 'AUTOMOTORES SAN LORENZO S.A.C', '20487479064', 'CAR. LAMBAYEQUE KM. 2.5 LAMBAYEQUE', 'CHICLAYO', 'PROVEEDORES');
INSERT INTO `proveedores` VALUES ('12604', 'HACOM S.A.C.', '20520686739', 'CAL. LOS CANARIOS NRO. 134 URB. SAN CESAR 2DA ETAPA ', 'LA MOLINA', 'PROVEEDORES');
INSERT INTO `proveedores` VALUES ('12609', 'ELECTRO FERRETERIA JADIRA E.I.R.L.', '20508048956', 'JR. AZANGARO 970', 'CERCADO DE LIMA', 'PROVEEDORES');
INSERT INTO `proveedores` VALUES ('12610', 'CONSULTING & SOLUTION GROUP S.A.C.', '20508729554', 'AV. BRASIL 453', 'JESUS MARIA', 'PROVEEDORES');
INSERT INTO `proveedores` VALUES ('12639', 'EMPRESA PETEROLERA NOR ANDINA E.I.R.L.', '20487500012', 'MZA-G LT-30 URB. MIRAFLORES', 'CHICLAYO', 'PROVEEDORES');
INSERT INTO `proveedores` VALUES ('12642', 'ADSIBE INVERSIONES GENERALES E.I.R.L.', '20548643296', 'AV. PROC. DE LA INDEPENDENCIA NRO. 555 ', 'SAN JUAN DE LURIGANCHO', 'PROVEEDORES');
INSERT INTO `proveedores` VALUES ('12652', 'CAMILO PALACIO QUISPE', '10103332520', 'PROLONGACION HUAYLAS MZ-1 LT-18 ASOC. NAVIDAD DE VILLA', 'CHORRILLOS', 'PROVEEDORES');
INSERT INTO `proveedores` VALUES ('12657', 'SUPRA LICO S.A.C', '20468944139', 'AV. BELLO HORIZONTE NRO. 660 URB. RICONADA ALTA ', 'LA MOLINA', 'PROVEEDORES');
INSERT INTO `proveedores` VALUES ('12694', 'REYNA BUSTILLOS JORGE RODOLFO  ', '10081652355', 'CAL. HONOLULU NRO. 174 URB. SOL DE LA MOLINA 3ER. ET ', 'LA MOLINA', 'PROVEEDORES');
INSERT INTO `proveedores` VALUES ('12695', 'CASOLI S.A.C.', '20101130160', 'AV. LA MARINA NRO. 2348 (FRENTE A TOTUS)', 'SAN MIGUEL', 'PROVEEDORES');
INSERT INTO `proveedores` VALUES ('12702', 'MAC POINT S.A.C.', '20505121342', 'CAL. SANTA NRO. 226 Z.I. URB.INDUSTRIAL LA AURORA ', 'ATE', 'PROVEEDORES');
INSERT INTO `proveedores` VALUES ('12708', 'FERISEL E.I.R.L.', '20376624375', 'AV. LAS GAVIOTAS NRO. MZZ1 INT. LT17 URB. SANTA LEONOR ', 'CHORRILLOS', 'PROVEEDORES');
INSERT INTO `proveedores` VALUES ('12732', 'BARZOLA ALTAMIRANO YENNY ROCIO', '10415946711', 'PJ. GIRALDEZ NRO. S/N INT. 11 MERC. PRODUCT SANTA ANITA ', 'SANTA ANITA', 'PROVEEDORES');
INSERT INTO `proveedores` VALUES ('12738', 'BODEGAS DON LUIS S.A.C.', '20451583060', 'AV. ALAMEDA LOS PINOS NRO. 574 URB. VILLA MARINA ', 'CHORRILLOS', 'PROVEEDORES');
INSERT INTO `proveedores` VALUES ('12755', 'ALIMENTOS DE EXPORTACION S.R.L.- ALIEX ', '20504187587', 'PARCELA D-14 MZA. S/N LOTE. 03 FUNDO BUENA VISTA ', 'PACHACAMAC', 'PROVEEDORES');
INSERT INTO `proveedores` VALUES ('12777', 'MUEBLES VERA S.A.C.', '20457457597', 'PARCELA II MZ J-1 LT 30 PARQUE INDUSTRIAL ', 'VILLA EL SALVADOR', 'PROVEEDORES');
INSERT INTO `proveedores` VALUES ('12826', 'TARWEX IMPORT S.A.C.', '20536190610', 'JR. CUZCO NRO. 716 INT. 320 (ESQ. CON ANDAHUAYLAS)', 'CERCADO DE LIMA', 'PROVEEDORES');
INSERT INTO `proveedores` VALUES ('12833', 'BHG CORP SAC', '20515327321', 'Calle los Telares 253 Urb. Vulcano', 'ATE', 'PROVEEDORES');
INSERT INTO `proveedores` VALUES ('12836', 'ALDO JOSE OCAÑA VALLE ', '10402083919', 'JR. CAMANA NRO. 1173 INT. 3278', 'CERCADO DE LIMA', 'PROVEEDORES');
INSERT INTO `proveedores` VALUES ('12846', 'NESTLE MARCAS PERU S.A.C.', '20518402839', 'AV. CAMINO REAL 1268 URB. SANTA ISABEL', 'SAN ISIDRO', 'PROVEEDORES');
INSERT INTO `proveedores` VALUES ('12852', 'MD TECH S.A.', '20510352913', 'AV ARAMBURU 888 ', 'SURQUILLO', 'PROVEEDORES');
INSERT INTO `proveedores` VALUES ('12860', 'ORIUNDO EXPORT S.A.C.', '20550006970', 'CAL. GOZZOLI NORTE NRO. 867 URB. SAN BORJA SUR ', 'SAN BORJA', 'PROVEEDORES');
INSERT INTO `proveedores` VALUES ('12907', 'CROMAGRAF E.I.R.L.', '20503741149', 'CALLE LUIS CARRANZA 2200 ', 'CERCADO DE LIMA', 'PROVEEDORES');
INSERT INTO `proveedores` VALUES ('12940', 'REPUESTERA A.H. E.I.R.L.', '20510292082', 'AV. ANGAMOS ESTE NRO. 1025 (ENTRE LA VIA EXPRESA Y AV.ANGAMOS)', 'SURQUILLO', 'PROVEEDORES');
INSERT INTO `proveedores` VALUES ('12980', 'ON GO ENERGY PERU S.A.C.', '20545088836', 'CAL. VENEZIA NRO. 295 DPTO. 102', 'SAN BORJA', 'PROVEEDORES');
INSERT INTO `proveedores` VALUES ('13041', 'INVERSIONES A & C S.A.C.', '20508446501', 'AV. IGNACIO MERINO NRO. 1936', 'LINCE', 'PROVEEDORES');
INSERT INTO `proveedores` VALUES ('13076', 'TIZIANNI PERU S.A.C.', '20547892039', 'AV. EL CORTIJO NRO. 146B URB. EL DERBY ', 'SANTIAGO DE SURCO', 'PROVEEDORES');
INSERT INTO `proveedores` VALUES ('13077', 'EDITA ESTELA TORRES ', '10277513051', 'AV. LA MOLINA NRO. 2840 INT. TD-B URB. LOS MOLINOS ', 'LA MOLINA', 'PROVEEDORES');
INSERT INTO `proveedores` VALUES ('13092', 'FORMAS UNIVERSALES S.A.C.', '20509962392', 'CAL. CONSTELACION AUSTRAL NRO. 149 URB. LA CAMPIÑA ', 'CHORRILLOS', 'PROVEEDORES');
INSERT INTO `proveedores` VALUES ('13118', 'GRUPO LODI SRL', '20502407385', 'CAL. EDGAR ZUÑIGA NRO. 165 URB. LA VIÑA', 'SAN LUIS', 'PROVEEDORES');
INSERT INTO `proveedores` VALUES ('13122', 'EXPERTISE PERU S.A.C.', '20546493475', 'JR. AMAZONAS 205', 'MAGDALENA DEL MAR', 'PROVEEDORES');
INSERT INTO `proveedores` VALUES ('13161', 'DESTILERIA LA CARAVEDO SRL.', '20524386241', 'JORGE BASADRE 310 DPTO. 501 ', 'SAN ISIDRO', 'PROVEEDORES');
INSERT INTO `proveedores` VALUES ('13169', 'FERRETERIA ROSITA EIRL', '20381775918', 'AV. GUARDIA CIVIL NRO. 221 URB. LA CAMPIñA ', 'CHORRILLOS', 'PROVEEDORES');
INSERT INTO `proveedores` VALUES ('13183', 'JAIME TEODORO CAMPUSANO RODRIGUEZ', '10094929933', 'CALLE EL UNIVERSO MZ-W INT-2B LT-2', 'CHORRILLOS', 'PROVEEDORES');
INSERT INTO `proveedores` VALUES ('13184', 'JACKELINE GAMARRA CHAVARRIA', '10410191062', 'NATIVIDAD DE VILLA MZ-A LT-26 ', 'CHORRILLOS', 'PROVEEDORES');
INSERT INTO `proveedores` VALUES ('13188', 'CARLOS ARTURO OLIVERA CARO', '10157477558', 'JR. LAMPA 1058 DPTO.101', 'CERCADO DE LIMA', 'PROVEEDORES');
INSERT INTO `proveedores` VALUES ('13195', 'I Z FAINGOLD S.A.C.', '20502207378', 'CAL. GERONIMO BALAREZO NRO. 389 DPTO. 302 ', 'CHORRILLOS', 'PROVEEDORES');
INSERT INTO `proveedores` VALUES ('13199', 'VANATEC E.I.R.L.', '20543513301', 'JR. ICA 338 INT-1', 'CERCADO DE LIMA', 'PROVEEDORES');
INSERT INTO `proveedores` VALUES ('13201', 'SISTEMAS INTELIGENTES SAC', '20501729451', 'JUAN JOSE MOSTAJO 293 SANTA CATALINA', 'LA VICTORIA', 'PROVEEDORES');
INSERT INTO `proveedores` VALUES ('13216', 'GRUPO KEBIRA EIRL', '20548124264', 'Av. Los Eucaliptos 960', 'SANTA ANITA', 'PROVEEDORES');
INSERT INTO `proveedores` VALUES ('13227', 'A.B. SEGURIDAD EIRL', '20126239689', 'CALLE MARTIN NAPANGA 232', 'MIRAFLORES', 'PROVEEDORES');
INSERT INTO `proveedores` VALUES ('13246', 'ASOCIACION DE EXPORTADORES', '20100365341', 'AV. JAVIER PRADO ESTE 2875', 'SAN BORJA', 'PROVEEDORES');
INSERT INTO `proveedores` VALUES ('13293', 'BENITO FERNANDEZ URBANO', '10102316521', 'AV. LOS FAISANES NRO. 119 URB. LA CAMPIÑA LIMA ', 'CHORRILLOS', 'PROVEEDORES');
INSERT INTO `proveedores` VALUES ('13704', 'PARIHUELAS & EMBALAJES DEL SUR S.A.C.', '20545660858', 'MZA. A LOTE. 3 ASOC VIVI SANTA ROSA DE V.', 'CHORRILLOS', 'PROVEEDORES');
INSERT INTO `proveedores` VALUES ('13755', 'ANTONIO FERNANDEZ NIETO', '10081407792', 'JR. MIROQUESADA 756 INT-B', 'CERCADO DE LIMA', 'PROVEEDORES');
INSERT INTO `proveedores` VALUES ('13899', 'AUTO PAITA S.C.R.L.', '20484033871', 'CARRETERA PAITA-SULLANA KM. 3 CETICOS LOTE C-7', 'PIURA', 'PROVEEDORES');
INSERT INTO `proveedores` VALUES ('13928', 'INGERTECH S.A.C.', '20523175093', 'AV. LOS FAISANES 379-201 D URBA. LA CAMPIÑA', 'CHORRILLOS', 'PROVEEDORES');
INSERT INTO `proveedores` VALUES ('13934', 'DERCOCENTER S.A.C.', '20548527113', 'AV. NICOLAS AYLLON 2648 ', 'ATE', 'PROVEEDORES');
INSERT INTO `proveedores` VALUES ('14048', 'CONSTRUCCIONES E INVERSIONES ALPAMA S.A.', '20101022944', 'AV. EL SANTUARIO NRO. 1130 INT. C URB. ZARATE ', 'SAN JUAN DE LURIGANCHO', 'PROVEEDORES');
INSERT INTO `proveedores` VALUES ('14050', 'UMA VIDA S.A.C.', '20543816541', 'JR. DE LOS CONQUISTADORES NRO. 548 URB. LAS LOMAS ', 'LA MOLINA', 'PROVEEDORES');
INSERT INTO `proveedores` VALUES ('14056', 'U.S. FOODS & SUPPLY, LLC', '88888888888', '.', 'CERCADO DE LIMA', 'PROVEEDORES');
INSERT INTO `proveedores` VALUES ('14067', 'TRANSEL AGENCIA DE ADUANA S.A.', '20390455080', 'CAL. B NRO. 263 URB. INDUSTRIAL BOCANEGRA ', 'CALLAO', 'PROVEEDORES');
INSERT INTO `proveedores` VALUES ('14077', 'CORPORACION VILLEGAS & HNOS S.A.C.', '20548103267', 'PUNO NRO. 713 ', 'CERCADO DE LIMA', 'PROVEEDORES');
INSERT INTO `proveedores` VALUES ('14089', 'TODO ALTA GAMA E.I.R.L', '20543121488', 'AV. GENERAL CORDOVA NRO. 735 INT. 103 URB. SANTA CRUZ ', 'MIRAFLORES', 'PROVEEDORES');
INSERT INTO `proveedores` VALUES ('14091', 'GREENANDES PERU S.A.C.', '20384083995', 'JR. AMADOR MERINO REYNA NRO. 295 INT. 1001', 'SAN ISIDRO', 'PROVEEDORES');
INSERT INTO `proveedores` VALUES ('14093', 'PIGAL S.A.C', '20547411979', 'CAL. MONTERRICO CHICO NRO. 535 URB. STA. TERESA', 'SANTIAGO DE SURCO', 'PROVEEDORES');

-- ----------------------------
-- Table structure for sysdiagrams
-- ----------------------------
DROP TABLE IF EXISTS `sysdiagrams`;
CREATE TABLE `sysdiagrams` (
  `name` varchar(0) NOT NULL,
  `principal_id` int(11) NOT NULL,
  `diagram_id` int(11) NOT NULL,
  `version` int(11) DEFAULT NULL,
  `definition` longblob,
  PRIMARY KEY (`diagram_id`)
) ENGINE=InnoDB DEFAULT CHARSET=latin1;

-- ----------------------------
-- Records of sysdiagrams
-- ----------------------------
INSERT INTO `sysdiagrams` VALUES ('', '1', '1', '1', 0xD0CF11E0A1B11AE1000000000000000000000000000000003E000300FEFF0900060000000000000000000000010000000100000000000000001000000200000001000000FEFFFFFF0000000000000000FFFFFFFFFFFFFFFFFFFFFFFFFFFFFFFFFFFFFFFFFFFFFFFFFFFFFFFFFFFFFFFFFFFFFFFFFFFFFFFFFFFFFFFFFFFFFFFFFFFFFFFFFFFFFFFFFFFFFFFFFFFFFFFFFFFFFFFFFFFFFFFFFFFFFFFFFFFFFFFFFFFFFFFFFFFFFFFFFFFFFFFFFFFFFFFFFFFFFFFFFFFFFFFFFFFFFFFFFFFFFFFFFFFFFFFFFFFFFFFFFFFFFFFFFFFFFFFFFFFFFFFFFFFFFFFFFFFFFFFFFFFFFFFFFFFFFFFFFFFFFFFFFFFFFFFFFFFFFFFFFFFFFFFFFFFFFFFFFFFFFFFFFFFFFFFFFFFFFFFFFFFFFFFFFFFFFFFFFFFFFFFFFFFFFFFFFFFFFFFFFFFFFFFFFFFFFFFFFFFFFFFFFFFFFFFFFFFFFFFFFFFFFFFFFFFFFFFFFFFFFFFFFFFFFFFFFFFFFFFFFFFFFFFFFFFFFFFFFFFFFFFFFFFFFFFFFFFFFFFFFFFFFFFFFFFFFFFFFFFFFFFFFFFFFFFFFFFFFFFFFFFFFFFFFFFFFFFFFFFFFFFFFFFFFFFFFFFFFFFFFFFFFFFFFFFFFFFFFFFFFFFFFFFFFFFFFFFFFFFFFFFFFFFFFFFFFFFFFFFFFFFFFFFFFFFFFFFFFFFFFFFFFFFFFFFFFFFFFFFFFFFFFFFFFFFFFFFFFFFFFFFFFFFFFFFFFFFFFFFFFFFFFFFFFFFFFFFFFFFFFFFFFFFFFFFFFFFFFFFFFFFFFFFFFFFFFFFFFFFFFFFFFFFFFFFFFFFFFFFFFFFFFFFFFFFFFFFFFFFFFFFFFFFFFFFFFFFFFFFFFFFFFDFFFFFF0A000000FEFFFFFF0400000005000000060000000700000008000000090000000B000000FEFFFFFF0C0000000D0000000E0000000F00000010000000FEFFFFFFFFFFFFFFFFFFFFFFFFFFFFFFFFFFFFFFFFFFFFFFFFFFFFFFFFFFFFFFFFFFFFFFFFFFFFFFFFFFFFFFFFFFFFFFFFFFFFFFFFFFFFFFFFFFFFFFFFFFFFFFFFFFFFFFFFFFFFFFFFFFFFFFFFFFFFFFFFFFFFFFFFFFFFFFFFFFFFFFFFFFFFFFFFFFFFFFFFFFFFFFFFFFFFFFFFFFFFFFFFFFFFFFFFFFFFFFFFFFFFFFFFFFFFFFFFFFFFFFFFFFFFFFFFFFFFFFFFFFFFFFFFFFFFFFFFFFFFFFFFFFFFFFFFFFFFFFFFFFFFFFFFFFFFFFFFFFFFFFFFFFFFFFFFFFFFFFFFFFFFFFFFFFFFFFFFFFFFFFFFFFFFFFFFFFFFFFFFFFFFFFFFFFFFFFFFFFFFFFFFFFFFFFFFFFFFFFFFFFFFFFFFFFFFFFFFFFFFFFFFFFFFFFFFFFFFFFFFFFFFFFFFFFFFFFFFFFFFFFFFFFFFFFFFFFFFFFFFFFFFFFFFFFFFFFFFFFFFFFFFFFFFFFFFFFFFFFFFFFFFFFFFFFFFFFFFFFFFFFFFFFFFFFFFFFFFFFFFFFFFFFFFFFFFFFFFFFFFFFFFFFFFFFFFFFFFFFFFFFFFFFFFFFFFFFFFFFFFFFFFFFFFFFFFFFFFFFFFFFFFFFFFFFFFFFFFFFFFFFFFFFFFFFFFFFFFFFFFFFFFFFFFFFFFFFFFFFFFFFFFFFFFFFFFFFFFFFFFFFFFFFFFFFFFFFFFFFFFFFFFFFFFFFFFFFFFFFFFFFFFFFFFFFFFFFFFFFFFFFFFFFFFFFFFFFFFFFFFFFFFFFFFFFFFFFFFFFFFFFFFFFFFFFFFFFFFFFFFFFFFFFFFFFFFFF52006F006F007400200045006E00740072007900000000000000000000000000000000000000000000000000000000000000000000000000000000000000000016000500FFFFFFFFFFFFFFFF020000000000000000000000000000000000000000000000000000000000000040BC83A44A05D0010300000000190000000000006600000000000000000000000000000000000000000000000000000000000000000000000000000000000000000000000000000000000000000000000000000004000201FFFFFFFFFFFFFFFFFFFFFFFF000000000000000000000000000000000000000000000000000000000000000000000000000000007A010000000000006F000000000000000000000000000000000000000000000000000000000000000000000000000000000000000000000000000000000000000000000000000000040002010100000004000000FFFFFFFF000000000000000000000000000000000000000000000000000000000000000000000000060000009A0A000000000000010043006F006D0070004F0062006A0000000000000000000000000000000000000000000000000000000000000000000000000000000000000000000000000012000201FFFFFFFFFFFFFFFFFFFFFFFF000000000000000000000000000000000000000000000000000000000000000000000000310000005F000000000000000100000002000000030000000400000005000000FEFFFFFF0700000008000000090000000A0000000B0000000C0000000D0000000E0000000F000000100000001100000012000000130000001400000015000000160000001700000018000000190000001A0000001B0000001C0000001D0000001E0000001F000000200000002100000022000000230000002400000025000000260000002700000028000000290000002A0000002B0000002C0000002D0000002E0000002F00000030000000FEFFFFFF32000000FEFFFFFF3400000035000000360000003700000038000000390000003A0000003B0000003C0000003D0000003E0000003F000000400000004100000042000000430000004400000045000000460000004700000048000000490000004A0000004B0000004C0000004D0000004E0000004F000000500000005100000052000000530000005400000055000000FEFFFFFFFEFFFFFF58000000590000005A0000005B0000005C0000005D0000005E0000005F000000600000006100000062000000FEFFFFFFFEFFFFFFFFFFFFFFFFFFFFFFFFFFFFFFFFFFFFFFFFFFFFFFFFFFFFFFFFFFFFFFFFFFFFFFFFFFFFFFFFFFFFFFFFFFFFFFFFFFFFFFFFFFFFFFFFFFFFFFFFFFFFFFFFFFFFFFFFFFFFFFFFFFFFFFFFFFFFFFFFFFFFFFFFFFFFFFFFFFFFFFFFFFFFFFFFFFFFFFFFFFFFFFFFFFFFFFFFFFFFFFFFFFFFFF000430000A1E100C05000080040000000F00FFFF04000000007D0000C2700000E6490000959E0000305C000019180000C5F5FFFFDE805B10F195D011B0A000AA00BDCB5C0000080030000000000200000100000038002B00000009000000D9E6B0E91C81D011AD5100A0C90F5739F43B7F847F61C74385352986E1D552F8A0327DB2D86295428D98273C25A2DA2D04000000E40000000084010000003800A50900000700008001000000AE020000008000000E0000805363684772696400A041000000000000646574616C6C655F70656469646F000000003000A50900000700008002000000A002000000800000070000805363684772696400D02000000000000070656469646F730000003400A50900000700008003000000A402000000800000090000805363684772696400706200000000000070726F647563746F73006D0000003400A50900000700008004000000A8020000008000000B0000805363684772696400000000000000000070726F766565646F726573000000000000002143341208000000151500003A10000078563412070000001401000064006500740061006C006C0065005F00700065006400690064006F00000000000100000000000000000000000000000000000000060000000A000000000000000000000000000000000000000000000001000000030000000000000000000000000000000000000000000000010000000100000000000000000000000000000000000000000000000000000000000000000000000000000000000000E45EDB746C98C60E6C98C60E000000000000000000000000040000000000000000000000010000000300000000000000A098C60E0000000000000000B098C60EFEFFFFFF000000000C000000020000000100000000000000000000000100000005000000540000002C0000002C0000002C0000003400000000000000000000009624000077140000000000002D010000070000000C000000070000001C010000BC07000054060000D0020000840300007602000038040000460500002A03000046050000AE060000920400000000000001000000151500003A10000000000000050000000500000002000000020000001C010000AB0900000000000001000000C7110000FF05000000000000010000000100000002000000020000001C010000BC0700000100000000000000C7110000ED03000000000000000000000000000002000000020000001C010000BC0700000000000000000000072C0000DE20000000000000000000000D00000004000000040000001C010000BC07000024090000A005000078563412040000006600000001000000010000000B000000000000000100000002000000030000000400000005000000060000000700000008000000090000000A00000004000000640062006F0000000F00000064006500740061006C006C0065005F00700065006400690064006F00000021433412080000001515000020350000785634120700000014010000700065006400690064006F0073000000560065007200730069006F006E003D0032002E0030002E0030002E0030002C002000430075006C0074007500720065003D006E00650075007400720061006C002C0020005000750062006C00690063004B006500790054006F006B0065006E003D0062003700370061003500630035003600310039003300340065003000380039000000000000000000000000000000000000000000000000000000000000000000000000000000000000000000000000000000000000000000000000000000000000000000000000000000000000000000000000000000000000000000000000000000000000000100000005000000540000002C0000002C0000002C00000034000000000000000000000096240000DE200000000000002D0100000D0000000C000000070000001C010000BC07000054060000D0020000840300007602000038040000460500002A03000046050000AE060000920400000000000001000000151500002035000000000000160000000C00000002000000020000001C010000AB0900000000000001000000C7110000210A000000000000030000000300000002000000020000001C010000BC0700000100000000000000C7110000ED03000000000000000000000000000002000000020000001C010000BC0700000000000000000000072C0000DE20000000000000000000000D00000004000000040000001C010000BC07000024090000A005000078563412040000005800000001000000010000000B000000000000000100000002000000030000000400000005000000060000000700000008000000090000000A00000004000000640062006F00000008000000700065006400690064006F00730000002143341208000000151500009D2E0000785634120700000014010000700072006F0064007500630074006F0073000000560069007300750061006C00530074007500640069006F002E00440065007300690067006E002C002000560065007200730069006F006E003D0032002E0030002E0030002E0030002C002000430075006C0074007500720065003D006E00650075007400720061006C002C0020005000750062006C00690063004B006500790054006F006B0065006E003D00620030003300660035006600370066003100310064003500300061003300610000000000000000000000000000000000000000000000000000000000000000000000000000000000000000000000000000000000000000000100000005000000540000002C0000002C0000002C00000034000000000000000000000096240000DE200000000000002D0100000D0000000C000000070000001C010000BC07000054060000D0020000840300007602000038040000460500002A03000046050000AE060000920400000000000001000000151500009D2E000000000000130000000C00000002000000020000001C010000AB0900000000000001000000C7110000FF05000000000000010000000100000002000000020000001C010000BC0700000100000000000000C7110000ED03000000000000000000000000000002000000020000001C010000BC0700000000000000000000072C0000DE20000000000000000000000D00000004000000040000001C010000BC07000024090000A005000078563412040000005C00000001000000010000000B000000000000000100000002000000030000000400000005000000060000000700000008000000090000000A00000004000000640062006F0000000A000000700072006F0064007500630074006F007300000021433412080000001515000066120000785634120700000014010000700072006F0076006500650064006F0072006500730000006C006500720073002C002000430075006C0074007500720065003D006E00650075007400720061006C002C0020005000750062006C00690063004B006500790054006F006B0065006E003D0062003000330066003500660037006600310031006400350030006100330061002C002000560065007200730069006F006E003D0032002E0030002E0030002E003000000000000000000000000000000000000000000000000000000000000000000000000000000000000000000000000000000000000000000000000000000000000000000000000000000000000000000000000100000005000000540000002C0000002C0000002C0000003400000000000000000000009624000088160000000000002D010000080000000C000000070000001C010000BC07000054060000D0020000840300007602000038040000460500002A03000046050000AE060000920400000000000001000000151500006612000000000000060000000600000002000000020000001C010000AB0900000000000001000000C7110000FF05000000000000010000000100000002000000020000001C010000BC0700000100000000000000C7110000ED03000000000000000000000000000002000000020000001C010000BC0700000000000000000000072C0000DE20000000000000000000000D00000004000000040000001C010000BC07000024090000A005000078563412040000006000000001000000010000000B000000000000000100000002000000030000000400000005000000060000000700000008000000090000000A00000004000000640062006F0000000C000000700072006F0076006500650064006F00720065007300000000000000000000000000000000000000000000000000000000000000000000000000000000000100FEFF030A0000FFFFFFFF00000000000000000000000000000000170000004D6963726F736F66742044445320466F726D20322E300010000000456D626564646564204F626A6563740000000000F439B2710000000000000000000000000000000000000000000000000000000000000000000000000000000000000000000C00000019180000C5F5FFFF0100260000007300630068005F006C006100620065006C0073005F00760069007300690062006C0065000000010000000B0000001E000000000000000000000000000000000000006400000000000000000000000000000000000000000000000000010000000100000000000000000000000000000000000000D00200000600280000004100630074006900760065005400610062006C00650056006900650077004D006F006400650000000100000008000400000031000000200000005400610062006C00650056006900650077004D006F00640065003A00300000000100000008003A00000034002C0030002C003200380034002C0030002C0031003900380030002C0031002C0031003600320030002C0035002C0031003000380030000000200000005400610062006C006500560069000300440064007300530074007200650061006D000000000000000000000000000000000000000000000000000000000000000000000000000000000000000000160002000300000006000000FFFFFFFF00000000000000000000000000000000000000000000000000000000000000000000000033000000B20800000000000053006300680065006D00610020005500440056002000440065006600610075006C0074000000000000000000000000000000000000000000000000000000000026000200FFFFFFFFFFFFFFFFFFFFFFFF000000000000000000000000000000000000000000000000000000000000000000000000560000001600000000000000440053005200450046002D0053004300480045004D0041002D0043004F004E00540045004E0054005300000000000000000000000000000000000000000000002C0002010500000007000000FFFFFFFF00000000000000000000000000000000000000000000000000000000000000000000000057000000E80200000000000053006300680065006D00610020005500440056002000440065006600610075006C007400200050006F007300740020005600360000000000000000000000000036000200FFFFFFFFFFFFFFFFFFFFFFFF000000000000000000000000000000000000000000000000000000000000000000000000630000001200000000000000650077004D006F00640065003A00310000000100000008001E00000032002C0030002C003200380034002C0030002C0032003400370035000000200000005400610062006C00650056006900650077004D006F00640065003A00320000000100000008001E00000032002C0030002C003200380034002C0030002C0031003900380030000000200000005400610062006C00650056006900650077004D006F00640065003A00330000000100000008001E00000032002C0030002C003200380034002C0030002C0031003900380030000000200000005400610062006C00650056006900650077004D006F00640065003A00340000000100000008003E00000034002C0030002C003200380034002C0030002C0031003900380030002C00310032002C0032003300340030002C00310031002C0031003400340030000000020000000200000000000000000000000000000000000000D00200000600280000004100630074006900760065005400610062006C00650056006900650077004D006F006400650000000100000008000400000031000000200000005400610062006C00650056006900650077004D006F00640065003A00300000000100000008003A00000034002C0030002C003200380034002C0030002C0031003900380030002C0031002C0031003600320030002C0035002C0031003000380030000000200000005400610062006C00650056006900650077004D006F00640065003A00310000000100000008001E00000032002C0030002C003200380034002C0030002C0032003400370035000000200000005400610062006C00650056006900650077004D006F00640065003A00320000000100000008001E00000032002C0030002C003200380034002C0030002C0031003900380030000000200000005400610062006C00650056006900650077004D006F00640065003A00330000000100000008001E00000032002C0030002C003200380034002C0030002C0031003900380030000000200000005400610062006C00650056006900650077004D006F00640065003A00340000000100000008003E00000034002C0030002C003200380034002C0030002C0031003900380030002C00310032002C0032003300340030002C00310031002C0031003400340030000000030000000300000000000000000000000000000000000000D00200000600280000004100630074006900760065005400610062006C00650056006900650077004D006F006400650000000100000008000400000031000000200000005400610062006C00650056006900650077004D006F00640065003A00300000000100000008003A00000034002C0030002C003200380034002C0030002C0031003900380030002C0031002C0031003600320030002C0035002C0031003000380030000000200000005400610062006C00650056006900650077004D006F00640065003A00310000000100000008001E00000032002C0030002C003200380034002C0030002C0032003400370035000000200000005400610062006C00650056006900650077004D006F00640065003A00320000000100000008001E00000032002C0030002C003200380034002C0030002C0031003900380030000000200000005400610062006C00650056006900650077004D006F00640065003A00330000000100000008001E00000032002C0030002C003200380034002C0030002C0031003900380030000000200000005400610062006C00650056006900650077004D006F00640065003A00340000000100000008003E00000034002C0030002C003200380034002C0030002C0031003900380030002C00310032002C0032003300340030002C00310031002C0031003400340030000000040000000400000000000000000000000000000000000000D00200000600280000004100630074006900760065005400610062006C00650056006900650077004D006F006400650000000100000008000400000031000000200000005400610062006C00650056006900650077004D006F00640065003A00300000000100000008003A00000034002C0030002C003200380034002C0030002C0031003900380030002C0031002C0031003600320030002C0035002C0031003000380030000000200000005400610062006C00650056006900650077004D006F00640065003A00310000000100000008001E00000032002C0030002C003200380034002C0030002C0032003400370035000000200000005400610062006C00650056006900650077004D006F00640065003A00320000000100000008001E00000032002C0030002C003200380034002C0030002C0031003900380030000000200000005400610062006C00650056006900650077004D006F00640065003A00330000000100000008001E00000032002C0030002C003200380034002C0030002C0031003900380030000000200000005400610062006C00650056006900650077004D006F00640065003A00340000000100000008003E00000034002C0030002C003200380034002C0030002C0031003900380030002C00310032002C0032003300340030002C00310031002C0031003400340030000000000000000000000000000000000000000000010003000000000000000C0000000B0000004E61BC00000000000000000000000000000000000000000000000000000000000000000000000000000000000000DBE6B0E91C81D011AD5100A0C90F573900000200302481A44A05D001020200001048450000000000000000000000000000000000820100004400610074006100200053006F0075007200630065003D0052004F0053004900540041005C00530051004C00450058005000520045005300530032003000300038003B0049006E0069007400690061006C00200043006100740061006C006F0067003D006500720070005F006C00610072006100760065006C003B0049006E00740065006700720061007400650064002000530065006300750072006900740079003D0054007200750065003B004D0075006C007400690070006C00650041006300740069007600650052006500730075006C00740053006500740073003D00460061006C00730065003B005000610063006B00650074002000530069007A0065003D0034003000390036003B004100700070006C00690063006100740069006F006E0020004E0061006D0065003D0022004D006900630072006F0073006F00660074002000530051004C00200053006500720076006500720020004D0061006E006100670065006D0065006E0074002000530074007500640069006F002200000000800500140000004400690061006700720061006D005F0030000000000226001E00000064006500740061006C006C0065005F00700065006400690064006F00000008000000640062006F0000000002260010000000700065006400690064006F007300000008000000640062006F0000000002260014000000700072006F0064007500630074006F007300000008000000640062006F0000000002240018000000700072006F0076006500650064006F00720065007300000008000000640062006F00000001000000D68509B3BB6BF2459AB8371664F0327008004E0000007B00310036003300340043004400440037002D0030003800380038002D0034003200450033002D0039004600410032002D004200360044003300320035003600330042003900310044007D000000000000000000000000000000000000000000000000000000010003000000000000000C0000000B000000000000000000000000000000000000000000000000000000000000000000000000000000000000000000000000000000000000000000000000000000000000000000000000000000000000000000000000000000000000000000000000000000000000000000000000000000000000000000000000000000000000000000000000000000000000000000000000000000000000000000000000000000000000000000000000000000000000000000000000000000000000000000000000000000000000000000000000000000000000000000000000000000000000000000000000000000000000000000000000000000000000000000000000000000000000000000000000000000000000000000000000000000000000000000000000000000000000000000000000000000000062885214);
INSERT INTO `sysdiagrams` VALUES ('', '1', '2', '1', 0xD0CF11E0A1B11AE1000000000000000000000000000000003E000300FEFF0900060000000000000000000000010000000100000000000000001000000200000001000000FEFFFFFF0000000000000000FFFFFFFFFFFFFFFFFFFFFFFFFFFFFFFFFFFFFFFFFFFFFFFFFFFFFFFFFFFFFFFFFFFFFFFFFFFFFFFFFFFFFFFFFFFFFFFFFFFFFFFFFFFFFFFFFFFFFFFFFFFFFFFFFFFFFFFFFFFFFFFFFFFFFFFFFFFFFFFFFFFFFFFFFFFFFFFFFFFFFFFFFFFFFFFFFFFFFFFFFFFFFFFFFFFFFFFFFFFFFFFFFFFFFFFFFFFFFFFFFFFFFFFFFFFFFFFFFFFFFFFFFFFFFFFFFFFFFFFFFFFFFFFFFFFFFFFFFFFFFFFFFFFFFFFFFFFFFFFFFFFFFFFFFFFFFFFFFFFFFFFFFFFFFFFFFFFFFFFFFFFFFFFFFFFFFFFFFFFFFFFFFFFFFFFFFFFFFFFFFFFFFFFFFFFFFFFFFFFFFFFFFFFFFFFFFFFFFFFFFFFFFFFFFFFFFFFFFFFFFFFFFFFFFFFFFFFFFFFFFFFFFFFFFFFFFFFFFFFFFFFFFFFFFFFFFFFFFFFFFFFFFFFFFFFFFFFFFFFFFFFFFFFFFFFFFFFFFFFFFFFFFFFFFFFFFFFFFFFFFFFFFFFFFFFFFFFFFFFFFFFFFFFFFFFFFFFFFFFFFFFFFFFFFFFFFFFFFFFFFFFFFFFFFFFFFFFFFFFFFFFFFFFFFFFFFFFFFFFFFFFFFFFFFFFFFFFFFFFFFFFFFFFFFFFFFFFFFFFFFFFFFFFFFFFFFFFFFFFFFFFFFFFFFFFFFFFFFFFFFFFFFFFFFFFFFFFFFFFFFFFFFFFFFFFFFFFFFFFFFFFFFFFFFFFFFFFFFFFFFFFFFFFFFFFFFFFFFFFFFFFFFFFFFFFFFFFFFFFFFFFFFDFFFFFF0C000000FEFFFFFF0400000005000000060000000700000008000000090000000A0000000B0000000D000000FEFFFFFF0E0000000F00000010000000110000001200000013000000FEFFFFFFFFFFFFFFFFFFFFFFFFFFFFFFFFFFFFFFFFFFFFFFFFFFFFFFFFFFFFFFFFFFFFFFFFFFFFFFFFFFFFFFFFFFFFFFFFFFFFFFFFFFFFFFFFFFFFFFFFFFFFFFFFFFFFFFFFFFFFFFFFFFFFFFFFFFFFFFFFFFFFFFFFFFFFFFFFFFFFFFFFFFFFFFFFFFFFFFFFFFFFFFFFFFFFFFFFFFFFFFFFFFFFFFFFFFFFFFFFFFFFFFFFFFFFFFFFFFFFFFFFFFFFFFFFFFFFFFFFFFFFFFFFFFFFFFFFFFFFFFFFFFFFFFFFFFFFFFFFFFFFFFFFFFFFFFFFFFFFFFFFFFFFFFFFFFFFFFFFFFFFFFFFFFFFFFFFFFFFFFFFFFFFFFFFFFFFFFFFFFFFFFFFFFFFFFFFFFFFFFFFFFFFFFFFFFFFFFFFFFFFFFFFFFFFFFFFFFFFFFFFFFFFFFFFFFFFFFFFFFFFFFFFFFFFFFFFFFFFFFFFFFFFFFFFFFFFFFFFFFFFFFFFFFFFFFFFFFFFFFFFFFFFFFFFFFFFFFFFFFFFFFFFFFFFFFFFFFFFFFFFFFFFFFFFFFFFFFFFFFFFFFFFFFFFFFFFFFFFFFFFFFFFFFFFFFFFFFFFFFFFFFFFFFFFFFFFFFFFFFFFFFFFFFFFFFFFFFFFFFFFFFFFFFFFFFFFFFFFFFFFFFFFFFFFFFFFFFFFFFFFFFFFFFFFFFFFFFFFFFFFFFFFFFFFFFFFFFFFFFFFFFFFFFFFFFFFFFFFFFFFFFFFFFFFFFFFFFFFFFFFFFFFFFFFFFFFFFFFFFFFFFFFFFFFFFFFFFFFFFFFFFFFFFFFFFFFFFFFFFFFFFFFFF52006F006F007400200045006E00740072007900000000000000000000000000000000000000000000000000000000000000000000000000000000000000000016000500FFFFFFFFFFFFFFFF0200000000000000000000000000000000000000000000000000000000000000F02890504D05D00103000000C01F0000000000006600000000000000000000000000000000000000000000000000000000000000000000000000000000000000000000000000000000000000000000000000000004000201FFFFFFFFFFFFFFFFFFFFFFFF00000000000000000000000000000000000000000000000000000000000000000000000000000000D6030000000000006F000000000000000000000000000000000000000000000000000000000000000000000000000000000000000000000000000000000000000000000000000000040002010100000004000000FFFFFFFF00000000000000000000000000000000000000000000000000000000000000000000000010000000D70C000000000000010043006F006D0070004F0062006A0000000000000000000000000000000000000000000000000000000000000000000000000000000000000000000000000012000201FFFFFFFFFFFFFFFFFFFFFFFF000000000000000000000000000000000000000000000000000000000000000000000000440000005F000000000000000100000002000000030000000400000005000000060000000700000008000000090000000A0000000B0000000C0000000D0000000E0000000F000000FEFFFFFF1100000012000000130000001400000015000000160000001700000018000000190000001A0000001B0000001C0000001D0000001E0000001F000000200000002100000022000000230000002400000025000000260000002700000028000000290000002A0000002B0000002C0000002D0000002E0000002F000000300000003100000032000000330000003400000035000000360000003700000038000000390000003A0000003B0000003C0000003D0000003E0000003F00000040000000410000004200000043000000FEFFFFFF45000000FEFFFFFF4700000048000000490000004A0000004B0000004C0000004D0000004E0000004F000000500000005100000052000000530000005400000055000000560000005700000058000000590000005A0000005B0000005C0000005D0000005E0000005F000000600000006100000062000000630000006400000065000000660000006700000068000000690000006A0000006B0000006C0000006D0000006E0000006F00000070000000FEFFFFFFFEFFFFFF730000007400000075000000760000007700000078000000790000007A0000007B0000007C0000007D000000FEFFFFFFFEFFFFFFFFFFFFFF000430000A1E100C050000800D0000000F00FFFF0D000000007D0000C2700000E6490000B19100007E610000450300008AE9FFFFDE805B10F195D011B0A000AA00BDCB5C000008003000000000020000030000003C006B0000000900000000000000D9E6B0E91C81D011AD5100A0C90F5739F43B7F847F61C74385352986E1D552F8A0327DB2D86295428D98273C25A2DA2D00002800430000000000000053444DD2011FD1118E63006097D2DF4834C9D2777977D811907000065B840D9C00002800430000000000000051444DD2011FD1118E63006097D2DF4834C9D2777977D811907000065B840D9C0A000000E4020000008A010000003800A50900000700008001000000AE020000008000000E00008053636847726964897A58000056130000646574616C6C655F70656469646F000000003000A50900000700008002000000A0020000008000000700008053636847726964004038000012FDFFFF70656469646F730000003400A50900000700008003000000A402000000800000090000805363684772696400EE0200006AFFFFFF70726F647563746F7300000000003400A50900000700008004000000A8020000008000000B00008053636847726964003A200000201C000070726F766565646F7265730000007800A5090000070000800800000062000000018000004D000080436F6E74726F6C00D71600004D18000052656C6174696F6E736869702027464B5F70726F647563746F735F70726F766565646F72657327206265747765656E202770726F766565646F7265732720616E64202770726F647563746F732700010800002800B50100000700008009000000310000006300000002800000436F6E74726F6C00350D00009736000000007800A5090000070000800A00000052000000018000004F000080436F6E74726F6C00294C00009B17000052656C6174696F6E736869702027464B5F646574616C6C655F70656469646F5F70656469646F7327206265747765656E202770656469646F732720616E642027646574616C6C655F70656469646F270000002800B5010000070000800B000000310000006500000002800000436F6E74726F6C00874B0000E119000000008000A5090000070000800C000000520000000180000056000080436F6E74726F6C00D71600005512000052656C6174696F6E736869702027464B5F5F646574616C6C655F705F5F70726F64755F5F323142363035354427206265747765656E202770726F647563746F732720616E642027646574616C6C655F70656469646F27000000002800B5010000070000800D000000310000006F00000002800000436F6E74726F6C00B92E00009B1400000000000000000000000000000000000000000000000000000000000000000000000000000000000000002143341208000000151500003A10000078563412070000001401000064006500740061006C006C0065005F00700065006400690064006F0000006C00530074007500640069006F002E00440065007300690067006E002C002000560065007200730069006F006E003D0032002E0030002E0030002E0030002C002000430075006C0074007500720065003D006E00650075007400720061006C002C0020005000750062006C00690063004B006500790054006F006B0065006E003D00620030003300660035006600370066003100310064003500300061003300610000000000000000000000000000000000000000000000000000000000000000000000000000000000000000000000000000000000000000000100000005000000540000002C0000002C0000002C0000003400000000000000000000009624000077140000000000002D010000070000000C000000070000001C010000BC07000054060000D0020000840300007602000038040000460500002A03000046050000AE060000920400000000000001000000151500003A10000000000000050000000500000002000000020000001C010000AB0900000000000001000000C7110000FF05000000000000010000000100000002000000020000001C010000BC0700000100000000000000C7110000ED03000000000000000000000000000002000000020000001C010000BC0700000000000000000000072C0000DE20000000000000000000000D00000004000000040000001C010000BC07000024090000A005000078563412040000006600000001000000010000000B000000000000000100000002000000030000000400000005000000060000000700000008000000090000000A00000004000000640062006F0000000F00000064006500740061006C006C0065005F00700065006400690064006F00000021433412080000001515000020350000785634120700000014010000700065006400690064006F0073000000000000000000000000000000050000000100000000000000000000000000000000000000060000000A000000000000000000000000000000000000000000000001000000030000000000000000000000000000000000000000000000010000000100000000000000000000000000000000000000000000000000000000000000000000000000000000000000E45EDB74EC82C60EEC82C60E0000000000000000000000000400000000000000000000000100000003000000000000002083C60E00000000000000003083C60EFEFFFFFF000000000C000000020000000100000000000000000000000100000005000000540000002C0000002C0000002C00000034000000000000000000000096240000DE200000000000002D0100000D0000000C000000070000001C010000BC07000054060000D0020000840300007602000038040000460500002A03000046050000AE060000920400000000000001000000151500002035000000000000160000000C00000002000000020000001C010000AB0900000000000001000000C7110000210A000000000000030000000300000002000000020000001C010000BC0700000100000000000000C7110000ED03000000000000000000000000000002000000020000001C010000BC0700000000000000000000072C0000DE20000000000000000000000D00000004000000040000001C010000BC07000024090000A005000078563412040000005800000001000000010000000B000000000000000100000002000000030000000400000005000000060000000700000008000000090000000A00000004000000640062006F00000008000000700065006400690064006F00730000002143341208000000151500009D2E0000785634120700000014010000700072006F0064007500630074006F00730000007200730069006F006E003D0032002E0030002E0030002E0030002C002000430075006C0074007500720065003D006E00650075007400720061006C002C0020005000750062006C00690063004B006500790054006F006B0065006E003D0062003700370061003500630035003600310039003300340065003000380039000000000000000000000000000000000000000000000000000000000000000000000000000000000000000000000000000000000000000000000000000000000000000000000000000000000000000000000000000000000000000000000000000000000000000100000005000000540000002C0000002C0000002C00000034000000000000000000000096240000DE200000000000002D0100000D0000000C000000070000001C010000BC07000054060000D0020000840300007602000038040000460500002A03000046050000AE060000920400000000000001000000151500009D2E000000000000130000000C00000002000000020000001C010000AB0900000000000001000000C7110000FF05000000000000010000000100000002000000020000001C010000BC0700000100000000000000C7110000ED03000000000000000000000000000002000000020000001C010000BC0700000000000000000000072C0000DE20000000000000000000000D00000004000000040000001C010000BC07000024090000A005000078563412040000005C00000001000000010000000B000000000000000100000002000000030000000400000005000000060000000700000008000000090000000A00000004000000640062006F0000000A000000700072006F0064007500630074006F0073000000214334120800000016150000411A0000785634120700000014010000700072006F0076006500650064006F00720065007300000000000000050000000100000000000000000000000000000000000000060000000A000000000000000000000000000000000000000000000001000000030000000000000000000000000000000000000000000000010000000100000000000000000000000000000000000000000000000000000000000000000000000000000000000000E45EDB749C85C60E9C85C60E000000000000000000000000040000000000000000000000010000000300000000000000D085C60E0000000000000000E085C60EFEFFFFFF000000000C000000020000000100000000000000000000000100000005000000540000002C0000002C0000002C0000003400000000000000000000009624000088160000000000002D010000080000000C000000070000001C010000BC07000054060000D0020000840300007602000038040000460500002A03000046050000AE06000092040000000000000100000016150000411A000000000000060000000600000002000000020000001C010000AB0900000000000001000000C7110000FF05000000000000010000000100000002000000020000001C010000BC0700000100000000000000C7110000ED03000000000000000000000000000002000000020000001C010000BC0700000000000000000000072C0000DE20000000000000000000000D00000004000000040000001C010000BC07000024090000A005000078563412040000006000000001000000010000000B000000000000000100000002000000030000000400000005000000060000000700000008000000090000000A00000004000000640062006F0000000C000000700072006F0076006500650064006F00720065007300000004000B003A200000E8350000121A0000E8350000121A0000C819000003180000C81900000000000002000000F0F0F00000000000000000000000000000000000010000000900000000000000350D000097360000FB0E0000580100000A000000010000020000FB0E000058010000020000000000050000800800008001000000150001000000900144420100065461686F6D61180046004B005F00700072006F0064007500630074006F0073005F00700072006F0076006500650064006F0072006500730002000B00554D0000321900007A580000321900000000000002000000F0F0F00000000000000000000000000000000000010000000B00000000000000874B0000E1190000C10E00005801000032000000010000020000C10E000058010000020000000000FFFFFF000800008001000000150001000000900144420100065461686F6D61190046004B005F0064006500740061006C006C0065005F00700065006400690064006F005F00700065006400690064006F00730002000B0003180000EC1300007A580000EC1300000000000002000000F0F0F00000000000000000000000000000000000010000000D00000000000000B92E00009B1400000913000058010000320000000100000200000913000058010000020000000000FFFFFF000800008001000000150001000000900144420100065461686F6D611E0046004B005F005F0064006500740061006C006C0065005F0070005F005F00700072006F00640075005F005F003200310042003600300035003500440000000000000000000000000000000000000000000000000000000000000000000000000000000000000100FEFF030A0000FFFFFFFF00000000000000000000000000000000170000004D6963726F736F66742044445320466F726D20322E300010000000456D626564646564204F626A6563740000000000F439B2710000000000000000000000000000000000000000000000000000000000000000000000000000000000000000000C000000450300008AE9FFFF0100260000007300630068005F006C006100620065006C0073005F00760069007300690062006C0065000000010000000B0000001E0000000000000000000000000000000000000064000000000000000000000000000000000000000000000000000100000001000000000000000000000000000300440064007300530074007200650061006D000000000000000000000000000000000000000000000000000000000000000000000000000000000000000000160002000300000006000000FFFFFFFF00000000000000000000000000000000000000000000000000000000000000000000000046000000910A00000000000053006300680065006D00610020005500440056002000440065006600610075006C0074000000000000000000000000000000000000000000000000000000000026000200FFFFFFFFFFFFFFFFFFFFFFFF000000000000000000000000000000000000000000000000000000000000000000000000710000001600000000000000440053005200450046002D0053004300480045004D0041002D0043004F004E00540045004E0054005300000000000000000000000000000000000000000000002C0002010500000007000000FFFFFFFF00000000000000000000000000000000000000000000000000000000000000000000000072000000E80200000000000053006300680065006D00610020005500440056002000440065006600610075006C007400200050006F007300740020005600360000000000000000000000000036000200FFFFFFFFFFFFFFFFFFFFFFFF0000000000000000000000000000000000000000000000000000000000000000000000007E0000001200000000000000000000000000D00200000600280000004100630074006900760065005400610062006C00650056006900650077004D006F006400650000000100000008000400000031000000200000005400610062006C00650056006900650077004D006F00640065003A00300000000100000008003A00000034002C0030002C003200380034002C0030002C0031003900380030002C0031002C0031003600320030002C0035002C0031003000380030000000200000005400610062006C00650056006900650077004D006F00640065003A00310000000100000008001E00000032002C0030002C003200380034002C0030002C0032003400370035000000200000005400610062006C00650056006900650077004D006F00640065003A00320000000100000008001E00000032002C0030002C003200380034002C0030002C0031003900380030000000200000005400610062006C00650056006900650077004D006F00640065003A00330000000100000008001E00000032002C0030002C003200380034002C0030002C0031003900380030000000200000005400610062006C00650056006900650077004D006F00640065003A00340000000100000008003E00000034002C0030002C003200380034002C0030002C0031003900380030002C00310032002C0032003300340030002C00310031002C0031003400340030000000020000000200000000000000000000000000000000000000D00200000600280000004100630074006900760065005400610062006C00650056006900650077004D006F006400650000000100000008000400000031000000200000005400610062006C00650056006900650077004D006F00640065003A00300000000100000008003A00000034002C0030002C003200380034002C0030002C0031003900380030002C0031002C0031003600320030002C0035002C0031003000380030000000200000005400610062006C00650056006900650077004D006F00640065003A00310000000100000008001E00000032002C0030002C003200380034002C0030002C0032003400370035000000200000005400610062006C00650056006900650077004D006F00640065003A00320000000100000008001E00000032002C0030002C003200380034002C0030002C0031003900380030000000200000005400610062006C00650056006900650077004D006F00640065003A00330000000100000008001E00000032002C0030002C003200380034002C0030002C0031003900380030000000200000005400610062006C00650056006900650077004D006F00640065003A00340000000100000008003E00000034002C0030002C003200380034002C0030002C0031003900380030002C00310032002C0032003300340030002C00310031002C0031003400340030000000030000000300000000000000000000000000000000000000D00200000600280000004100630074006900760065005400610062006C00650056006900650077004D006F006400650000000100000008000400000031000000200000005400610062006C00650056006900650077004D006F00640065003A00300000000100000008003A00000034002C0030002C003200380034002C0030002C0031003900380030002C0031002C0031003600320030002C0035002C0031003000380030000000200000005400610062006C00650056006900650077004D006F00640065003A00310000000100000008001E00000032002C0030002C003200380034002C0030002C0032003400370035000000200000005400610062006C00650056006900650077004D006F00640065003A00320000000100000008001E00000032002C0030002C003200380034002C0030002C0031003900380030000000200000005400610062006C00650056006900650077004D006F00640065003A00330000000100000008001E00000032002C0030002C003200380034002C0030002C0031003900380030000000200000005400610062006C00650056006900650077004D006F00640065003A00340000000100000008003E00000034002C0030002C003200380034002C0030002C0031003900380030002C00310032002C0032003300340030002C00310031002C0031003400340030000000040000000400000000000000000000000000000000000000D00200000600280000004100630074006900760065005400610062006C00650056006900650077004D006F006400650000000100000008000400000031000000200000005400610062006C00650056006900650077004D006F00640065003A00300000000100000008003A00000034002C0030002C003200380034002C0030002C0031003900380030002C0031002C0031003600320030002C0035002C0031003000380030000000200000005400610062006C00650056006900650077004D006F00640065003A00310000000100000008001E00000032002C0030002C003200380034002C0030002C0032003400370035000000200000005400610062006C00650056006900650077004D006F00640065003A00320000000100000008001E00000032002C0030002C003200380034002C0030002C0031003900380030000000200000005400610062006C00650056006900650077004D006F00640065003A00330000000100000008001E00000032002C0030002C003200380034002C0030002C0031003900380030000000200000005400610062006C00650056006900650077004D006F00640065003A00340000000100000008003E00000034002C0030002C003200380034002C0030002C0031003900380030002C00310032002C0032003300340030002C00310031002C0031003400340030000000080000000800000000000000420000000113305C01000000640062006F00000046004B005F00700072006F0064007500630074006F0073005F00700072006F0076006500650064006F0072006500730000000000000000000000C402000000000900000009000000080000000800000001292713A82927130000000000000000AD0700000000000A0000000A00000000000000440000000100610001000000640062006F00000046004B005F0064006500740061006C006C0065005F00700065006400690064006F005F00700065006400690064006F00730000000000000000000000C402000000000B0000000B0000000A00000008000000012D2713A82D27130000000000000000AD0700000000000C0000000C000000000000004E00000001C6CA0801000000640062006F00000046004B005F005F0064006500740061006C006C0065005F0070005F005F00700072006F00640075005F005F003200310042003600300035003500440000000000000000000000C402000000000D0000000D0000000C0000000800000001212713682127130000000000000000AD0F00000100000F0000000A0000000200000001000000A5000000580000000C00000003000000010000008B000000460000000800000004000000030000009C0000009F0000000000000000000000000000000000000000000000000000000000000000000000000000000000000000000000000000010003000000000000000C0000000B0000004E61BC00000000000000000000000000000000000000000000000000000000000000000000000000000000000000DBE6B0E91C81D011AD5100A0C90F57390000020080178F504D05D001020200001048450000000000000000000000000000000000820100004400610074006100200053006F0075007200630065003D0052004F0053004900540041005C00530051004C00450058005000520045005300530032003000300038003B0049006E0069007400690061006C00200043006100740061006C006F0067003D006500720070005F006C00610072006100760065006C003B0049006E00740065006700720061007400650064002000530065006300750072006900740079003D0054007200750065003B004D0075006C007400690070006C00650041006300740069007600650052006500730075006C00740053006500740073003D00460061006C00730065003B005000610063006B00650074002000530069007A0065003D0034003000390036003B004100700070006C00690063006100740069006F006E0020004E0061006D0065003D0022004D006900630072006F0073006F00660074002000530051004C00200053006500720076006500720020004D0061006E006100670065006D0065006E0074002000530074007500640069006F002200000000800500140000004400690061006700720061006D005F00310000000002260018000000700072006F0076006500650064006F00720065007300000008000000640062006F0000000002260014000000700072006F0064007500630074006F007300000008000000640062006F0000000002260010000000700065006400690064006F007300000008000000640062006F000000000224001E00000064006500740061006C006C0065005F00700065006400690064006F00000008000000640062006F00000001000000D68509B3BB6BF2459AB8371664F0327008004E0000007B00310036003300340043004400440037002D0030003800380038002D0034003200450033002D0039004600410032002D004200360044003300320035003600330042003900310044007D000000000000000000000000000000000000000000000000000000010003000000000000000C0000000B000000000000000000000000000000000000000000000000000000000000000000000000000000000000000000000000000000000000000000000000000000000000000000000000000000000000000000000000000000000000000000000000000000000000000000000000000000000062885214);

-- ----------------------------
-- Table structure for users
-- ----------------------------
DROP TABLE IF EXISTS `users`;
CREATE TABLE `users` (
  `id` int(11) NOT NULL AUTO_INCREMENT,
  `user` varchar(100) DEFAULT NULL,
  `password` varchar(100) DEFAULT NULL,
  `updated_at` varchar(100) DEFAULT NULL,
  `created_at` varchar(100) DEFAULT NULL,
  `remember_token` varchar(200) DEFAULT NULL,
  PRIMARY KEY (`id`)
) ENGINE=InnoDB AUTO_INCREMENT=2 DEFAULT CHARSET=latin1;

-- ----------------------------
-- Records of users
-- ----------------------------
INSERT INTO `users` VALUES ('1', 'mario', '$2y$10$LyeIatmQjl6YYd0pQbt4CuKg1S4lR0BmXtCnTI/6DHMuZ/ivunbsy', '2015-06-14 01:30:23', '2015-06-14 01:23:51', 'l4habflvBXRlnXpJkVbC9eVZ6hTST49jmzgYWqRbEFr88T1Gx0B7TAk027ex');
